CellSize,CellShape,NucleusDensity,ChromatinTexture,CytoplasmSize,CellAdhesion,MitosisRate,NuclearMembrane,GrowthFactor,OxygenSaturation,Vascularization,InflammationMarkers,Diagnosis,CellType_Epthlial,CellType_Mesnchymal,CellType_???,GeneticMutation_Presnt,GeneticMutation_Absnt
-0.13211270453310728,-0.22176274344366317,-0.16542167922314788,-0.19885244986933157,-0.11718958198476749,-0.15896477752619423,-0.24491410130794306,-0.20718387132952093,-0.1481014765010185,-0.1700228054662373,-0.1204448760689685,-0.2020780105942474,1.101762687619266,1.5580858702097802,-0.5904035559937899,-0.6467845920628796,0.9778523631178014,-0.9778523631178014
-0.1546267900562673,-0.20842533159218724,-0.1565605501843176,-0.19134349344166546,-0.09378114489459399,-0.1746738541397597,-0.23711628870333532,-0.19308711629710357,-0.17213683912225783,-0.18641028211764138,-0.13459028779128612,-0.23131844508344843,1.101762687619266,-0.6418131497883105,-0.5904035559937899,1.546109805755517,-1.022649264569533,1.022649264569533
-0.12899532036039837,-0.1380514579694502,-0.15132401652968044,-0.15423126942000673,-0.11616654301523559,-0.23676293313629965,-0.2174975330266704,-0.25758636700224147,-0.1347886919424445,-0.16709360994828185,-0.20928803399758145,-0.22586601030564185,1.101762687619266,-0.6418131497883105,1.6937567361306989,-0.6467845920628796,0.9778523631178014,-0.9778523631178014
-0.17887774787322763,-0.18362046734633253,-0.14568436412415078,-0.2063673160771176,-0.16644494630361956,-0.16862144079685162,-0.2184960309802762,-0.15088258532891702,-0.160377305818657,-0.15416601002577568,-0.29250656939210834,-0.09342614359370398,1.101762687619266,1.5580858702097802,-0.5904035559937899,-0.6467845920628796,0.9778523631178014,-0.9778523631178014
-0.1253878418745426,-0.3447844984565328,-0.13863107596697166,-0.2162150767486546,-0.18292576985246242,-0.20511963074400189,-0.19655260254644494,-0.13453313263344666,-0.2482481310970424,-0.16998677238581233,-0.13006802450798738,-0.2096393831539799,-0.9076364731145878,-0.6418131497883105,-0.5904035559937899,-0.6467845920628796,-1.022649264569533,1.022649264569533
3.7875168361935847,4.37250801920866,1.1157390147469426,8.225268460508254,7.659291580493665,4.6200296802909735,1.0706841114967756,3.3650547516815568,4.082615001332007,7.597790990765768,4.260422404059482,4.287760468845272,1.101762687619266,-0.6418131497883105,1.6937567361306989,-0.6467845920628796,0.9778523631178014,-0.9778523631178014
-0.16607895452277296,-0.09843405537616362,-0.16525348732435294,-0.19970917049186274,-0.1453083723672987,-0.1414430772679337,-0.2397167505992449,-0.18073483163313145,-0.18832497601777146,-0.1916619173553773,-0.29942110827665896,-0.18614379492706953,1.101762687619266,-0.6418131497883105,-0.5904035559937899,1.546109805755517,0.9778523631178014,-0.9778523631178014
-0.21508786336849067,-0.17394146261303056,-0.1322956261936363,-0.18946685151210885,-0.24904872831193134,-0.21704853909624744,-0.17733436265221278,-0.10005446877176348,-0.17702022480496224,-0.1769487956182178,-0.07393556550611864,-0.09706085634896751,-0.9076364731145878,-0.6418131497883105,-0.5904035559937899,-0.6467845920628796,0.9778523631178014,-0.9778523631178014
-0.14547334901534512,-0.1801206172264715,-0.15782211320259043,-0.19453820545828066,-0.050020399394783616,-0.20858764933272622,-0.24501874480798852,-0.211157050577211,-0.1403186538510842,-0.15896442881961048,-0.17754099656976627,-0.25164210074219767,1.101762687619266,1.5580858702097802,-0.5904035559937899,-0.6467845920628796,-1.022649264569533,1.022649264569533
-0.20721812050223576,-0.10732831493546713,-0.14565932746732313,-0.15306140746101193,-0.24259849006584408,-0.1640546047449713,-0.19275441760649506,-0.08117537934926991,-0.22391784651089347,-0.1720694664775877,-0.1671607670973291,-0.09303684236104484,-0.9076364731145878,-0.6418131497883105,-0.5904035559937899,-0.6467845920628796,0.9778523631178014,-0.9778523631178014
-0.12174843762981578,-0.23275876133919354,-0.15627138687404243,-0.15228694798684894,-0.05009928989084949,-0.1832745038138336,-0.24443525242231515,-0.22778651375067696,-0.17664355414560984,-0.1904012084873292,-0.1267871480959728,-0.280181416706904,1.101762687619266,1.5580858702097802,-0.5904035559937899,-0.6467845920628796,0.9778523631178014,-0.9778523631178014
-0.1530046514287474,-0.1328132392297132,-0.17076309528883923,-0.16934103723581473,-0.03491509065013914,-0.13352495670772818,-0.26380327254238806,-0.22118660637009835,-0.12430085062664935,-0.17760380539399911,-0.12258560869409851,-0.2978449503491246,1.101762687619266,-0.6418131497883105,1.6937567361306989,-0.6467845920628796,-1.022649264569533,1.022649264569533
-0.1690494655915742,0.3569978429583133,0.14122674742758864,-0.15481173141735163,-0.0051752752745004,-0.18545085110576165,-0.2625513945707191,0.128404072527174,-0.17283938128198656,1.3182356689491632,-0.25333803217931067,-0.2103909905957728,1.101762687619266,1.5580858702097802,-0.5904035559937899,-0.6467845920628796,-1.022649264569533,1.022649264569533
-0.2018540324880544,-0.20774284526867776,-0.13253822233786278,-0.2115349484269154,-0.19637300707338753,-0.2236443389100781,-0.146139496585837,-0.04244536619098511,-0.19334245908393843,-0.13898900717620713,-0.2255619239333119,-0.02910417697712723,-0.9076364731145878,1.5580858702097802,-0.5904035559937899,-0.6467845920628796,-1.022649264569533,1.022649264569533
-0.16123249608440487,-0.17241522844148705,-0.14681758851584895,-0.1450906693154081,-0.21101201286409055,-0.14330908741634515,-0.20664046662026805,-0.10895085946289565,-0.26169304457996884,-0.16117070393883978,-0.12379219353027282,-0.1524224042086612,-0.9076364731145878,-0.6418131497883105,-0.5904035559937899,-0.6467845920628796,0.9778523631178014,-0.9778523631178014
-0.18601927296032325,-0.26602698270131,-0.14576558164385037,-0.11687026208902222,-0.20427673694341253,-0.09885559858737883,-0.1962318852242563,-0.07623029131855416,-0.18168056202454355,-0.18355789034466646,-0.17672651557914956,-0.18776619113124152,-0.9076364731145878,-0.6418131497883105,-0.5904035559937899,-0.6467845920628796,-1.022649264569533,1.022649264569533
-0.1649650631762476,-0.1332099223333934,-0.14360595279773036,-0.1909204792415439,-0.17303785579184663,-0.1692286244633715,-0.19790429674751617,-0.08665429696663679,-0.21361790058634936,-0.15557971132616288,-0.20410178921612598,-0.09475487119695315,-0.9076364731145878,1.5580858702097802,-0.5904035559937899,-0.6467845920628796,0.9778523631178014,-0.9778523631178014
-0.1510038994317194,-0.2206448132247516,-0.1565241455639049,-0.13312843815219563,-0.08050103330370513,-0.14381795142399678,-0.23524547046063576,-0.23955630952626022,-0.19208992960441976,-0.17910617742629764,-0.29735569710128157,-0.21852788138066634,-0.9076364731145878,-0.6418131497883105,1.6937567361306989,-0.6467845920628796,-1.022649264569533,1.022649264569533
-0.2357313272831692,-0.09225536093518907,-0.13662137229993515,-0.21991217635372012,-0.29683137233312257,-0.20710163387085778,-0.16687668641135892,-0.15408822409339779,-0.2198595933060424,-0.1780805000250352,-0.20851060912818054,0.032759819268252874,-0.9076364731145878,-0.6418131497883105,-0.5904035559937899,1.546109805755517,-1.022649264569533,1.022649264569533
-0.15525797823851156,-0.21489383930923067,-0.12310001202092002,-0.16316001833780058,-0.20008982299810898,-0.17179900855067945,-0.14771548841524526,-0.07222531196519873,-0.22871096727074652,-0.15470670739437067,-0.15551574417268307,-0.12198395159017933,-0.9076364731145878,1.5580858702097802,-0.5904035559937899,-0.6467845920628796,0.9778523631178014,-0.9778523631178014
-0.3622424612036419,-0.24228424726980544,-0.12039735642091959,0.9628959259692831,-0.7974247262363777,-0.8197241001289365,-0.12006356713573793,-0.0017343186683977407,-0.6994535347121694,-0.20112993437729249,-0.2861395877070408,-0.41126847504621034,-0.9076364731145878,-0.6418131497883105,1.6937567361306989,-0.6467845920628796,0.9778523631178014,-0.9778523631178014
-0.16116157667592013,-0.2127571241225943,-0.13548156639639608,-0.22221142961737927,-0.2593035936002634,-0.20453921257543817,-0.17089704186525573,-0.11348424514642493,-0.24546184494787515,-0.17986753128366828,-0.24670670589863564,-0.03841690380661432,-0.9076364731145878,1.5580858702097802,-0.5904035559937899,-0.6467845920628796,0.9778523631178014,-0.9778523631178014
-0.13873715412681129,-0.18214771804435725,-0.15183390460418067,-0.09507486276464566,-0.05846274231978861,-0.2199117682056887,-0.23255194688541334,-0.25891660767561253,-0.17300205378700473,-0.17706206956631765,-0.18648618934125258,-0.32926020812217777,1.101762687619266,1.5580858702097802,-0.5904035559937899,-0.6467845920628796,0.9778523631178014,-0.9778523631178014
-0.13825500123258305,-0.21807567575314898,-0.16256522704003873,-0.14886528213676883,-0.028814223787757703,-0.22794429095653118,-0.2378440326008675,-0.25511907586883936,-0.10622578051169795,-0.15237764463784154,-0.16488163210597775,-0.29290439801072377,1.101762687619266,-0.6418131497883105,1.6937567361306989,-0.6467845920628796,-1.022649264569533,1.022649264569533
-0.1048257806243849,-0.16340417198228893,-0.15014334778322322,-0.1006444569382944,-0.08791977808602226,-0.22480034520094205,-0.2292543470855188,-0.28224438539679997,-0.1608087258699778,-0.1873136722316878,-0.23337354532162363,-0.312249741049797,1.101762687619266,-0.6418131497883105,1.6937567361306989,-0.6467845920628796,-1.022649264569533,1.022649264569533
-0.16798867499884085,-0.2378460899857335,-0.15752417459253437,-0.215228349800674,-0.06094219632735293,-0.07124744595598985,-0.25863353265992767,-0.17688733419121902,-0.14802842217278459,-0.18059933150041202,-0.20148645772408075,-0.211350165329713,-0.9076364731145878,-0.6418131497883105,-0.5904035559937899,1.546109805755517,-1.022649264569533,1.022649264569533
-0.19315541943246198,-0.08214383998500571,-0.1445785279915173,-0.17302724695184085,-0.2571536262712638,-0.1680098880308499,-0.1680220051208307,-0.12973478896285828,-0.22931194204761488,-0.19392013984220652,-0.12366275064007615,-0.0943469792550686,-0.9076364731145878,-0.6418131497883105,-0.5904035559937899,1.546109805755517,0.9778523631178014,-0.9778523631178014
-0.2002228946194305,-0.14580693914851814,-0.13940267354779423,-0.12504048499867318,-0.2083387722638838,-0.19345433210003332,-0.16756506567293536,-0.05127490988094588,-0.20780679611155792,-0.16132840151187625,-0.16146567649414117,-0.1636603532575764,-0.9076364731145878,-0.6418131497883105,1.6937567361306989,-0.6467845920628796,0.9778523631178014,-0.9778523631178014
-0.2008747018243654,-0.1643099659840086,-0.12925221679799107,-0.1707356989545373,-0.266199752352702,-0.21742509858187756,-0.1844594332951,-0.09365452219342285,-0.2356180873047054,-0.16709255587831126,-0.1737982086592267,0.007472484927165692,-0.9076364731145878,-0.6418131497883105,1.6937567361306989,-0.6467845920628796,-1.022649264569533,1.022649264569533
-0.14646559861019687,-0.14605951126550967,-0.15200265599189172,-0.1634412420808438,-0.10052338471528247,-0.16948762675982643,-0.22663662705437007,-0.2195868031016217,-0.13189225480704783,-0.16084144931907562,-0.22223841224382557,-0.21387066921267794,1.101762687619266,-0.6418131497883105,-0.5904035559937899,-0.6467845920628796,0.9778523631178014,-0.9778523631178014
9.379705553303202,-0.21656475406868217,-0.16070871672499734,-0.15278683947978142,-0.08589427336379263,-0.23289316642098237,-0.23293984017198646,-0.2828077677975153,-0.11530786642421942,-0.1763362228902513,-0.2587208910955733,-0.29568135965720976,1.101762687619266,-0.6418131497883105,-0.5904035559937899,-0.6467845920628796,-1.022649264569533,1.022649264569533
-0.1490943624264655,-0.20826747060499723,-0.13973321296971614,-0.1628442881652857,-0.10753798832396279,-0.17608044431577494,-0.18795799718754996,-0.0843554492269442,-0.25165222114956554,-0.14662403737118673,-0.13913281819033746,-0.1634646007850566,-0.9076364731145878,-0.6418131497883105,1.6937567361306989,-0.6467845920628796,0.9778523631178014,-0.9778523631178014
-0.19761383680184016,-0.18405579777938733,-0.13806128149472685,-0.17469720783151624,-0.2285774318500409,-0.128320326848101,-0.1893581215667128,-0.14578546727153477,-0.23204194468102202,-0.18493790723002898,-0.15675299658586167,-0.08574984640004887,-0.9076364731145878,-0.6418131497883105,-0.5904035559937899,-0.6467845920628796,-1.022649264569533,1.022649264569533
-0.22923461014919302,-0.14272036593604362,-0.1472193633428652,-0.06683753224576372,-0.18483039007621552,-0.09453099109854478,-0.19697343018240837,-0.12071308440669203,-0.21059641272050314,-0.1726523602020675,-0.052883113627941854,-0.18915687314015803,-0.9076364731145878,-0.6418131497883105,1.6937567361306989,-0.6467845920628796,-1.022649264569533,1.022649264569533
-0.13471065142535846,-0.12737775585229283,-0.15337575866358402,-0.20673422767139882,-0.0701194552860627,-0.17546615272571853,-0.24516846881145585,-0.2088017081361715,-0.12186806066287836,-0.18176850474526107,-0.0640980121655802,-0.2344161424198645,1.101762687619266,1.5580858702097802,-0.5904035559937899,-0.6467845920628796,-1.022649264569533,1.022649264569533
5.8484970574482045,4.659033491107562,-0.14188356252405848,7.0761220970799075,7.147544235338853,5.917135831031448,-0.19777061486294437,8.059590392532833,-0.6209039710194861,-0.19107880078990208,5.5696565179686885,-0.11541251206432417,-0.9076364731145878,-0.6418131497883105,1.6937567361306989,-0.6467845920628796,-1.022649264569533,1.022649264569533
-0.21728714153943698,-0.1716766593564955,-0.14259247664198577,-0.11700460737800795,-0.23617770248832096,-0.12803070349213766,5.0631397473298225,-0.14154160288725073,-0.23234530494969127,-0.18977278749072685,-0.28648813603715223,-0.10542813178074135,-0.9076364731145878,1.5580858702097802,-0.5904035559937899,-0.6467845920628796,0.9778523631178014,-0.9778523631178014
-0.13656480278568733,-0.14084470823390058,-0.1597045463994129,-0.10566901873206175,-0.10627270959185878,-0.24773928575317036,-0.22969276336365044,-0.27865274638712234,-0.1499834450018684,-0.15969096038779074,-0.18512625365805882,-0.2654978081198438,1.101762687619266,-0.6418131497883105,1.6937567361306989,-0.6467845920628796,0.9778523631178014,-0.9778523631178014
-0.2221257862060321,-0.17511437347110811,-0.14181245485942862,-0.08341071660307434,-0.22600074067604503,-0.19703675964378006,-0.1702543223468628,-0.13009468121554274,-0.23953115720438647,-0.17833518937930978,-0.1726638981605229,-0.15913665269352698,-0.9076364731145878,-0.6418131497883105,1.6937567361306989,-0.6467845920628796,0.9778523631178014,-0.9778523631178014
9.379705553303202,-0.14196693682449174,-0.15726875821268463,-0.23903054286433553,-0.16574563939198705,-0.16963891940504205,-0.23353048680501193,-0.18527700505185063,-0.16981795651596718,-0.17179514671047807,0.009294673922192277,-0.12290026997525566,1.101762687619266,-0.6418131497883105,-0.5904035559937899,-0.6467845920628796,0.9778523631178014,-0.9778523631178014
-0.17901823174025133,-0.175417053278456,-0.15945719207100167,-0.15420028412067324,-0.07841586638727874,-0.18604294663718893,-0.23113677728535864,-0.23308178001384242,5.895263273613659,-0.17023717717518416,-0.09017093576427808,-0.22641799722315295,1.101762687619266,-0.6418131497883105,1.6937567361306989,-0.6467845920628796,0.9778523631178014,-0.9778523631178014
-0.19337174753591055,-0.20036144032148848,-0.13937256851594512,-0.16461642719524075,-0.16851052244882353,-0.15667153844224133,-0.1756033376556773,-0.10112963230488747,-0.22504021186795078,-0.15552482116862926,-0.14690619425094065,-0.10887804925974431,-0.9076364731145878,1.5580858702097802,-0.5904035559937899,-0.6467845920628796,0.9778523631178014,-0.9778523631178014
-0.1786752423435727,-0.25036906067462555,-0.13998735376100782,-0.2014376556638736,-0.23893511140853424,-0.25683174032995854,-0.16659190611855365,-0.1279596174209573,-0.23340596778237965,-0.18268173102609944,-0.20110941585354644,-0.07595940064126401,-0.9076364731145878,-0.6418131497883105,-0.5904035559937899,1.546109805755517,0.9778523631178014,-0.9778523631178014
-0.1734342943205808,-0.1871509174745226,-0.16061195083266713,-0.1484801631102062,-0.10034325828719731,-0.25294055851089525,-0.23933456034897144,-0.27929910955365317,-0.13573677896723665,-0.1749504618800813,-0.1748969660316156,-0.22851979380915358,1.101762687619266,1.5580858702097802,-0.5904035559937899,-0.6467845920628796,-1.022649264569533,1.022649264569533
-0.12419820509469555,-0.1945555336971459,-0.1492470543727973,-0.17391725756329432,-0.1444345807078808,-0.1924702382332438,-0.21322222109676708,-0.21296745967344577,-0.2092786133367472,-0.15941812835413655,-0.07679108507386849,-0.22290877912425516,1.101762687619266,-0.6418131497883105,1.6937567361306989,-0.6467845920628796,0.9778523631178014,-0.9778523631178014
-0.19439583094178725,-0.06501665745820924,-0.14252689194478446,-0.17483522818010958,-0.20763369711219679,-0.18887578086135062,-0.19234862828030405,-0.10894560158636374,-0.209537836987542,-0.18655569199873426,-0.2214962458842399,-0.1279023691032945,-0.9076364731145878,-0.6418131497883105,1.6937567361306989,-0.6467845920628796,0.9778523631178014,-0.9778523631178014
-0.24540569023737618,-0.1929431369055543,-0.13584414449365317,-0.13580017958288262,-0.23071509342337138,-0.14146835361563473,-0.17091236499111806,-0.11833057285497245,-0.18819848173242282,-0.17233974287997858,-0.06575724145906386,-0.0844440476979028,-0.9076364731145878,-0.6418131497883105,-0.5904035559937899,1.546109805755517,-1.022649264569533,1.022649264569533
-0.10955830072387951,-0.19395847813536027,-0.15186851345955743,-0.17445904315529875,-0.11283670240127161,-0.18476257833945348,-0.23137023442074228,-0.20392554895487047,-0.15726840125797797,-0.16342128631619932,-0.16394990708122523,-0.2220433123431156,1.101762687619266,-0.6418131497883105,-0.5904035559937899,1.546109805755517,-1.022649264569533,1.022649264569533
-0.1419221677163873,-0.29119140783455194,-0.16923182432115905,-0.15840489863868806,-0.0752424511997218,-0.16182313708767412,-0.25320399992959325,-0.2304365700424249,-0.14597958227113966,-0.17879259266607805,-0.26747471513505544,-0.1923721624278645,-0.9076364731145878,-0.6418131497883105,-0.5904035559937899,1.546109805755517,-1.022649264569533,1.022649264569533
-0.17109939218664597,-0.17164732540513072,-0.15125807901434077,-0.19971985879871657,-0.2066761675221449,-0.14494569808358765,-0.21998630163024355,-0.1900545873634645,-0.15050048561824567,-0.1969365325447281,-0.2228315882020396,-0.14415512803951247,-0.9076364731145878,-0.6418131497883105,-0.5904035559937899,1.546109805755517,-1.022649264569533,1.022649264569533
-0.1783363468089356,-0.2594303603324379,-0.14305173483270245,-0.1792385988982417,-0.21750713518584672,-0.28760685737191644,-0.16751970632753665,-0.1575922305703994,-0.290968340909646,-0.17592254639751165,-0.13404575825989531,-0.10617645832624627,-0.9076364731145878,1.5580858702097802,-0.5904035559937899,-0.6467845920628796,0.9778523631178014,-0.9778523631178014
-0.1888870121980185,-0.1407949637706105,-0.1322439090791421,-0.25954516770370784,-0.21226132228137357,-0.1373887941943349,-0.17336554461652495,-0.11230164524596917,-0.15643765871662527,-0.17033947446248407,-0.07480640075732203,0.03995285214496709,-0.9076364731145878,-0.6418131497883105,1.6937567361306989,-0.6467845920628796,0.9778523631178014,-0.9778523631178014
-0.20072193168058872,-0.1797015617765276,-0.14331126200760977,-0.22316100406537454,-0.2727066625940383,-0.18829702100419152,-0.18734530562524615,-0.16754903670582624,-0.25254631729709265,-0.18247894556501942,-0.10845783191658838,-0.03344296576923143,-0.9076364731145878,-0.6418131497883105,-0.5904035559937899,1.546109805755517,0.9778523631178014,-0.9778523631178014
-0.13987076316659106,-0.20879905952382422,-0.15803206634988162,-0.19870115090549345,-0.1525186375385873,-0.08875217514710672,-0.2374979159681656,-0.146484130454728,-0.1462652159585855,-0.16361158179578114,-0.1948837303598039,-0.171365489742419,1.101762687619266,1.5580858702097802,-0.5904035559937899,-0.6467845920628796,0.9778523631178014,-0.9778523631178014
-0.10555046424079226,-0.24010620027059199,-0.18851218404785378,-0.17480593664299598,-0.19734318692731218,-0.20228899187796737,-0.24296176896689844,-0.17958840550461536,-0.16327481262365792,-0.16942866754425542,-0.2702450080013749,-0.23104548509968706,1.101762687619266,1.5580858702097802,-0.5904035559937899,-0.6467845920628796,0.9778523631178014,-0.9778523631178014
-0.18308408254933603,-0.19301891173276892,-0.13769954283748703,-0.22635421215479182,-0.2554527303667515,-0.20640630806897647,-0.17650591282602437,-0.17999282053905397,-0.2373469505135976,-0.1827906966907969,-0.3035564195765539,-0.013173413307600473,-0.9076364731145878,1.5580858702097802,-0.5904035559937899,-0.6467845920628796,0.9778523631178014,-0.9778523631178014
-0.20000661303221126,-0.18824791829373055,-0.14060046553236422,-0.1751563283414032,-0.2714136961199695,-0.16034316967893147,-0.1802116753665966,-0.13057276897172224,-0.22351354680482954,-0.18667934179484355,-0.13737392801930245,-0.0641823958568652,-0.9076364731145878,-0.6418131497883105,1.6937567361306989,-0.6467845920628796,0.9778523631178014,-0.9778523631178014
-0.19751229126879835,-0.25579247746418365,-0.13330069999157018,-0.19968411820415705,-0.1641565082906749,-0.1636504286452432,-0.17734531146988153,-0.08393630287381953,-0.18900475625149765,-0.14459132788339,-0.15430298119020763,-0.07028168984464823,-0.9076364731145878,1.5580858702097802,-0.5904035559937899,-0.6467845920628796,0.9778523631178014,-0.9778523631178014
-0.19513777797089718,-0.15859249902398456,-0.15344789723590033,-0.13913266676657632,-0.0544366901715487,-0.1275066694040667,-0.24125981615023134,-0.24140889995428252,-0.15519610668113995,-0.1748232566251333,-0.20844950932716966,-0.24136370203860144,1.101762687619266,-0.6418131497883105,-0.5904035559937899,-0.6467845920628796,-1.022649264569533,1.022649264569533
-0.19935862493774972,-0.1595345465580969,-0.15917162848361308,-0.20680049438116882,-0.08355788552791532,-0.1625404176785602,-0.23907450116793177,-0.2326916313624858,-0.15774546000778927,-0.17849136362079898,-0.21443290612722815,-0.17801277701770932,1.101762687619266,1.5580858702097802,-0.5904035559937899,-0.6467845920628796,-1.022649264569533,1.022649264569533
-0.14499867943194722,-0.149369259797767,-0.17290772988582953,-0.18555349439900398,-0.2084225257477655,-0.17988544311815174,-0.22903112168394496,-0.20948045274504362,-0.1895208356583329,-0.16341134820797976,-0.17090676248500006,-0.19002191560068546,1.101762687619266,1.5580858702097802,-0.5904035559937899,-0.6467845920628796,0.9778523631178014,-0.9778523631178014
-0.1273455353787976,-0.1583647070070609,-0.15787543283120728,-0.16492984062531627,-0.07117298928383264,-0.15727694095261358,-0.24473952720375108,-0.20997226220739382,-0.1281262508536332,-0.16882552490763236,-0.16446467725203415,-0.2685272508436679,1.101762687619266,-0.6418131497883105,1.6937567361306989,-0.6467845920628796,-1.022649264569533,1.022649264569533
-0.1581573632657079,-0.10290254464731764,-0.15421448196082937,-0.20301441109667964,-0.16633404109226838,-0.2081378097984923,-0.22036910767367252,-0.2105727046012533,-0.18516985184199772,-0.17099869606480317,-0.32294755260573366,-0.14141596070121842,1.101762687619266,-0.6418131497883105,1.6937567361306989,-0.6467845920628796,-1.022649264569533,1.022649264569533
-0.21156886189991622,-0.06514067935832253,-0.1472045366826965,-0.12804306926181988,-0.2379467966274435,-0.17967383067017642,-0.1846854401483781,-0.1380539303887306,-0.22217250756469184,-0.19866877954691636,-0.17554742308774648,-0.1377165449669544,-0.9076364731145878,-0.6418131497883105,-0.5904035559937899,-0.6467845920628796,-1.022649264569533,1.022649264569533
-0.13601005162734892,-0.18980968009261992,-0.15566494020060992,-0.1892574199683837,-0.10412842337421134,-0.19574385191361288,-0.23069769683143265,-0.23085013261642387,-0.14298481836892848,-0.1769860316772238,-0.1812520826488958,-0.20080083143003885,1.101762687619266,-0.6418131497883105,-0.5904035559937899,-0.6467845920628796,0.9778523631178014,-0.9778523631178014
-0.2043709702409607,-0.14669113154170443,-0.13767744606563692,-0.23367332937695823,-0.276570763194917,-0.24817776522555282,-0.16910598294166132,-0.11382813298007213,-0.19975214982335274,-0.20491432714704969,-0.15350191733232985,-0.07054389518897097,-0.9076364731145878,-0.6418131497883105,-0.5904035559937899,1.546109805755517,-1.022649264569533,1.022649264569533
9.379705553303202,-0.10987569186273002,-0.15728987100226619,-0.1303794783447742,-0.10774330237579986,-0.18705449559316842,-0.23190486028314405,-0.2286759994139551,-0.1569472435350247,-0.17970511732209735,-0.09831248738837377,-0.25443854177823305,1.101762687619266,-0.6418131497883105,1.6937567361306989,-0.6467845920628796,-1.022649264569533,1.022649264569533
-0.18248803865068305,-0.196985101693865,-0.14831485787587018,-0.14864619090870376,-0.2415613764301816,-0.21526706047885782,-0.19536789764652382,-0.14672063355110648,-0.2223866480696472,-0.19711701946504104,-0.039680544417662396,-0.09651357120559413,-0.9076364731145878,-0.6418131497883105,-0.5904035559937899,1.546109805755517,-1.022649264569533,1.022649264569533
-0.1562476413062492,-0.11521105327075316,1.9249923426049131,-0.22891884486239564,-0.2563614179677732,-0.20927622751745986,-0.17908069425544024,-0.12286828419952817,-0.22676626126641009,-0.17658836109045895,-0.08446796551846965,-0.04912117292609876,-0.9076364731145878,-0.6418131497883105,-0.5904035559937899,1.546109805755517,-1.022649264569533,1.022649264569533
-0.1442158091535503,-0.13941869315892874,-0.1385821691666155,-0.14126527578431303,-0.18313177572631342,-0.16072327250175458,-0.1845128340415426,-0.10592214756795135,-0.24677271139404308,-0.1659386912185493,-0.19893072073517507,-0.10355172510118033,-0.9076364731145878,1.5580858702097802,-0.5904035559937899,-0.6467845920628796,-1.022649264569533,1.022649264569533
-0.19850795872816657,-0.1785920549098447,-0.14341389823523118,-0.1459724428809185,-0.23390796078637238,-0.0829094249392526,-0.19141836380879573,-0.07244500417548418,-0.23394351723347281,-0.18202325847611645,-0.13043005016045253,-0.10498233378880348,-0.9076364731145878,-0.6418131497883105,-0.5904035559937899,1.546109805755517,0.9778523631178014,-0.9778523631178014
-0.25322342091426003,-0.23746653332558806,-0.13860656430910612,-0.13004476396600953,-0.23533770041735433,-0.19994830233525515,-0.19409699039686498,-0.1342040703333239,-0.09134989883678751,-0.19749462087516959,-0.1438969792172817,-0.1573310085743278,-0.9076364731145878,-0.6418131497883105,-0.5904035559937899,1.546109805755517,0.9778523631178014,-0.9778523631178014
-0.12375065138421364,-0.19393590133920494,-0.14521317009533508,-0.18172682354758984,-0.08801442169274651,-0.13896360890503456,-0.2384014654612554,-0.20812119429993245,-0.11233704511725355,-0.17829401126086172,-0.10768344578261443,-0.23753560058241016,1.101762687619266,-0.6418131497883105,1.6937567361306989,-0.6467845920628796,0.9778523631178014,-0.9778523631178014
-0.15337966355756597,-0.17455356537710642,-0.16385977672830163,-0.17158850949153281,-0.15858850365900234,-0.15564986830303662,1.5714905883401695,-0.20792662708895113,-0.2133226392274112,-0.19239206901237002,-0.15454104985349018,-0.1951575493275257,1.101762687619266,1.5580858702097802,-0.5904035559937899,-0.6467845920628796,-1.022649264569533,1.022649264569533
-0.1805723989127156,-0.22192753655815262,-0.14608278664903868,-0.1851064979135693,-0.27112602130414115,-0.1384680868866848,-0.2051615374901965,-0.1823821306054432,-0.2051845603864286,-0.19304773767341746,-0.1607669117697635,-0.12215232848460214,-0.9076364731145878,1.5580858702097802,-0.5904035559937899,-0.6467845920628796,0.9778523631178014,-0.9778523631178014
-0.14101379505183295,-0.21851331102295937,-0.1550783577798443,-0.11247805224370148,-0.12338274020483146,-0.17070194616578713,-0.21659251459275064,-0.23881211335487987,-0.16567243929569944,-0.17309797842613353,-0.15318153950688895,-0.24376953434996462,1.101762687619266,-0.6418131497883105,1.6937567361306989,-0.6467845920628796,-1.022649264569533,1.022649264569533
5.774770929055507,3.7796592965911704,2.4222072659387415,3.890229601719564,6.425264400532187,7.568711005998452,1.8584330745314839,6.357834842880845,5.035086053963841,4.599605404614641,5.737600925086896,6.14181112932979,1.101762687619266,-0.6418131497883105,1.6937567361306989,-0.6467845920628796,0.9778523631178014,-0.9778523631178014
-0.1024174076161662,-0.14209246229409403,-0.16300026615212826,-0.18634950534900338,-0.19683767244551706,-0.198007104095323,-0.22059364529599812,-0.18595815740325805,-0.161446604759983,-0.1570747194178123,-0.18333479625192659,-0.17763915249095466,1.101762687619266,-0.6418131497883105,1.6937567361306989,-0.6467845920628796,0.9778523631178014,-0.9778523631178014
-0.15264742163426254,-0.16697634017628807,-0.1753352534053176,-0.19432509533302245,-0.14111893222653754,-0.10583683080459062,-0.25757578776276463,-0.162039549848645,-0.18913226756888665,-0.19922615936941443,-0.14745473723442157,-0.2262869932958348,1.101762687619266,-0.6418131497883105,1.6937567361306989,-0.6467845920628796,0.9778523631178014,-0.9778523631178014
-0.17770934644615866,-0.2518476557778893,-0.13724413504149585,-0.18615201293960917,-0.22156639239964573,-0.19504324825240835,-0.179046290314689,-0.11924340416682136,-0.21404316905802173,-0.17696387682012002,-0.28487795756407214,-0.08902202702746807,-0.9076364731145878,-0.6418131497883105,-0.5904035559937899,-0.6467845920628796,0.9778523631178014,-0.9778523631178014
-0.15122551266225515,-0.26264348056560144,-0.14259364260000829,-0.19316894339495327,-0.15946728266034021,-0.15666994489924058,-0.19601201242953387,-0.07428841469375116,-0.19830990530029163,-0.1609679981353768,-0.1609894951716313,-0.13793381019749773,-0.9076364731145878,-0.6418131497883105,1.6937567361306989,-0.6467845920628796,-1.022649264569533,1.022649264569533
-0.08199637798770064,-0.3213719878785662,-0.15195911401787127,-0.13943002402194035,-0.10367805961209485,-0.22350936139967267,-0.23022289225119222,-0.24789188972711368,-0.16320562269561228,-0.1886869360359782,-0.22602829893531262,-0.3169364227976353,1.101762687619266,-0.6418131497883105,1.6937567361306989,-0.6467845920628796,-1.022649264569533,1.022649264569533
-0.15531327871205847,-0.26751905337069776,-0.13596014076319501,-0.2777527050538094,-0.28365782841990256,-0.20266246393846163,-0.17760002740073935,-0.1296266639928241,-0.21064980499334612,-0.18239828311955705,-0.29942699270851175,0.018575137413144288,-0.9076364731145878,-0.6418131497883105,-0.5904035559937899,1.546109805755517,0.9778523631178014,-0.9778523631178014
-0.1237611515922981,-0.03956149934792883,-0.1509240196681092,-0.12066400881997898,-0.08168927680648563,-0.20069063768351597,-0.23647644132160214,-0.2287906766420192,-0.12998657627641866,-0.15006579825462107,-0.18950087034922453,-0.25914872682292156,1.101762687619266,1.5580858702097802,-0.5904035559937899,-0.6467845920628796,-1.022649264569533,1.022649264569533
-0.197671188989952,-0.1893079251036758,-0.14285065692461438,-0.15444290688000983,-0.22263709723289654,-0.1874789546682338,-0.1896284826883523,-0.12216680922625449,-0.280246489242027,-0.1805542250885066,-0.1964075017365244,-0.07220122606728013,-0.9076364731145878,-0.6418131497883105,-0.5904035559937899,1.546109805755517,-1.022649264569533,1.022649264569533
-0.1954220185967288,-0.2140208324041758,-0.13978242441896904,-0.18475877828272885,-0.25858248719168886,-0.2385521710527461,-0.17116613232929945,-0.13947712007455343,-0.23387586669796584,-0.18579915688633242,-0.07540133826782537,-0.06617989676212098,-0.9076364731145878,-0.6418131497883105,1.6937567361306989,-0.6467845920628796,0.9778523631178014,-0.9778523631178014
-0.08514214249421471,-0.20010939468365208,-0.1509367588819425,-0.1283275339679077,-0.07202421867177124,-0.24574619130349346,-0.22439383767957688,-0.29244321678240326,-0.11585012644395007,-0.16361958841175003,-0.14819296111998603,-0.2875545392381878,1.101762687619266,-0.6418131497883105,-0.5904035559937899,1.546109805755517,0.9778523631178014,-0.9778523631178014
-0.14580271167566344,-0.1364260482675788,-0.14543772570358868,-0.13696729949005482,-0.07597329938561355,-0.17768156636623256,-0.23506030418923157,-0.26024312787154,5.895263273613659,-0.17950723419249998,-0.171473717688988,-0.27549785146019484,1.101762687619266,1.5580858702097802,-0.5904035559937899,-0.6467845920628796,0.9778523631178014,-0.9778523631178014
-0.1624661214493058,-0.11154873218477382,-0.13440405044748394,-0.2108335671827979,-0.1897536391372007,-0.2156343309749139,-0.1758928317959723,-0.0854255945510168,-0.21015420388605172,-0.17295496438494187,-0.19121030507192316,-0.06818348578083168,-0.9076364731145878,-0.6418131497883105,1.6937567361306989,-0.6467845920628796,0.9778523631178014,-0.9778523631178014
-0.21560719096499506,-0.21075117366207383,-0.1399106330384205,-0.17352975536683152,-0.2981529906396994,-0.16249954122493096,-0.1758012629798872,-0.1562731097745769,-0.1853331112433966,-0.1966155330375976,-0.21869726834734696,-0.052625943682907815,-0.9076364731145878,-0.6418131497883105,-0.5904035559937899,1.546109805755517,-1.022649264569533,1.022649264569533
-0.16776272256685434,-0.15796324415109492,-0.141055106840184,-0.18798148472704676,-0.27784469396496375,-0.21854675092565193,-0.17421265299497715,-0.13986393949589243,-0.2222944370201631,-0.19432695784150808,-0.13207871845088057,-0.07880452138583484,-0.9076364731145878,-0.6418131497883105,1.6937567361306989,-0.6467845920628796,0.9778523631178014,-0.9778523631178014
-0.12328135393756201,-0.21151617744263002,-0.1601219355728638,-0.13987113162587608,-0.10082455406696068,-0.18998487582386292,-0.23674610402255566,-0.2544337610004859,-0.15453596288519064,-0.17136244432456582,-0.2459606116889806,-0.2679277931025706,1.101762687619266,1.5580858702097802,-0.5904035559937899,-0.6467845920628796,0.9778523631178014,-0.9778523631178014
-0.19134346170515093,-0.14624192690600415,-0.1486474230607439,-0.1578753406918019,-0.29754219478055993,-0.2560690710157307,-0.2059603615508593,-0.18812920461943602,-0.19399634525558584,-0.19841008591465178,-0.16465661191361616,-0.14631948902397604,-0.9076364731145878,1.5580858702097802,-0.5904035559937899,-0.6467845920628796,0.9778523631178014,-0.9778523631178014
-0.17643210050116753,-0.181838487527727,-0.16587816865600183,-0.173460977102972,-0.125850546019161,-0.11368350696156566,-0.24831065383022097,-0.1919548245039653,-0.16039381663479835,-0.2009675804287057,-0.142639316778009,-0.21880392890252803,1.101762687619266,-0.6418131497883105,-0.5904035559937899,1.546109805755517,0.9778523631178014,-0.9778523631178014
-0.17339447183338716,-0.14802249788762079,-0.1379824245378969,-0.18647822698900138,-0.23557026029729686,-0.19884343984575012,-0.18122268435386102,-0.11093428642369096,-0.23295722034721947,-0.17438398276074568,-0.16772488309764996,-0.08488165634421789,-0.9076364731145878,-0.6418131497883105,1.6937567361306989,-0.6467845920628796,-1.022649264569533,1.022649264569533
-0.17203854918746206,-0.10227280755181559,-0.16402815774271287,-0.18642993659927712,-0.12776636032481115,-0.13532377141321658,-0.24204228305428416,-0.1991782586570275,1.0568540056497928,1.3089370279610346,-0.25779243934902485,-0.19335017660537282,1.101762687619266,1.5580858702097802,-0.5904035559937899,-0.6467845920628796,-1.022649264569533,1.022649264569533
-0.33197979057522065,-0.09257341708090958,-0.1426099926947755,-0.15424996424728082,-0.24639669517494023,-0.11503973563914877,0.9646750374669862,-0.10395973608067093,-0.1774120592006648,-0.18072078467628883,-0.19378919371849024,-0.09259627226788665,-0.9076364731145878,-0.6418131497883105,-0.5904035559937899,1.546109805755517,-1.022649264569533,1.022649264569533
-0.21886250902826637,-0.16944599736851765,-0.14067099848992093,-0.1420276544862891,-0.251847008321845,-0.10717524991326911,-0.18674018730706976,-0.1308584665628302,-0.1787206899553392,-0.17973603425424511,-0.03543071217212246,-0.0812791295578426,-0.9076364731145878,-0.6418131497883105,-0.5904035559937899,-0.6467845920628796,-1.022649264569533,1.022649264569533
-0.18533881164101848,-0.14899708925822272,-0.13242630767081862,-0.22277136595150232,-0.20656572912792656,-0.23790043164963934,-0.16638275298276714,-0.12680923223832435,-0.1973598631057671,-0.16703451613754608,-0.1565332745102453,-0.04768322568279051,-0.9076364731145878,-0.6418131497883105,-0.5904035559937899,1.546109805755517,-1.022649264569533,1.022649264569533
-0.21175462323581118,-0.22485604811698995,-0.14496103675028885,-0.12419414823423519,-0.029014144713313407,-0.20874419485555756,-0.2344108859775079,-0.2942608929663147,0.059162059805055275,-0.19085235836294004,-0.1357654972926258,-0.3524067778771669,1.101762687619266,-0.6418131497883105,-0.5904035559937899,1.546109805755517,0.9778523631178014,-0.9778523631178014
-0.17789348971129393,-0.10113689649085994,-0.1507394167205238,-0.188288175046829,-0.11323691834950987,-0.1076329543043126,-0.23006241963046598,-0.20654161702470122,-0.166799204542165,-0.17459267603027964,-0.11948611432424275,-0.15544635283686783,1.101762687619266,-0.6418131497883105,-0.5904035559937899,1.546109805755517,0.9778523631178014,-0.9778523631178014
-0.153873508683185,-0.08328622302416468,-0.16627085292523916,-0.12682238434945764,-0.019866361116836772,-0.18849598816399346,-0.24239951112977454,-0.2697804247046171,-0.12848950925316202,-0.18159413426624457,-0.16940610933305156,-0.3098445729647057,1.101762687619266,-0.6418131497883105,-0.5904035559937899,1.546109805755517,0.9778523631178014,-0.9778523631178014
-0.13719235694562326,-0.2557943668818867,-0.14653741777702903,-0.27621369641848603,-0.14423699486519304,-0.16715430155041713,-0.22074001131993645,-0.16274319992392547,-0.16572306142562773,-0.1415987066745381,-0.221691294580701,-0.09415499252444132,1.101762687619266,-0.6418131497883105,-0.5904035559937899,1.546109805755517,-1.022649264569533,1.022649264569533
-0.1353481202535337,-0.16775563487505007,-0.1610060517770397,-0.11319579044735877,-0.10938774787703015,-0.20408646148636367,-0.23590490319076832,-0.2630651209434187,-0.16154648117951131,-0.17368900644906102,-0.20857145876302147,-0.28482905091656535,1.101762687619266,-0.6418131497883105,-0.5904035559937899,-0.6467845920628796,0.9778523631178014,-0.9778523631178014
-0.19693567072088192,-0.1953951048573889,-0.13297147192547276,-0.15887847533102942,-0.23230345047999526,-0.24930768891763816,-0.15566438070866542,-0.11817847578236794,-0.20226709383216185,-0.17893512331214864,-0.152930816812002,-0.07922454611588105,-0.9076364731145878,-0.6418131497883105,-0.5904035559937899,1.546109805755517,0.9778523631178014,-0.9778523631178014
-0.13475504609575875,-0.22844885650860822,-0.16687153304450755,-0.21589722016769514,-0.11438766532236024,-0.16505358503096423,-0.2473346208985678,-0.1761344150681501,-0.1569956252786007,-0.15784639097969072,-0.11595739796867166,-0.20306711508878822,1.101762687619266,-0.6418131497883105,-0.5904035559937899,1.546109805755517,0.9778523631178014,-0.9778523631178014
-0.18530936978781543,-0.14655334086568192,-0.1470509644320653,-0.2548797290157668,-0.1222981050436524,-0.11852090735316456,-0.23200889908937264,-0.1630014467292191,-0.13193931099065323,-0.1643647817187317,-0.27127158598374596,-0.11673259060848694,1.101762687619266,1.5580858702097802,-0.5904035559937899,-0.6467845920628796,-1.022649264569533,1.022649264569533
-0.42348823963569227,-0.16644665254674076,-0.15543661837586178,-0.08787835695115205,-0.20338336690594977,-0.12302862589610132,-0.22047142733953348,-0.18053735754294148,-0.2570944326196894,-0.19687065422616132,-0.13597726641999092,-0.21085739334721293,-0.9076364731145878,1.5580858702097802,-0.5904035559937899,-0.6467845920628796,0.9778523631178014,-0.9778523631178014
-0.13453967789881824,-0.19060604436626974,-0.14541648253852463,-0.23714094883541695,-0.23092776608536167,-0.18540623762862185,-0.20159001882882036,-0.16323194164801927,-0.27259593642833213,-0.1847278021199067,-0.16541779545229057,-0.057943506189438866,-0.9076364731145878,-0.6418131497883105,-0.5904035559937899,1.546109805755517,0.9778523631178014,-0.9778523631178014
3.5838136615990055,5.929440044098511,1.9107085592293958,6.786684263323568,6.844863970997252,5.902291551189671,1.8874234206996656,5.5728410011839085,4.906437375750786,6.621791230472304,3.9688469104876054,5.861117363519671,-0.9076364731145878,-0.6418131497883105,1.6937567361306989,-0.6467845920628796,0.9778523631178014,-0.9778523631178014
-0.15385895521116685,-0.2395389281737958,-0.16006152585412123,-0.15586867496413212,-0.13629144375308153,-0.1955654717242564,-0.22721692159603268,-0.23836364528416262,-0.14799977957853105,-0.17937050207683325,-0.1958094664682518,-0.22048392248637486,1.101762687619266,1.5580858702097802,-0.5904035559937899,-0.6467845920628796,0.9778523631178014,-0.9778523631178014
-0.19714632597323245,-0.14579468943269455,-0.14513697863616498,-0.12736510694683018,-0.24774205001939853,-0.16349280753028594,-0.1883609409878083,-0.13289943113107996,-0.22355704897772907,-0.18174454742410473,-0.14395320525388536,-0.09540505547668522,-0.9076364731145878,1.5580858702097802,-0.5904035559937899,-0.6467845920628796,0.9778523631178014,-0.9778523631178014
-0.1800251639280799,-0.1803413785815081,-0.1418645871798947,-0.1794292562372108,-0.1892690652671691,-0.0935858334019877,-0.1984372857082199,-0.13350025153163658,-0.16943501082651113,-0.16124558091509744,-0.07894394804581724,-0.12076609506830253,-0.9076364731145878,-0.6418131497883105,-0.5904035559937899,1.546109805755517,-1.022649264569533,1.022649264569533
-0.21696573756118373,-0.19577736031599052,-0.13708734388561605,-0.13925696057605352,-0.18897012391762574,-0.09953090304961514,-0.19337839212013347,-0.1062262355879686,-0.1941540057259278,-0.1610896050806603,-0.11748303372504643,-0.11605706513780449,-0.9076364731145878,1.5580858702097802,-0.5904035559937899,-0.6467845920628796,0.9778523631178014,-0.9778523631178014
-0.10744377833622919,-0.15162412731533978,-0.1657324653888313,-0.14432635972443011,-0.09580785025888439,-0.18818429757278532,-0.24351172474787106,-0.2555918731377528,-0.18154212585605967,-0.1959498400227598,-0.13442606102259574,-0.28047677535481697,1.101762687619266,-0.6418131497883105,1.6937567361306989,-0.6467845920628796,-1.022649264569533,1.022649264569533
-0.1611462502134755,-0.17163824947499884,-0.16097666311659517,-0.13635068559289842,-0.032128194574307725,-0.17531054932022383,-0.250757919071134,-0.2598743096728776,-0.15889172508718358,-0.19744086934661131,-0.2209215381850954,-0.3165335331266287,1.101762687619266,-0.6418131497883105,-0.5904035559937899,-0.6467845920628796,0.9778523631178014,-0.9778523631178014
-0.18874755427734252,-0.18665812910066704,-0.1345445684033087,-0.236664078533342,-0.2309409228446724,-0.19209515478315176,-0.17887288905179205,-0.13071976442222447,-0.21816727899191443,-0.162779690079832,-0.08202735451504067,-0.0075049602788251546,-0.9076364731145878,1.5580858702097802,-0.5904035559937899,-0.6467845920628796,-1.022649264569533,1.022649264569533
-0.15230770122058265,-0.1253561326345097,-0.1655901366618379,-0.1566394246469021,-0.11975781509419844,-0.1842933879535521,-0.23573973413381952,-0.2158415434339466,-0.16513320228866152,-0.18268634827834235,-0.14503443869154015,-0.2423260778388047,1.101762687619266,1.5580858702097802,-0.5904035559937899,-0.6467845920628796,-1.022649264569533,1.022649264569533
-0.18134454960730273,-0.17463099833424547,-0.141669766661972,-0.19421642392951627,-0.19622938434564835,-0.19212774223477463,-0.19163783403783616,-0.09842879362234412,-0.208322084447462,-0.16689423435966372,-0.16987481496915047,-0.10252214513990451,-0.9076364731145878,-0.6418131497883105,-0.5904035559937899,-0.6467845920628796,0.9778523631178014,-0.9778523631178014
-0.17896860011132246,-0.04278078495753217,-0.13848848779541673,-0.15964542989356528,-0.21369561134509402,-0.20374109337343912,-0.17845820234065135,-0.1290423466401319,-0.19425477803145602,-0.17999671515549204,-0.18903670710775716,-0.13667768020774196,-0.9076364731145878,-0.6418131497883105,-0.5904035559937899,-0.6467845920628796,0.9778523631178014,-0.9778523631178014
-0.19301505851068654,-0.06073256452576476,-0.1377119327544141,-0.19860373969913092,-0.2633378379065766,-0.2057053617670079,-0.16966932273194635,-0.14858936559484756,-0.23421266133913737,-0.16799754431471622,-0.09185523416293762,-0.016221638059625294,-0.9076364731145878,-0.6418131497883105,-0.5904035559937899,-0.6467845920628796,-1.022649264569533,1.022649264569533
6.177472868123091,6.860773448991528,1.6464307155192002,5.78659892645556,3.1849189362857167,4.8291544897736465,1.7939283513526525,4.477976172695645,6.72866511256752,2.6971321699483752,6.014715541354734,3.2380684377373514,-0.9076364731145878,-0.6418131497883105,1.6937567361306989,-0.6467845920628796,-1.022649264569533,1.022649264569533
-0.18666118107746596,-0.1685592267755578,-0.13976754492911153,-0.21836124309686558,-0.2749242421015243,-0.18110473524285192,-0.1743279796275965,-0.12883961328708782,-0.2306754817221719,-0.1807548340442789,-0.10800389567443072,-0.01954015546746341,-0.9076364731145878,-0.6418131497883105,1.6937567361306989,-0.6467845920628796,-1.022649264569533,1.022649264569533
-0.17815272686629935,-0.18255654479892444,-0.14001806244050385,-0.21834403108887782,-0.2521768375358656,-0.25784824436618065,-0.17348109205388143,-0.12759524860145938,-0.23793977595062776,-0.18708528583462616,0.07076635147029918,-0.058743757418588984,-0.9076364731145878,-0.6418131497883105,-0.5904035559937899,1.546109805755517,0.9778523631178014,-0.9778523631178014
-0.2325345304162061,-0.262998286336181,-0.1349659846522496,-0.11669724335015763,-0.27233150050680555,-0.2000779977020384,4.883924993657974,-0.12356464570354828,-0.3544156620625507,-0.1863370322220588,-0.15068215413931213,-0.08922732558732437,-0.9076364731145878,1.5580858702097802,-0.5904035559937899,-0.6467845920628796,0.9778523631178014,-0.9778523631178014
-0.11922389679969055,-0.2070537446396342,-0.12704069938528104,-0.05027230669341008,0.07046041884088093,-0.2385642363621303,-0.22454892941197435,-0.2794970302370857,-0.09163122711607154,-0.16417680309139923,-0.14527991718850938,-0.403186245741274,1.101762687619266,-0.6418131497883105,-0.5904035559937899,1.546109805755517,0.9778523631178014,-0.9778523631178014
-0.1978288991037841,-0.1273388287366156,-0.13898679954663778,-0.17188039631308907,-0.20589959916460726,-0.20471943604416953,-0.1788475803898342,-0.155991887797623,-0.25232508668083786,-0.1815259959331645,-0.1723891186984598,-0.13970983261803685,-0.9076364731145878,1.5580858702097802,-0.5904035559937899,-0.6467845920628796,0.9778523631178014,-0.9778523631178014
-0.16951694423590413,-0.14965531539171842,-0.14239424883780055,-0.1545315914534094,-0.23046356358420267,-0.1616966519400585,-0.20471332945452084,-0.1232887981745684,-0.24164009694015046,-0.18024194908352584,-0.3320292520380481,-0.09135903529644765,-0.9076364731145878,-0.6418131497883105,-0.5904035559937899,1.546109805755517,0.9778523631178014,-0.9778523631178014
-0.16391061229337872,-0.22007694720465806,0.22345857832244662,0.8552055752709846,5.5898483986860805,4.288885175985402,1.116753552744429,1.2113875997836727,6.390153871238556,-0.16934391479043578,7.60086310319804,0.947688184647418,1.101762687619266,-0.6418131497883105,-0.5904035559937899,1.546109805755517,0.9778523631178014,-0.9778523631178014
-0.1072871390641014,-0.17301703741725163,-0.1513384060141059,-0.15918175672763757,-0.1079445610933056,-0.18779548316393685,-0.22448210232013893,-0.22113476883888447,-0.13036830585421424,-0.14484821809366977,-0.212871096970575,-0.22005279519548185,1.101762687619266,-0.6418131497883105,1.6937567361306989,-0.6467845920628796,-1.022649264569533,1.022649264569533
-0.192643763816667,-0.15908878848444352,-0.13824334060101462,-0.17031197264559164,-0.23675894777421994,-0.16917788206431772,-0.16930618623634788,-0.09332586609584798,-0.16082343224258236,-0.16857676177912365,-0.1700426318394972,-0.06443812998745835,-0.9076364731145878,-0.6418131497883105,-0.5904035559937899,1.546109805755517,0.9778523631178014,-0.9778523631178014
-0.22044737727534505,-0.15997846158722376,-0.14442485001056415,-0.18626561964386779,-0.3246102672839924,-0.0892632128807983,-0.19131593802748945,-0.14828878992581554,-0.16365442380053982,-0.19638903059407206,-0.09864242482761475,-0.018690358152551764,-0.9076364731145878,1.5580858702097802,-0.5904035559937899,-0.6467845920628796,0.9778523631178014,-0.9778523631178014
-0.2006825197498644,-0.1521828842399463,-0.13474290356649238,-0.17052215462009818,-0.20166023169986183,-0.17575513904172793,-0.1711204006536911,-0.10531053414817519,-0.18591060340470633,-0.16626657902963307,-0.09380046875879089,-0.1023227620615679,-0.9076364731145878,1.5580858702097802,-0.5904035559937899,-0.6467845920628796,0.9778523631178014,-0.9778523631178014
-0.18424712719920555,-0.13545243363243945,-0.13304600099755456,-0.21997481713211126,-0.2561640979679373,-0.1870748023216514,-0.16588455223761245,-0.09578393657439117,-0.1905435148847059,-0.1650651763409254,-0.13971681099470393,-0.021133042083757804,-0.9076364731145878,-0.6418131497883105,1.6937567361306989,-0.6467845920628796,0.9778523631178014,-0.9778523631178014
-0.12831782572539513,-0.1859309814108592,-0.15612417749718246,-0.1529795814391478,-0.08669969903255557,-0.17730230525980611,-0.23980267575208922,-0.21137150293149473,-0.13241426801773254,-0.1783533186741286,-0.22332855770438784,-0.21788495581409636,1.101762687619266,-0.6418131497883105,1.6937567361306989,-0.6467845920628796,-1.022649264569533,1.022649264569533
-0.17008043229977696,-0.1508624112084834,-0.1615573534604809,-0.27382291657848234,-0.1687013595381648,-0.11556742912682715,-0.23814719784416286,-0.1297900313473506,-0.17930757604394998,-0.1777159553737007,-0.18232090749338975,-0.09588393980937762,1.101762687619266,1.5580858702097802,-0.5904035559937899,-0.6467845920628796,-1.022649264569533,1.022649264569533
-0.17469918761920597,-0.09470948830644607,-0.13499219571240142,-0.21754130841768315,-0.234266141463356,-0.22482242690126067,-0.17439002945899626,-0.13825476682497398,-0.216521596663801,-0.17582469480632865,-0.1587515655164699,-0.04795356571392554,-0.9076364731145878,-0.6418131497883105,-0.5904035559937899,-0.6467845920628796,0.9778523631178014,-0.9778523631178014
-0.1630739388531056,-0.2120182473551104,-0.1519240818887826,-0.24653765826945057,-0.18387339842020978,-0.11034063691015718,-0.21078624794349493,-0.1669553959453611,-0.1742189404582927,-0.18325958641504952,-0.1851506036819605,-0.14908487551808544,-0.9076364731145878,1.5580858702097802,-0.5904035559937899,-0.6467845920628796,0.9778523631178014,-0.9778523631178014
-0.8405612670572501,-0.20595342722416735,-0.12512509489795134,-0.1899077124517917,-0.24903838447563406,-0.18860588487346927,5.518569455016934,-0.0968464295682702,-0.2277828811404724,-0.17062495268217157,-0.10648011364855793,-0.036870061330288466,-0.9076364731145878,-0.6418131497883105,-0.5904035559937899,1.546109805755517,-1.022649264569533,1.022649264569533
5.053103611734925,3.988186407728866,1.9545152984375642,5.8983428789902455,5.983615361808133,5.108425242577191,2.1654102810360256,5.942620565403026,4.526895890796301,6.965906984647035,6.397062987510022,7.0135339086359325,-0.9076364731145878,1.5580858702097802,-0.5904035559937899,-0.6467845920628796,0.9778523631178014,-0.9778523631178014
-0.19210503103460905,-0.21007230251912454,-0.1300427559143796,-0.16101675495179824,-0.2334154258593594,-0.27471010952816366,-0.1471251579233731,-0.13682297992878487,-0.22132526134310235,-0.1754286862578801,-0.08343799114949105,-0.07672899528100012,-0.9076364731145878,-0.6418131497883105,-0.5904035559937899,1.546109805755517,0.9778523631178014,-0.9778523631178014
-0.178831654433563,-0.19528822818396963,-0.1391544026117323,-0.20501484896100125,-0.2649021500309593,-0.1928804093897914,-0.18662309090180823,-0.11263393895969998,-0.26595544701243945,-0.17012150039843563,-0.12690123739219178,-0.06831422619984691,-0.9076364731145878,-0.6418131497883105,-0.5904035559937899,1.546109805755517,-1.022649264569533,1.022649264569533
-0.17492507582899697,-0.3190415513018113,-0.15549629674196921,-0.17335249122447577,-0.24862017237433973,-0.12374897162560505,-0.21487098543749433,-0.14825300435479433,-0.25223187611222575,-0.18839682481863876,-0.14947759268281866,-0.09787210630701827,-0.9076364731145878,-0.6418131497883105,-0.5904035559937899,1.546109805755517,-1.022649264569533,1.022649264569533
-0.1950580932315586,-0.1704431786115044,-0.1429383806043197,-0.1484524799012719,-0.2136915812516286,-0.17421952460779416,-0.18322582981614596,-0.09103068714322761,-0.21399327265873594,-0.17846911747558944,-0.20199202328174606,-0.12390288664709186,-0.9076364731145878,1.5580858702097802,-0.5904035559937899,-0.6467845920628796,-1.022649264569533,1.022649264569533
-0.30957212242041743,0.013738961716804981,-0.05207709779308007,-0.1809172256549774,-0.918415847271508,-0.6741368726326263,0.18635834526781073,-0.1519243770556612,-0.2539768632228044,-0.18830343469659694,-1.010220795248218,0.8108487969741482,-0.9076364731145878,-0.6418131497883105,1.6937567361306989,-0.6467845920628796,0.9778523631178014,-0.9778523631178014
-0.15921083634286243,-0.15401808406899906,-0.1492183709236018,-0.1814931142407388,-0.08914054356457313,-0.12761554007231884,-0.23464892958762573,-0.20152497344203044,-0.13104303035360532,-0.1759392251582681,-0.14644415707007744,-0.21425108924429656,1.101762687619266,-0.6418131497883105,-0.5904035559937899,1.546109805755517,-1.022649264569533,1.022649264569533
-0.11026615194380099,-0.05748542402976294,1.9066226710035683,-0.19876178237090059,-0.11042702051664083,-0.17923214827122824,-0.23453529455794805,-0.21162001735825378,-0.1297905929899931,-0.17678203881786958,-0.20195794613179457,-0.21234769018260347,1.101762687619266,-0.6418131497883105,1.6937567361306989,-0.6467845920628796,0.9778523631178014,-0.9778523631178014
-0.43743088764459653,-0.16819612419393173,-0.13882178747237134,-0.21445560315889506,-0.24569309225836827,-0.17071499405075427,-0.17332463239569615,-0.11449155540905943,-0.25778220103939403,-0.18204376090298366,-0.13833868129411345,-0.056443560192990676,-0.9076364731145878,-0.6418131497883105,-0.5904035559937899,1.546109805755517,0.9778523631178014,-0.9778523631178014
-0.18604625577320663,-0.07842859671279519,-0.14376767855563888,-0.14894736482204507,-0.22523023015773608,-0.18947492218954487,-0.18174735426595676,-0.1406151380543592,-0.2302049675434187,-0.19579204569316813,-0.3582621110995865,-0.1368240291098839,-0.9076364731145878,-0.6418131497883105,-0.5904035559937899,-0.6467845920628796,0.9778523631178014,-0.9778523631178014
-0.15613686844128644,-0.16042642598389448,-0.15722355179198572,-0.17605522114735056,-0.14819079743817157,-0.16496292707346263,-0.23751572774544105,-0.2034508422092662,-0.15948330744968148,-0.17195376532014137,-0.1763669619409654,-0.19059420505444638,1.101762687619266,1.5580858702097802,-0.5904035559937899,-0.6467845920628796,-1.022649264569533,1.022649264569533
-0.20127324389679363,-0.18996755722952963,-0.13625335149425088,-0.18027523920669852,-0.20164712663078244,-0.13388073031149927,-0.18652656370371257,-0.11212317733421522,-0.20451596968078767,-0.15391425914848247,-0.15963532200273414,-0.06429552836456984,-0.9076364731145878,-0.6418131497883105,1.6937567361306989,-0.6467845920628796,0.9778523631178014,-0.9778523631178014
-0.2088296810419299,-0.29046403438152835,-0.1361384686971333,-0.17096676372684796,-0.2531079925322686,-0.2073476209394905,-0.16531494085524784,-0.12344915517453903,-0.19116738413726062,-0.1907407670341853,-0.12477778503019896,-0.10479783567672477,-0.9076364731145878,-0.6418131497883105,-0.5904035559937899,-0.6467845920628796,0.9778523631178014,-0.9778523631178014
-0.17969147753320047,-0.21290851632404628,-0.12937583426790833,-0.1643985455019684,-0.2286455023519059,-0.2249334383989585,-0.1633006626661717,-0.12542341768905155,-0.22070410640913773,-0.16681095493390624,-0.194542714445441,-0.09433938219282043,-0.9076364731145878,-0.6418131497883105,1.6937567361306989,-0.6467845920628796,-1.022649264569533,1.022649264569533
-0.16071461715493607,-0.15170202967773563,-0.15146159075511362,-0.18487034384693082,-0.223146651386522,-0.1470447649812182,-0.21106518848608802,-0.14003709046792773,-0.2519639134762768,-0.1824694098582029,-0.19239092147238593,-0.10445131644831834,-0.9076364731145878,-0.6418131497883105,-0.5904035559937899,-0.6467845920628796,-1.022649264569533,1.022649264569533
-0.20462978715880759,-0.17007314511708638,-0.1307245528564467,-0.16476083240828282,-0.16686860519099084,-0.2148152025009888,-0.16702415056370976,-0.1058864603936269,-0.22970712926028408,-0.14913601983135974,-0.19812209455184632,-0.08509720186976132,-0.9076364731145878,-0.6418131497883105,-0.5904035559937899,1.546109805755517,-1.022649264569533,1.022649264569533
-0.1360685120920814,-0.16775494417452438,-0.1773806766339734,-0.17396262194092146,-0.11360216698208343,-0.16863383142057384,-0.25677538016502266,-0.21470662469366486,-0.13816786490830613,-0.1969253241347081,-0.17253559471205285,-0.27196665717372637,1.101762687619266,-0.6418131497883105,-0.5904035559937899,-0.6467845920628796,-1.022649264569533,1.022649264569533
-0.19445387341235432,-0.22072748965674308,-0.14095766645237282,-0.23677997234787512,-0.2724820497515454,-0.20932562557331072,-0.17530112893128594,-0.11941687111884489,-0.22674189406734338,-0.182528384560329,-0.10123407184319413,-0.014482164255556988,-0.9076364731145878,-0.6418131497883105,-0.5904035559937899,-0.6467845920628796,-1.022649264569533,1.022649264569533
4.779946475533208,8.628035564069165,1.1115227610885745,4.901957031334592,4.151335390781342,4.08288200168188,0.8455208809032764,4.530019282654301,4.496740114586749,4.398711606548181,6.9746860728543725,6.0407772616873565,1.101762687619266,-0.6418131497883105,-0.5904035559937899,1.546109805755517,0.9778523631178014,-0.9778523631178014
-0.2036184856206491,-0.16176350222941793,-0.13988916379789293,-0.1110008311599024,-0.1578954260830898,-0.14302426237575783,-0.19152352655353505,-0.0901720800403144,-0.23775076018993985,-0.1555532326019428,-0.2637435185458797,-0.15420076985443568,-0.9076364731145878,1.5580858702097802,-0.5904035559937899,-0.6467845920628796,-1.022649264569533,1.022649264569533
-0.1911656265648599,-0.15376044308159195,-0.1326834720119974,-0.16882215030215306,-0.19096062327210625,-0.30672574818214576,-0.20112221028924845,-0.0944757205463501,-0.2589387016801397,-0.17121488595136305,-0.14685836951677902,-0.1407256653495361,-0.9076364731145878,-0.6418131497883105,-0.5904035559937899,-0.6467845920628796,-1.022649264569533,1.022649264569533
-0.19785769166855605,-0.21772114338336715,-0.1450133973099857,-0.16212265414561045,-0.2742833719247158,-0.11221892160339224,-0.18990217044496896,-0.14789899954997823,-0.16389916511686406,-0.19694195269922485,-0.12181943783089813,-0.10899830086374963,-0.9076364731145878,1.5580858702097802,-0.5904035559937899,-0.6467845920628796,-1.022649264569533,1.022649264569533
-0.1710272937262489,-0.21859672766600538,-0.13953745793142316,-0.2189769195077465,-0.2555435880160673,-0.20862346904921075,-0.1809208711762232,-0.188513383692307,-0.24616418522285927,-0.18436526584325177,-0.2294062485855488,-0.06672897657105697,-0.9076364731145878,1.5580858702097802,-0.5904035559937899,-0.6467845920628796,-1.022649264569533,1.022649264569533
-0.4225615296736939,-0.0857017358968186,-0.14168372598250323,-0.19730466077809847,-0.26608000747459337,-0.20208032923640512,-0.1784621861266082,-0.15631414134847932,-0.2295541306153159,-0.19377202958622552,-0.14285886895324715,-0.05194507535522013,-0.9076364731145878,-0.6418131497883105,-0.5904035559937899,1.546109805755517,0.9778523631178014,-0.9778523631178014
-0.22734751583320265,-0.23757340874446684,-0.13834205651793166,-0.16810566245679373,-0.275229962035076,-0.20540898395261464,-0.16270888855283902,-0.1276375442916517,-0.2067092102923952,-0.19555640812088199,-0.21275954841675063,-0.06833322572354336,-0.9076364731145878,-0.6418131497883105,-0.5904035559937899,1.546109805755517,0.9778523631178014,-0.9778523631178014
-0.16619412013388704,-0.13096157635429492,-0.15060568594627577,-0.12391811223820762,-0.0947916073999392,-0.2539869680708195,-0.2228656530657489,-0.2296262047784343,-0.17611840286842292,-0.14579548417647584,-0.14610368719321998,-0.20895390665744948,1.101762687619266,-0.6418131497883105,-0.5904035559937899,-0.6467845920628796,0.9778523631178014,-0.9778523631178014
-0.17501621263426173,-0.21754901939102264,-0.14293147656657829,-0.17587827178576687,-0.22446903078118977,-0.18384839780205967,-0.19761822991552624,-0.08593838025624398,-0.23816783813796544,-0.15018526715849176,-0.1014318528145483,-0.1266479772492128,-0.9076364731145878,-0.6418131497883105,1.6937567361306989,-0.6467845920628796,0.9778523631178014,-0.9778523631178014
-0.12670161711642577,-0.2074085547582499,-0.1571022554303388,-0.12834344226645505,-0.09357569248103989,-0.30645053817473644,-0.2244719985126024,-0.3061488751560493,-0.1967629485468447,-0.19284279300504392,-0.2173719379389275,-0.2895543683168284,1.101762687619266,-0.6418131497883105,-0.5904035559937899,1.546109805755517,-1.022649264569533,1.022649264569533
-0.13631027303175827,-0.24596351942161296,-0.16470650925453215,-0.18193639472897613,-0.10736264908462859,-0.09254787034248341,-0.2531207212545153,-0.2079727891869629,-0.15703501567834163,0.12261988257291614,-0.10151968845932835,-0.221935352497655,1.101762687619266,-0.6418131497883105,-0.5904035559937899,-0.6467845920628796,0.9778523631178014,-0.9778523631178014
-0.28940359640584223,-0.1270980811201927,-0.1488016341649133,-0.11969352542703694,-0.010205266106327188,-0.21171043759586688,-0.23932415444649238,-0.30135397178448686,-0.12405446592350061,-0.17031531263286748,-0.21347533771378627,-0.2585953083264753,1.101762687619266,1.5580858702097802,-0.5904035559937899,-0.6467845920628796,0.9778523631178014,-0.9778523631178014
-0.15820719412359485,-0.21673566141644401,-0.17018945484271256,-0.24270314782539104,-0.14977075578958002,-0.1838432539329928,-0.2343134225066377,-0.1663881048324392,-0.16306347165727464,-0.17381014965433483,-0.24933753966318126,-0.1521294850381062,1.101762687619266,-0.6418131497883105,-0.5904035559937899,-0.6467845920628796,-1.022649264569533,1.022649264569533
-0.192177382510437,-0.1945888233296789,-0.1320167528471958,-0.20054836313811453,-0.20513984277205902,-0.17574685716029595,0.8660052471623391,-0.1260083601092945,-0.19581263500571608,-0.20990419912709604,-0.21280003712049717,-0.07751314300698378,-0.9076364731145878,-0.6418131497883105,-0.5904035559937899,1.546109805755517,0.9778523631178014,-0.9778523631178014
-0.1487736866732336,-0.1317730807074883,-0.15530581331989,-0.22658653242090107,-0.10398408354301418,-0.12234234596665108,-0.23825340509039977,-0.16267591903353695,-0.12531725108611794,-0.15178612657451748,-0.09597432619104534,-0.15848277893631796,1.101762687619266,-0.6418131497883105,1.6937567361306989,-0.6467845920628796,-1.022649264569533,1.022649264569533
-0.11396438367692205,-0.14713074658750358,-0.15414368739394615,-0.16644667445653752,-0.1224101484184929,-0.20098388494047817,-0.2294571052201287,-0.23327478133971044,-0.14589107722012282,-0.18416933831255047,-0.234090090583783,-0.24272865494008847,1.101762687619266,-0.6418131497883105,-0.5904035559937899,-0.6467845920628796,-1.022649264569533,1.022649264569533
-0.1905494986132045,-0.22430951853299408,-0.1416457727779253,-0.16962091402793295,-0.26198783155738853,-0.16710511043644058,-0.19418786276869643,-0.11812752098984242,-0.23158845384322338,-0.18023159439179487,-0.20261419886032825,-0.06241173968688517,-0.9076364731145878,-0.6418131497883105,1.6937567361306989,-0.6467845920628796,-1.022649264569533,1.022649264569533
-0.1346392681147968,-0.11083548693675713,-0.15447270055225304,-0.13677236040441196,-0.07159343998091912,-0.22316410791866598,-0.22780813253032173,-0.27807326025305323,-0.14942379185463914,-0.18156510298019554,-0.11727538774666417,-0.27034531578268417,1.101762687619266,-0.6418131497883105,1.6937567361306989,-0.6467845920628796,-1.022649264569533,1.022649264569533
-0.5269750129275657,-0.19433476990137424,-0.1433108728886953,-0.25956296669808104,-0.18748838563665673,-0.14572351670377187,-0.16554928745691516,-0.14553168805727226,-0.003992051924111233,-0.15889040437753382,-0.10407137046373927,-0.04993453410183306,-0.9076364731145878,-0.6418131497883105,1.6937567361306989,-0.6467845920628796,0.9778523631178014,-0.9778523631178014
-0.1607709601827038,-0.07620314643953745,-0.13677839919273835,-0.16839708312802415,-0.21398066560940915,-0.2552812908834172,-0.17946128403668737,-0.16341336821330044,-0.23556624225716033,-0.18210668158888824,-0.2704328789758036,-0.07366517176068635,-0.9076364731145878,1.5580858702097802,-0.5904035559937899,-0.6467845920628796,-1.022649264569533,1.022649264569533
-0.21977684643603196,-0.10126722873827579,-0.13901315830337374,-0.16956018746709836,-0.22324002574608073,-0.0925145813153387,5.0631397473298225,-0.059200426279604354,-0.16627630530588536,-0.16534853948655115,-0.1801073585821648,-0.0867836639718755,-0.9076364731145878,-0.6418131497883105,1.6937567361306989,-0.6467845920628796,-1.022649264569533,1.022649264569533
-0.24456434697634283,-0.17371417871653516,-0.14281084861653923,-0.14791606484000475,-0.25878349024544245,-0.11732940526368453,-0.1737118316520369,-0.12042981700438281,-0.16227382155012096,-0.17634522018097715,-0.3270616842946882,-0.06943547289949478,-0.9076364731145878,1.5580858702097802,-0.5904035559937899,-0.6467845920628796,0.9778523631178014,-0.9778523631178014
-0.21851325692665438,-0.25651819150122956,-0.14219453283172606,-0.1278271934361557,-0.22050940538792274,-0.10224204194084245,-0.19619833005091508,-0.1150292466732785,-0.2127217718214409,-0.1882088833144563,-0.1391416972825956,-0.15144995407403025,-0.9076364731145878,-0.6418131497883105,-0.5904035559937899,1.546109805755517,0.9778523631178014,-0.9778523631178014
-0.086977911991019,-0.22404577170141685,-0.15243276983086756,-0.12056984684990078,-0.13688840814694905,-0.19952696619742313,-0.3637531673447959,-0.24212094862728956,-0.17202917133542941,-0.40281318463828486,-0.16643622702969932,-0.28578583584834766,-0.9076364731145878,-0.6418131497883105,-0.5904035559937899,-0.6467845920628796,0.9778523631178014,-0.9778523631178014
-0.19534469811034066,-0.16985887450011605,-0.13711822574488167,-0.19494464848724016,-0.2705623834953816,-0.1507295713306686,-0.17886330264898057,-0.17429851903712662,-0.1993302744076189,-0.18575806036545886,-0.24506983234903107,-0.0387174849431142,-0.9076364731145878,-0.6418131497883105,-0.5904035559937899,1.546109805755517,-1.022649264569533,1.022649264569533
-0.16250903266654604,-0.1771996356187418,-0.1455041903197409,-0.11857329660622071,-0.20784930677044838,-0.21376341705137575,-0.1874414517291601,-0.15457839107848936,-0.27817506885679977,-0.1829382256079665,-0.18609917125650127,-0.1347683494137091,-0.9076364731145878,1.5580858702097802,-0.5904035559937899,-0.6467845920628796,0.9778523631178014,-0.9778523631178014
-0.2192322918652769,-0.1287931078119046,-0.15475770318600868,-0.12329881139994679,-0.2176070139702186,-0.15560502359593656,-0.20133661431391423,-0.11937013575720368,-0.17444025868251775,-0.21024087789524204,-0.22364069290415803,-0.14338647470116433,-0.9076364731145878,-0.6418131497883105,-0.5904035559937899,1.546109805755517,0.9778523631178014,-0.9778523631178014
-0.19836792193247088,-0.2072343833448112,-0.13987436655037147,-0.1694298155673479,-0.2711069800789238,-0.15000435347808638,-0.18045020260623332,-0.1501169549295506,-0.20535766241484207,-0.17619030831968416,-0.14764635541298973,-0.062127889037183616,-0.9076364731145878,-0.6418131497883105,1.6937567361306989,-0.6467845920628796,0.9778523631178014,-0.9778523631178014
-0.13241758697589623,-0.1368866236358264,-0.14529073120924682,-0.18511878886248884,-0.17317919530013676,-0.24679517240745216,-0.1903755774736218,-0.10842274335950483,-0.25202412607661967,-0.1828815428283419,-0.20694130650551865,-0.16217775264681644,-0.9076364731145878,-0.6418131497883105,1.6937567361306989,-0.6467845920628796,0.9778523631178014,-0.9778523631178014
-0.11384898670233368,-0.20668560564789146,-0.15084157339686563,-0.17430837440892852,-0.026283506267730718,-0.24881574143625257,-0.23605685102973917,-0.27863250531333883,-0.14764634505171184,-0.16053466913546244,-0.13816930217701262,-0.22331060262455485,1.101762687619266,-0.6418131497883105,-0.5904035559937899,1.546109805755517,-1.022649264569533,1.022649264569533
-0.22870930001041723,-0.437904481801388,-0.27027260386578944,-0.018254823784668882,0.532133080076967,-0.3686828041022996,-0.3739085610964,-0.42315852401392906,-0.10211375296391745,-0.12442555631460188,0.6524816264351831,-1.1205641625804372,1.101762687619266,-0.6418131497883105,-0.5904035559937899,1.546109805755517,-1.022649264569533,1.022649264569533
-0.22128660609490414,-0.038782594294684405,-0.14295617684308887,-0.12329126927794781,-0.17067113025106498,-0.14372160968521167,-0.18650359576342523,-0.09589086475078883,-0.221361606789673,-0.16079566118991137,-0.15277805273916362,-0.13996404123623807,-0.9076364731145878,-0.6418131497883105,1.6937567361306989,-0.6467845920628796,0.9778523631178014,-0.9778523631178014
-0.24743694311291986,-0.1628734137038889,-0.13891789944401234,-0.15545725170833397,-0.1996797423584044,-0.12923300183993663,-0.16770609411337017,-0.10867682111433122,-0.18581170641503503,-0.1806940400921311,-0.14473563935617087,-0.03785944700318994,-0.9076364731145878,-0.6418131497883105,-0.5904035559937899,1.546109805755517,0.9778523631178014,-0.9778523631178014
4.505815010231818,7.7280447649508135,1.8994435645716403,4.916016185865063,4.539585151124003,4.1656751145929,1.5911558418265495,3.846220915006549,6.453927711004299,4.952407147765924,5.6297344797351645,5.29051264339267,1.101762687619266,-0.6418131497883105,1.6937567361306989,-0.6467845920628796,-1.022649264569533,1.022649264569533
-0.13524069979456257,-0.10955681841013502,-0.1606608839276808,-0.13664183799540172,-0.09240098977681761,-0.1624331521071165,-0.24274743318086703,-0.25018839884686955,-0.1603685954068833,-0.19183970579447146,-0.26176259342889746,-0.2988487152294091,1.101762687619266,-0.6418131497883105,-0.5904035559937899,1.546109805755517,-1.022649264569533,1.022649264569533
-0.12607341219666615,-0.10267004629812433,-0.1532803683917418,-0.13484232585574848,-0.155508916437217,-0.18979334894376024,-0.2287760307625225,-0.24411243017771078,-0.16268219749853877,-0.18933487205622382,-0.07181113494357391,-0.2348421564181833,1.101762687619266,-0.6418131497883105,-0.5904035559937899,1.546109805755517,0.9778523631178014,-0.9778523631178014
-0.1850570410998228,-0.13226811747112946,-0.1436942706995647,-0.1712601973424467,-0.24438860580254348,-0.17874373251284104,-0.18579329893773605,-0.1251315856951397,-0.23100151425872587,-0.18597223713679886,-0.13206222212422955,-0.09360777573348622,-0.9076364731145878,1.5580858702097802,-0.5904035559937899,-0.6467845920628796,-1.022649264569533,1.022649264569533
-0.21046209269553792,-0.23959975863901536,-0.13216196309964467,-0.23854030380515948,-0.26435418583199344,-0.18739055416130598,-0.1680369914345944,-0.11754875055443754,-0.21882248617086308,-0.15576208983667764,-0.11595051924099403,0.04069267605324126,-0.9076364731145878,1.5580858702097802,-0.5904035559937899,-0.6467845920628796,0.9778523631178014,-0.9778523631178014
4.537294071347541,7.423267292301637,2.4028756096384725,5.713201593240939,7.120723255935407,5.544342537220234,1.8708042271273977,7.913232836923812,3.4950767177320428,5.192421510662668,8.586572400709743,8.707841534789717,-0.9076364731145878,-0.6418131497883105,1.6937567361306989,-0.6467845920628796,-1.022649264569533,1.022649264569533
-0.15979438300817853,-0.2925402757628977,-0.14997704645950932,-0.11124535919967053,-0.08668110320888871,-0.2454941922831443,-0.22915521357709315,-0.258336828721153,-0.14982716931901455,-0.16028868138851263,-0.16431408796191632,-0.20878052001213654,1.101762687619266,-0.6418131497883105,1.6937567361306989,-0.6467845920628796,-1.022649264569533,1.022649264569533
-0.1376844966399528,-0.21882104840519503,-0.15215710527281048,-0.15471926522143284,-0.055373250161427856,-0.17311520943451483,-0.2372426434713828,-0.24406380811216916,-0.14359500334506395,-0.1828455696636957,-0.11901217965849846,-0.19971022189558693,-0.9076364731145878,-0.6418131497883105,1.6937567361306989,-0.6467845920628796,-1.022649264569533,1.022649264569533
-0.13658109800336138,-0.17209628458322415,-0.15493783664929772,-0.160455381859809,-0.12253489639286103,-0.21528707251207327,-0.22216319515711197,-0.24663046167911243,-0.17996908284308574,-0.16680492885788992,0.025058936248834422,-0.22717252594451703,1.101762687619266,1.5580858702097802,-0.5904035559937899,-0.6467845920628796,0.9778523631178014,-0.9778523631178014
-0.09124840914897989,-0.20644931457764829,-0.1534372433644048,-0.1312905040115415,-0.08743628758801045,-0.20868430457513443,-0.23454172418852978,-0.26377155979567257,-0.13997677760679914,-0.165739421475623,-0.17437440837342189,-0.28381433845040965,1.101762687619266,1.5580858702097802,-0.5904035559937899,-0.6467845920628796,0.9778523631178014,-0.9778523631178014
-0.22610520336603404,-0.12173484241577881,-0.13973885519186507,-0.14219324213042064,-0.17770520692104746,-0.17152961659488947,-0.18024253866656198,-0.11819940530769064,-0.20763492501382613,-0.17793927449661961,-0.15225129920702932,-0.12417236813530057,-0.9076364731145878,1.5580858702097802,-0.5904035559937899,-0.6467845920628796,-1.022649264569533,1.022649264569533
-0.18758895863119557,-0.26786527137781374,-0.1339964909132212,-0.2024001840233635,-0.20250214076140374,-0.1432724468243004,-0.17344684246075684,-0.07455149298502693,-0.21051888100014407,-0.1510920054285431,-0.19213555165068041,-0.04268346695374548,-0.9076364731145878,1.5580858702097802,-0.5904035559937899,-0.6467845920628796,0.9778523631178014,-0.9778523631178014
-0.18286921672208906,-0.21693987393162925,-0.13423776661293413,-0.22249465639914498,-0.22489043537923342,-0.08188938261275377,-0.20693948648724236,-0.13079174593169143,-0.17850611417375892,-0.4035849065533892,-0.20376982115733258,-0.036025036698601166,-0.9076364731145878,-0.6418131497883105,1.6937567361306989,-0.6467845920628796,0.9778523631178014,-0.9778523631178014
-0.14176767340330182,-0.16757893629050002,-0.15824421212718226,-0.23677015490765363,-0.1889980293538124,-0.1509598572681788,-0.2219551007637599,-0.1617584610358767,-0.14307392361253946,-0.16136341199034848,-0.07661327218743795,-0.09339213163020454,1.101762687619266,-0.6418131497883105,1.6937567361306989,-0.6467845920628796,0.9778523631178014,-0.9778523631178014
-0.1938415614403454,-0.24639514427503847,-0.14141132372044826,-0.16410123231968282,-0.25636916671367793,-0.1725274562334849,-0.17770942564680753,-0.10774602311728672,-0.24251547731057202,-0.1862533760564173,-0.25197799767791523,-0.07049988253632204,-0.9076364731145878,-0.6418131497883105,-0.5904035559937899,1.546109805755517,0.9778523631178014,-0.9778523631178014
-0.2351497265479631,-0.1247800719453647,-0.14381457686803503,-0.16237028394855815,-0.23580759308456414,-0.14402682975949396,-0.17510535677116876,-0.1290424945469979,-0.2107863428691746,-0.20117363286477968,-0.167951304956313,-0.069515100897558,-0.9076364731145878,-0.6418131497883105,-0.5904035559937899,-0.6467845920628796,0.9778523631178014,-0.9778523631178014
-0.1718508878720981,-0.11248763011660741,-0.1449745537658609,-0.12362602019605463,-0.20024797358876031,-0.19950002199505507,-0.19219173068658202,-0.12483133849370351,-0.22765044884686447,-0.19556699593929475,-0.21121151198855131,-0.1993900919405739,-0.9076364731145878,-0.6418131497883105,-0.5904035559937899,-0.6467845920628796,0.9778523631178014,-0.9778523631178014
-0.17896946360326402,-0.12459799288846045,-0.14135788488216214,-0.15837542995468132,-0.20531047231243163,-0.11526366061758386,5.0631397473298225,-0.11376768673393464,-0.20794378249330575,-0.17937530657825582,-0.18204072223263731,-0.11324651616120367,-0.9076364731145878,-0.6418131497883105,1.6937567361306989,-0.6467845920628796,0.9778523631178014,-0.9778523631178014
-0.19538665142234404,-0.1788077084799025,-0.1419152770549314,-0.17431845314832164,-0.24368083777840935,-0.16002969091223332,-0.18595664761726458,-0.13178047500708498,-0.18544067626957214,-0.17684391005674532,-0.19280262896636172,-0.106198736264458,-0.9076364731145878,1.5580858702097802,-0.5904035559937899,-0.6467845920628796,0.9778523631178014,-0.9778523631178014
-0.17705458922820105,-0.2437960028054393,-0.14108696376413735,-0.1938162704321885,-0.22326580869912654,-0.19179562401624367,-0.17597220382783282,-0.10907135435645468,-0.21128364454241358,-0.17146393876656774,-0.14449351006212913,-0.10990053465845108,-0.9076364731145878,-0.6418131497883105,1.6937567361306989,-0.6467845920628796,-1.022649264569533,1.022649264569533
-0.2122934440547144,-0.18238360451744015,-0.1404482657750751,-0.13685732917168775,-0.21502766186969016,-0.18053479968498792,-0.16832426010658252,-0.1289804664354261,-0.22361758664777115,-0.155345262102497,-0.2567312935725619,-0.09397835652934244,-0.9076364731145878,-0.6418131497883105,1.6937567361306989,-0.6467845920628796,-1.022649264569533,1.022649264569533
-0.11501273953586581,-0.14816625423531443,-0.15230231432162225,-0.13286344236101164,-0.1519524677279291,-0.22456163935812634,-0.21447928379349054,-0.23479698392943305,-0.1980428804649749,-0.1688450684311746,-0.16783825999054916,-0.22500388484031397,-0.9076364731145878,-0.6418131497883105,-0.5904035559937899,-0.6467845920628796,-1.022649264569533,1.022649264569533
-0.42895180950009487,-0.14645971520281303,-0.14832575348597996,-0.13546815580650198,-0.18656574840278284,-0.16561308452305745,-0.16889224431809297,-0.09171360429589658,-0.2301453971666725,-0.1612085880234123,-0.09329969563168561,-0.1936170031751978,-0.9076364731145878,-0.6418131497883105,-0.5904035559937899,1.546109805755517,0.9778523631178014,-0.9778523631178014
-0.1349897041574468,-0.27055669815943045,-0.16330205660439903,-0.18319056103635345,-0.1453802992944391,-0.18452812970731963,-0.2272235291460515,-0.2139163172152835,-0.1743024610802729,-0.17532417597549704,-0.12494510580338694,-0.20415393409970076,1.101762687619266,-0.6418131497883105,1.6937567361306989,-0.6467845920628796,0.9778523631178014,-0.9778523631178014
-0.14191863928236098,-0.19682332914987868,-0.15022636907967757,-0.17472561777553733,-0.07195501842038565,-0.0625906307767467,-0.24777603079496124,-0.16980655332445319,-0.1252251200942084,-0.17394463925140588,-0.20271631830435913,-0.23664276589377514,1.101762687619266,-0.6418131497883105,-0.5904035559937899,1.546109805755517,0.9778523631178014,-0.9778523631178014
-0.20935829883207108,-0.10522857074023798,-0.1462968776038106,-0.14873640434055937,-0.2131472905686998,-0.06318252953816239,-0.2405163189893592,-0.2232863429170216,-0.14317258601159083,-0.18601676808561754,-0.20141490676431426,-0.23397277454657622,-0.9076364731145878,-0.6418131497883105,1.6937567361306989,-0.6467845920628796,-1.022649264569533,1.022649264569533
-0.1058037121801696,-0.17644811596658538,-0.15421068525469256,-0.14345603851908312,-0.0773905219738693,-0.25682764414718945,-0.24160872625907848,-0.2807887245749535,-0.17584306123310373,-0.19231082366400243,-0.16992730617050777,-0.2924467294628101,1.101762687619266,-0.6418131497883105,1.6937567361306989,-0.6467845920628796,-1.022649264569533,1.022649264569533
-0.17904042539408185,-0.24366458790368173,-0.1449474027657853,-0.18113720161732735,-0.2363742450779077,-0.16303091348394408,-0.1915412410237804,-0.14728378952450147,-0.2167917797435366,-0.19196086993584088,-0.14251509109171792,-0.08332473740983504,-0.9076364731145878,-0.6418131497883105,-0.5904035559937899,1.546109805755517,-1.022649264569533,1.022649264569533
-0.20023415897772373,-0.22537457210681563,-0.1366801951708549,-0.21305027974913973,-0.2924013591298981,-0.12071629550906944,-0.18374682922237526,-0.1381314502418096,-0.1513922872088184,-0.18959021370157667,-0.2164080905721072,-0.029562216316068608,-0.9076364731145878,-0.6418131497883105,-0.5904035559937899,1.546109805755517,0.9778523631178014,-0.9778523631178014
-0.15142501182054116,1.9209190386449406,0.10691320293565862,-0.12937219205198364,-0.11362424563861094,6.4156254784868185,-0.17872952461917785,-0.7156896000533107,-0.1726386432499489,0.12065920383591003,0.22867267920390738,-0.22750294812372734,1.101762687619266,-0.6418131497883105,1.6937567361306989,-0.6467845920628796,0.9778523631178014,-0.9778523631178014
-0.13052540070208102,-0.22706692354641872,-0.1520989425030271,-0.1692993704907259,-0.08550283190792901,-0.17427043700445852,-0.23853268582641923,-0.23410348743767104,-0.17446973430264837,-0.18464944160183622,-0.18092214131846848,-0.2658781384851236,1.101762687619266,-0.6418131497883105,-0.5904035559937899,-0.6467845920628796,0.9778523631178014,-0.9778523631178014
-0.1800179680152997,-0.277387655056926,-0.14200807678833088,-0.17295384562382554,-0.19778763170964797,-0.13044907956291876,-0.19840971499336854,-0.10061455890822124,-0.23844618405238072,-0.1613536900905889,-0.15603582830787724,-0.10051535586783596,-0.9076364731145878,1.5580858702097802,-0.5904035559937899,-0.6467845920628796,0.9778523631178014,-0.9778523631178014
-0.20808418046274685,-0.15960270621691458,-0.13387326645292705,-0.24648617995853206,-0.3358743674309335,-0.18484899252411277,-0.1633275430975976,-0.13871535260435033,-0.16774622372208764,-0.19150576384457382,-0.10454619344953277,0.03508557680500209,-0.9076364731145878,1.5580858702097802,-0.5904035559937899,-0.6467845920628796,0.9778523631178014,-0.9778523631178014
-0.14487264669386804,-0.09990956125387823,-0.1543326977048142,-0.1545992691354211,-0.11599442327250951,-0.18044055654853258,-0.23467189875103975,-0.22569509614691027,-0.17672302467116305,-0.17323698482007732,-0.2880882804109819,-0.22744894678167243,1.101762687619266,-0.6418131497883105,-0.5904035559937899,1.546109805755517,0.9778523631178014,-0.9778523631178014
-0.10652800378256186,-0.24535049304447687,-0.1515617008826593,-0.20993789582903427,-0.11429851801724819,-0.15356278021970068,-0.22663281325954138,-0.17377596466798276,-0.12754151782085993,-0.15340812348672297,-0.18116996699802151,-0.18929854796663306,-0.9076364731145878,-0.6418131497883105,-0.5904035559937899,-0.6467845920628796,-1.022649264569533,1.022649264569533
-0.13824902757953447,-0.1726138194520049,-0.15876769239689084,-0.11869611656025307,-0.09256262361297304,-0.15586590675711778,-0.2462977849371474,-0.24392450739975927,-0.1542635172534396,-0.19654358702137992,-0.14190145260266704,-0.26294870653969016,1.101762687619266,1.5580858702097802,-0.5904035559937899,-0.6467845920628796,-1.022649264569533,1.022649264569533
-0.09320369689297343,-0.2177859829608749,-0.17022448348652952,-0.23284858417083304,-0.1823985182537753,-0.2600026191606082,-0.1962855650916557,-0.1832339450159576,-0.16796579956104257,-0.15242410697855516,-0.21554040304079775,-0.15263497962046396,-0.9076364731145878,-0.6418131497883105,-0.5904035559937899,1.546109805755517,-1.022649264569533,1.022649264569533
-0.13960734760940555,-0.1421896337273745,-0.16051656239387374,-0.24174722882303476,-0.14679915368530785,-0.12225663697065237,-0.2274823315924252,-0.14747593923555788,-0.1595532676148003,-0.38433100395515424,-0.08639293264979186,-0.13878545029177414,1.101762687619266,-0.6418131497883105,-0.5904035559937899,1.546109805755517,0.9778523631178014,-0.9778523631178014
-0.15157082135418445,-0.12318624562658648,-0.16074777878084842,-0.15514387981420383,-0.06931490737053511,-0.18072663036241968,-0.2450282796436202,-0.24052570356809228,-0.1398833579018661,-0.1729756497409843,-0.13153545784055765,-0.2777281184287965,1.101762687619266,-0.6418131497883105,1.6937567361306989,-0.6467845920628796,-1.022649264569533,1.022649264569533
-0.1441611912814502,-0.1650219094339572,-0.1539049056606605,-0.10490848530442055,-0.020721832212281414,-0.16192855899018152,-0.24633601323681972,-0.2666623033428858,-0.15678274480546447,-0.1804182737389374,-0.20982648687573655,-0.32165090919657685,1.101762687619266,-0.6418131497883105,-0.5904035559937899,1.546109805755517,-1.022649264569533,1.022649264569533
-0.14017380533124787,-0.21882814722632035,-0.15023791876319725,-0.16826307121093856,-0.012234157192232819,-0.0525725696060392,-0.2637612340736913,-0.2236434586498708,-0.08822817158393442,-0.1738766493375457,-0.08285599105063833,-0.2566286925016606,1.101762687619266,-0.6418131497883105,-0.5904035559937899,1.546109805755517,0.9778523631178014,-0.9778523631178014
-0.18615517600003878,-0.15836267528295853,-0.1329795745219568,-0.18563062817796783,-0.1906741581736856,-0.1892427035604028,-0.17920583075947139,-0.1291441174532083,-0.22272960440951423,-0.1530989921498263,-0.1673808557617878,-0.09238183646394359,-0.9076364731145878,1.5580858702097802,-0.5904035559937899,-0.6467845920628796,0.9778523631178014,-0.9778523631178014
-0.09572687488348948,-0.1693125287556098,-0.14974878047489001,-0.1394495729247663,-0.1696433895604288,-0.23152318095897295,-0.217103788942264,-0.23462519646655383,-0.17592452471967843,-0.14825019534340914,-0.23645608121823972,-0.24500005875039238,1.101762687619266,1.5580858702097802,-0.5904035559937899,-0.6467845920628796,0.9778523631178014,-0.9778523631178014
-0.1946660779439838,-0.23203370603435608,-0.1403346764002645,-0.1748881906239362,-0.26877143399293857,-0.15126367743313657,-0.18672637174115955,-0.12367321273288082,-0.2146958020486777,-0.16469113032553165,-0.06088134232267203,-0.09125395044625641,-0.9076364731145878,-0.6418131497883105,-0.5904035559937899,1.546109805755517,-1.022649264569533,1.022649264569533
-0.14319938512119987,-0.20173580409381855,-0.1481407257543852,-0.10099006077802272,-0.0591389573468498,-0.24399591985072702,-0.225435579367346,-0.30508681507286634,-0.1568143219129147,-0.1930478001365447,-0.26825186372506415,-0.31084062162747805,1.101762687619266,-0.6418131497883105,-0.5904035559937899,1.546109805755517,0.9778523631178014,-0.9778523631178014
-0.1651609188597048,-0.1835357549423895,-0.16815464884505893,-0.24068643427501316,-0.09216224647782842,-0.08697707327451387,-0.2509176714872722,-0.12173548050815886,-0.17700149226217082,-0.16243946821253893,-0.22192073092379916,-0.15200783884900504,1.101762687619266,-0.6418131497883105,1.6937567361306989,-0.6467845920628796,0.9778523631178014,-0.9778523631178014
-0.21878377255108916,-0.08619427946228436,-0.13198107345018711,-0.23721656189594462,-0.2703337504735566,-0.21512556013713904,-0.15247658338511688,-0.10006315969518767,-0.2021145125466314,-0.17175449880855612,-0.06992036059354712,0.034239574954828544,-0.9076364731145878,-0.6418131497883105,1.6937567361306989,-0.6467845920628796,-1.022649264569533,1.022649264569533
-0.14665110948952148,-0.19819837813812352,-0.14858007909753093,-0.19372293300398388,-0.24612904356219553,-0.15793754386395767,-0.20357151888905858,-0.11082406371936306,-0.22234514938618843,-0.18348424372058497,-0.3346882206903931,-0.04595331572963292,-0.9076364731145878,-0.6418131497883105,-0.5904035559937899,1.546109805755517,-1.022649264569533,1.022649264569533
-0.1506671684293909,-0.21222565734537666,-0.16058640333152494,-0.1350919483076724,-0.14379186297074048,-0.16590279697762292,-0.2471556718566067,-0.24185885188669054,-0.18276723072910014,-0.182235186791377,-0.21884579735893367,-0.27532587675036885,-0.9076364731145878,1.5580858702097802,-0.5904035559937899,-0.6467845920628796,-1.022649264569533,1.022649264569533
-0.1734933189593786,-0.17562478423775443,-0.13234854210143887,-0.24797024185824393,-0.22728429380785622,-0.20331431081142107,-0.17195172634159742,-0.10419397433419217,-0.20991165167471573,-0.16133205731281963,-0.2669497341589526,0.0010216479116247703,-0.9076364731145878,1.5580858702097802,-0.5904035559937899,-0.6467845920628796,0.9778523631178014,-0.9778523631178014
-0.1875534282649378,-0.1679621914421261,-0.1319382438464307,-0.2394675677444191,-0.30961613820821116,-0.22190189932698376,-0.17732718131933953,-0.18151398970061453,-0.21258059433615503,-0.191665833353216,-0.18524493033978034,0.025279295987134406,-0.9076364731145878,1.5580858702097802,-0.5904035559937899,-0.6467845920628796,0.9778523631178014,-0.9778523631178014
-0.15637652992588677,-0.12570364291971353,-0.15526352294913043,-0.1925161866342563,-0.07062306436396522,-0.11313166203063899,-0.24375093354771996,-0.18524965448507272,-0.15815713797016448,-0.18569329395926248,-0.17286994882382015,-0.2272121119488954,1.101762687619266,1.5580858702097802,-0.5904035559937899,-0.6467845920628796,-1.022649264569533,1.022649264569533
-0.16328901224338002,-0.13494022375993278,-0.16319396953627816,-0.21612281226935035,-0.18036064033767704,-0.08943483724687389,-0.24179150139450545,-0.1614136216955468,-0.17986602231815124,-0.18107657198655516,-0.17068898160100907,-0.14571379285914518,1.101762687619266,1.5580858702097802,-0.5904035559937899,-0.6467845920628796,-1.022649264569533,1.022649264569533
-0.15905250007246988,-0.2021101907233159,-0.145118670315638,-0.18965086071215437,-0.23437846515271787,-0.1784227102087374,-0.20128975373298647,-0.17412740442400762,-0.24735703051073774,-0.18485133255843095,-0.02568223648627539,-0.08500126534378247,-0.9076364731145878,1.5580858702097802,-0.5904035559937899,-0.6467845920628796,-1.022649264569533,1.022649264569533
-0.13810215890108002,-0.10548985797149509,-0.16531871697995074,-0.2108147129331053,-0.0711547164514375,-0.18831244520422494,-0.23923814832539825,-0.19630040105713265,-0.14857176252183488,-0.15051027942820935,-0.2031709943136531,-0.2296205007284272,1.101762687619266,1.5580858702097802,-0.5904035559937899,-0.6467845920628796,0.9778523631178014,-0.9778523631178014
-0.10086340568123446,-0.12216238058267886,-0.1652785545533038,-0.20772624686246594,-0.14242326341274616,-0.16750396625957703,-0.23198445036926763,-0.16303165124475624,-0.1611200085508638,-0.1627333891119644,-0.1949341596012368,-0.17233481407751197,1.101762687619266,-0.6418131497883105,-0.5904035559937899,1.546109805755517,0.9778523631178014,-0.9778523631178014
-0.21242574363620284,-0.18675225403546789,-0.12636173428090733,-0.16056401989125227,-0.27234131958533864,-0.18433063222869547,-0.1597579702910076,-0.13812938603479516,-0.17196645256258988,-0.16892913395766357,-0.2095188063072635,0.00012238924390134943,-0.9076364731145878,-0.6418131497883105,-0.5904035559937899,1.546109805755517,-1.022649264569533,1.022649264569533
-0.13534997950433286,-0.12921065662718476,-0.1430961662159229,-0.18150840550427982,-0.11030264385775246,-0.14934560080954476,-0.21950571531008142,-0.2199933134245799,-0.1303157354262684,-0.18146439827253172,-0.2893822631933971,-0.22547475550396595,1.101762687619266,-0.6418131497883105,-0.5904035559937899,1.546109805755517,0.9778523631178014,-0.9778523631178014
-0.2028744571100014,-0.19646991663967917,-0.12960480184862197,-0.21776330049665946,-0.2555088595913387,-0.2110782791945327,-0.1639921510815257,-0.09989947815443444,-0.20445150906218326,-0.15718822898771181,-0.20316542494899067,0.004855762811580737,-0.9076364731145878,1.5580858702097802,-0.5904035559937899,-0.6467845920628796,-1.022649264569533,1.022649264569533
-0.15058581308743624,-0.14181281415105151,-0.14361044997426564,-0.18900642707155604,-0.11754875039860037,-0.09317844780100475,-0.2342312204731421,-0.19162501604435783,-0.17504202258729676,-0.18066976204806656,-0.13531275100470283,-0.19205650199843896,1.101762687619266,-0.6418131497883105,-0.5904035559937899,1.546109805755517,0.9778523631178014,-0.9778523631178014
-0.14139446536328254,-0.17150011686345087,-0.16183354351122764,-0.15977094210993165,-0.16794435025649573,-0.20254165026641877,-0.22405579513597895,-0.22221340926463373,-0.19467416921711675,-0.1865560471151436,-0.1548413287959332,-0.18571891514885097,1.101762687619266,-0.6418131497883105,1.6937567361306989,-0.6467845920628796,0.9778523631178014,-0.9778523631178014
-0.17550477215122248,5.156557815032158,-0.0850778937733199,-0.30938923123773454,-0.20117375165525705,-0.13881693661486408,-0.16469160560399432,-0.13512123875213095,-0.14973284716531776,-0.16735323663393614,0.12987770065362167,-0.12715207946415322,1.101762687619266,-0.6418131497883105,-0.5904035559937899,-0.6467845920628796,-1.022649264569533,1.022649264569533
-0.1599958515024609,-0.09677956435230195,-0.1437081466173405,-0.15611477773790314,-0.21760951764745237,-0.23822160058301275,-0.186267835373287,-0.1754233175466665,-0.2668809078476095,-0.18204187901955024,-0.2129450673233283,-0.15168400143294514,-0.9076364731145878,-0.6418131497883105,1.6937567361306989,-0.6467845920628796,0.9778523631178014,-0.9778523631178014
-0.10396072258964567,-0.17373245818610458,-0.16128581307332557,-0.19851175570548038,-0.16375615938448335,-0.1651295201501821,-0.2377280498084632,-0.15116222145963204,-0.15421979730720003,-0.17104973854330785,-0.18873871368573736,-0.19913329109655822,1.101762687619266,-0.6418131497883105,-0.5904035559937899,1.546109805755517,0.9778523631178014,-0.9778523631178014
-0.19923014764707814,-0.15977322106984643,-0.1305363258342814,-0.2600281975885137,-0.23928328430768964,-0.23033844630974312,-0.16502891065667175,-0.12851686158033007,-0.20600230344111548,-0.1798190392830286,-0.1461360960361958,0.023099538526861977,-0.9076364731145878,-0.6418131497883105,-0.5904035559937899,1.546109805755517,0.9778523631178014,-0.9778523631178014
-0.15228951264378818,-0.26333367823014886,-0.15955184001532155,-0.09157203142795588,-0.16093856571953682,-0.15471268409661096,-0.21131155245218772,-0.09732714902500395,-0.2595656777348539,-0.1985312848955122,-0.08281944619151597,-0.25690482990790103,-0.9076364731145878,-0.6418131497883105,-0.5904035559937899,-0.6467845920628796,-1.022649264569533,1.022649264569533
-0.48179373856415847,-0.227016392459564,-0.15539537845525303,-0.13381851029363304,-0.17034371408210872,-0.2265720973166458,-0.22363277215354607,-0.21892076499427687,-0.17744383068275246,-0.1467333813981282,-0.13855642925441738,-0.19704403357114084,1.101762687619266,1.5580858702097802,-0.5904035559937899,-0.6467845920628796,0.9778523631178014,-0.9778523631178014
-0.19817225034136396,-0.2225932733986357,-0.1506986310490047,-0.1444060965382212,-0.03604946017551846,-0.20331873426656458,-0.197776517806635,-0.2514272164075966,-0.015903556577243922,-0.1608119830981669,-0.15093230606261598,-0.28371761448778143,-0.9076364731145878,-0.6418131497883105,-0.5904035559937899,-0.6467845920628796,-1.022649264569533,1.022649264569533
-0.19983248335527196,-0.2001420318428408,-0.14380851882109877,-0.14264473316885581,-0.1958426560599517,-0.24812035979557334,-0.1905759005875333,-0.13397678083849865,-0.2174729995473349,-0.18858307157138968,-0.20248853807256972,-0.14872574426305699,-0.9076364731145878,-0.6418131497883105,-0.5904035559937899,-0.6467845920628796,-1.022649264569533,1.022649264569533
-0.16885349916737055,-0.14924631664555113,-0.14439265464974768,-0.15801835504270884,-0.18503013203828753,-0.1755510297201665,-0.19608304767493467,-0.14928003593381334,-0.26466798334121894,-0.1751742002273598,-0.17167629825143965,-0.14926350140085562,-0.9076364731145878,-0.6418131497883105,-0.5904035559937899,-0.6467845920628796,-1.022649264569533,1.022649264569533
-0.19063830409620233,-0.14820980609898327,-0.14335853233168308,-0.15656124802787152,-0.24848691542817733,-0.17679628902431727,-0.18101696675717704,-0.11307755558790458,-0.20584667501200907,-0.17654287014769715,-0.2032590834460467,-0.037369222680099734,-0.9076364731145878,-0.6418131497883105,-0.5904035559937899,1.546109805755517,0.9778523631178014,-0.9778523631178014
5.410763373713797,3.700138682043214,1.6059671630528596,4.878661835894341,5.190901767983054,5.00020820182715,1.7784064182462012,8.424966701080068,3.954474033737205,5.26351192349558,4.491136980135725,3.779796377651783,-0.9076364731145878,-0.6418131497883105,-0.5904035559937899,-0.6467845920628796,0.9778523631178014,-0.9778523631178014
-0.18746077278906192,-0.167537406386632,-0.14300118769462097,-0.14244108317733664,-0.19502714739731175,-0.1668447155086224,-0.17886574660183582,-0.09624211381120437,-0.21692339492675072,-0.176492988804264,-0.1952409216616557,-0.13723007727098313,-0.9076364731145878,-0.6418131497883105,1.6937567361306989,-0.6467845920628796,0.9778523631178014,-0.9778523631178014
-0.16897172254059886,-0.09381431200283613,-0.15367741164311782,-0.19958567851439502,-0.10872928129699914,-0.18084248714703033,-0.21857381821934085,-0.20985712329914039,-0.15945349498818023,-0.16101823843606392,-0.20390971144028322,-0.23158190456551567,1.101762687619266,1.5580858702097802,-0.5904035559937899,-0.6467845920628796,0.9778523631178014,-0.9778523631178014
-0.20974322548428878,-0.2273831671476824,-0.13112170882701443,-0.17473405676369919,-0.24428790241541798,-0.2128315292845729,-0.15726722564379786,-0.10995514256963912,-0.17764935639341964,-0.17781330046710886,-0.03603188248991338,-0.039359831757878515,-0.9076364731145878,-0.6418131497883105,-0.5904035559937899,1.546109805755517,-1.022649264569533,1.022649264569533
-0.12853162548087785,-0.2855099543578326,-0.1549536772835473,-0.09872671539849898,-0.11169243403342197,-0.2104945198838884,-0.23236046782396436,-0.2640355653652945,-0.17149792739020941,-0.18412804562110455,-0.09165163247275245,-0.2847826549113331,1.101762687619266,-0.6418131497883105,1.6937567361306989,-0.6467845920628796,-1.022649264569533,1.022649264569533
-0.13042465267237988,-0.2102723229890292,-0.15861354029702318,-0.21019654897320578,-0.1561920439071228,-0.17287090996813262,-0.22497767426789367,-0.17215048314507803,-0.17008317539045106,-0.1501585554737874,-0.14843330288220982,-0.14176576729559384,1.101762687619266,1.5580858702097802,-0.5904035559937899,-0.6467845920628796,0.9778523631178014,-0.9778523631178014
-0.15994226829113797,-0.2147884807748542,-0.13754339393323292,-0.21473528468404587,-0.24514834692217063,-0.26249564850755347,-0.16924427187294408,-0.1201347609926843,-0.28360056869183725,-0.17910504572132907,-0.18549955107909266,-0.03527350203216828,-0.9076364731145878,1.5580858702097802,-0.5904035559937899,-0.6467845920628796,-1.022649264569533,1.022649264569533
-0.11738338375185683,-0.15582445749245835,-0.14837206464612482,-0.18561377927157582,-0.08496705975257453,-0.1215336453866497,-0.24691568194549504,-0.22054380048465805,-0.12648479414551506,-0.18000844100248417,-0.07243772984549138,-0.31214147798304687,1.101762687619266,-0.6418131497883105,1.6937567361306989,-0.6467845920628796,-1.022649264569533,1.022649264569533
-0.15687661743501494,-0.2414627870571978,-0.1494724384722962,-0.1597622882517096,-0.07857370069098561,-0.1430070472872155,-0.2432963943094618,-0.22559391154609404,-0.14768990561238385,-0.17830846615862758,-0.07721106704660315,-0.25109557058306703,1.101762687619266,-0.6418131497883105,-0.5904035559937899,-0.6467845920628796,-1.022649264569533,1.022649264569533
-0.1386980343222899,-0.20725601322279738,-0.15891082965859177,-0.20067681346008895,-0.05393413933336571,-0.1546049326101846,-0.2493113314731687,-0.19002231432720704,-0.15238198588956145,-0.1610198293457781,-0.15379849259397016,-0.24161746645867635,1.101762687619266,1.5580858702097802,-0.5904035559937899,-0.6467845920628796,0.9778523631178014,-0.9778523631178014
-0.1988881669811214,-0.26273613923726025,-0.13510971514345013,-0.18438916973920152,-0.23996804334354863,-0.23721240729418172,-0.1571236676462987,-0.08629872950324748,-0.19558948588577113,-0.18628395092607675,-0.14522382094827774,-0.09079505285781109,-0.9076364731145878,-0.6418131497883105,-0.5904035559937899,1.546109805755517,0.9778523631178014,-0.9778523631178014
-0.17672448484084213,-0.1565459851162448,-0.14158999756005053,-0.19110178623354565,-0.2063969495058748,-0.18659046980404892,-0.18453670642994555,-0.13482776162401147,-0.235257204466746,-0.17019525292709053,-0.18141900373216863,-0.1246139541269159,-0.9076364731145878,-0.6418131497883105,-0.5904035559937899,1.546109805755517,-1.022649264569533,1.022649264569533
-0.11824919358271989,-0.18703318923663786,-0.1589134552829877,-0.2384187693551927,-0.08770593916049069,-0.14983544747008312,-0.2476476676536997,-0.16905710224625153,-0.1337663056024068,-0.17200952048756102,-0.11258764012664754,-0.2066518264822144,1.101762687619266,-0.6418131497883105,-0.5904035559937899,1.546109805755517,0.9778523631178014,-0.9778523631178014
4.08800309781166,4.072055214795538,1.8213925914249456,8.214922779932675,5.8880723731280655,6.908991957842703,1.0567768122701082,8.002740946847153,5.092468515694365,6.069021269394587,4.321155692922504,3.9344024237073225,-0.9076364731145878,-0.6418131497883105,1.6937567361306989,-0.6467845920628796,-1.022649264569533,1.022649264569533
-0.18014903295797316,-0.15620820477855032,-0.13752030651163005,-0.21307071151958273,-0.2406605801613596,-0.2622147299740932,-0.16709452640908337,-0.11182794669179535,-0.22334975112951846,-0.17425447505487787,-0.11283226961813862,-0.03608017662547227,-0.9076364731145878,1.5580858702097802,-0.5904035559937899,-0.6467845920628796,0.9778523631178014,-0.9778523631178014
-0.17523710149521182,-0.2472635586506111,-0.1492418248243359,-0.13232575190057874,-0.19442901342879063,-0.13307081942683116,-0.19825527434300563,-0.08205105476059286,-0.21907706541411295,-0.1797692823694715,-0.1189021217213565,-0.1757368428858677,-0.9076364731145878,-0.6418131497883105,1.6937567361306989,-0.6467845920628796,-1.022649264569533,1.022649264569533
-0.19958821693623569,-0.20547012078970586,-0.14404874627076797,-0.15186479084276935,-0.2365544242608059,-0.16771731181190377,-0.1886622572161935,-0.13128126044960572,-0.23195648120299867,-0.18994003807049983,-0.15061106419187523,-0.09947674034933929,-0.9076364731145878,1.5580858702097802,-0.5904035559937899,-0.6467845920628796,-1.022649264569533,1.022649264569533
-0.11740248761797233,-0.16923816764338276,-0.15762574572085697,-0.13029632228250557,-0.09958147674519563,-0.19417859964574918,-0.2286926849574368,-0.22371661244024504,-0.1022463525182033,-0.17547438146394687,-0.2189884731690931,-0.25710759185698945,1.101762687619266,1.5580858702097802,-0.5904035559937899,-0.6467845920628796,-1.022649264569533,1.022649264569533
-0.15278050932718049,-0.12502971313688907,-0.1623093921951529,-0.2517003211115901,-0.0634409695414409,-0.05868985271543577,-0.2610386453927614,-0.14531855616650055,-0.19537841859888652,-0.18951546175000233,-0.04500818362828978,-0.1601979770921021,1.101762687619266,-0.6418131497883105,-0.5904035559937899,1.546109805755517,-1.022649264569533,1.022649264569533
-0.4295179939982431,-0.2233711024464264,-0.05361985596719415,-0.09491028776120546,-0.9183050979524298,-0.9040395661911751,0.05940592307727426,0.03968769658252422,-0.43286232881450876,-0.12211021004369714,-0.5261645791087665,0.4508531823063311,-0.9076364731145878,-0.6418131497883105,-0.5904035559937899,1.546109805755517,-1.022649264569533,1.022649264569533
-0.19159233867223258,-0.1828111099448563,-0.15229686596295539,-0.1393710762996433,-0.23939938605253852,-0.11965169477892638,-0.20072283299739105,-0.1114379720527168,-0.22118336063073687,-0.18662630477747585,-0.13380899865861573,-0.13655434531129487,-0.9076364731145878,-0.6418131497883105,1.6937567361306989,-0.6467845920628796,0.9778523631178014,-0.9778523631178014
-0.2010625050650802,-0.12089560501842042,-0.1353376214918675,-0.18159169602749572,-0.24962725168613997,-0.21072864267726463,-0.1705726454548253,-0.15129055798171845,-0.21842577505785257,-0.18410908659844952,-0.15021757863801546,-0.062140112881088096,-0.9076364731145878,-0.6418131497883105,-0.5904035559937899,1.546109805755517,0.9778523631178014,-0.9778523631178014
-0.18848019898803658,-0.13042911041294467,-0.12841594475244664,-0.279032331731581,-0.26324033439655903,-0.19185870593725796,-0.16510751494500814,-0.09692138785147225,-0.18811834448256046,-0.15523697083778162,-0.02802122700481279,0.05160225012895736,-0.9076364731145878,1.5580858702097802,-0.5904035559937899,-0.6467845920628796,0.9778523631178014,-0.9778523631178014
-0.16312668677491884,-0.269109241620747,-0.15211246803778658,-0.22812171073949306,-0.13172077731271986,-0.13363979898014633,-0.23075504089925064,-0.1755949562236893,-0.14895924945224853,-0.16292635529291769,-0.15244489505063585,-0.13253336428745122,1.101762687619266,-0.6418131497883105,-0.5904035559937899,-0.6467845920628796,0.9778523631178014,-0.9778523631178014
4.123130596292861,5.553532802663864,1.1300998735098082,4.616705959025014,6.458547266089635,4.568040914700713,1.246382282440606,5.177558803017346,3.919701039241459,7.746858096340949,4.982626593030769,7.334659588204361,1.101762687619266,1.5580858702097802,-0.5904035559937899,-0.6467845920628796,0.9778523631178014,-0.9778523631178014
-0.20769137708103555,-0.1975450559347028,-0.13900322170810017,-0.16265121072065192,-0.23654588416624622,-0.18607881946653615,-0.17697383724138524,-0.10745954302700138,-0.25060155618791136,-0.16648905715211743,-0.11426798736945486,-0.08727797014777092,-0.9076364731145878,1.5580858702097802,-0.5904035559937899,-0.6467845920628796,0.9778523631178014,-0.9778523631178014
-0.2167398308833856,-0.24886657845068907,-0.15079946124844057,-0.07222926653924698,-0.22422912595957353,-0.14076783893199984,-0.19455568991296693,-0.1535708316252721,-0.22627103110239305,-0.19789304740830635,-0.2550039299736546,-0.19237318000337394,-0.9076364731145878,-0.6418131497883105,-0.5904035559937899,1.546109805755517,-1.022649264569533,1.022649264569533
-0.11762371741105704,-0.13142113954723394,-0.15357827532609403,-0.14984832383631264,-0.10044756162348317,-0.23093789054784322,-0.22764831008250533,-0.24005802659075512,-0.19790500954499982,-0.1741616602098836,-0.1802045081783579,-0.23844566257165334,1.101762687619266,-0.6418131497883105,-0.5904035559937899,-0.6467845920628796,-1.022649264569533,1.022649264569533
-0.2281627773863356,-0.1303738194738216,-0.14637773212507135,-0.12370549182082835,-0.2403547916460094,-0.17181822383909046,-0.1774997608628047,-0.13916078332355003,-0.2183516860552865,-0.18327440652910787,-0.05645274452594586,-0.11464114773199209,-0.9076364731145878,1.5580858702097802,-0.5904035559937899,-0.6467845920628796,0.9778523631178014,-0.9778523631178014
-0.19817377946376688,-0.1328617671555446,-0.14856850653478984,-0.17656871563328164,-0.26499895671090457,-0.1352060269087356,-0.1995874339528392,-0.14131050234440024,-0.2144522009175524,-0.19066633464552102,-0.1500258612742101,-0.0851520715169315,-0.9076364731145878,-0.6418131497883105,-0.5904035559937899,1.546109805755517,0.9778523631178014,-0.9778523631178014
-0.2175209959538591,-0.2674161679009092,-0.13699087331128387,-0.2361937685872343,-0.25807327035630173,-0.1558679713842231,-0.1650153534582277,-0.0739391663667505,-0.19944772254148987,-0.15294398077548216,-0.12202124023262628,-0.05981952088563208,-0.9076364731145878,1.5580858702097802,-0.5904035559937899,-0.6467845920628796,-1.022649264569533,1.022649264569533
-0.15502541136587042,-0.18824759292173737,10.184300332333201,-0.23088702517109996,-0.240697712009909,-0.17239709013201723,-0.1928801627264327,-0.18458659900797653,-0.22424342640361689,-0.17457409041362107,-0.1915530536741115,-0.031063758353476113,-0.9076364731145878,-0.6418131497883105,1.6937567361306989,-0.6467845920628796,-1.022649264569533,1.022649264569533
-0.23662148979740377,-0.14195294602820593,-0.13002098919558386,-0.20559884322481686,-0.2745320798202321,-0.16018335683953608,-0.16206395938370935,-0.12209297166796328,-0.15977413099474816,-0.404220492671755,-0.13808235722715448,0.00016189069158886464,-0.9076364731145878,1.5580858702097802,-0.5904035559937899,-0.6467845920628796,0.9778523631178014,-0.9778523631178014
-0.15961906254545238,-0.20836676163806359,-0.16189708953098314,-0.182675013018983,-0.07102121747132643,-0.10033222140777383,-0.2523258825587554,-0.2047906971484091,-0.15621286362024953,-0.16042396896343172,-0.12624441566862815,-0.23657915753147646,1.101762687619266,-0.6418131497883105,-0.5904035559937899,1.546109805755517,-1.022649264569533,1.022649264569533
-0.17360761370174416,-0.18639792496436836,-0.13571328276109498,-0.18992001752584695,-0.2322367077982023,-0.21914412576263884,-0.1694179662359749,-0.10425043043535814,-0.2122817992671279,-0.38643305933293226,-0.2674805576131682,-0.07992999643776486,-0.9076364731145878,-0.6418131497883105,-0.5904035559937899,-0.6467845920628796,0.9778523631178014,-0.9778523631178014
-0.15061182178811508,-0.15022089116853116,-0.14300740530776881,-0.17770239210394803,-0.0802079338001046,-0.13647989048839554,-0.24260218092470195,-0.21883244197786555,-0.09312827863573321,-0.17982053000301168,-0.07961049499723702,-0.2627669816406122,1.101762687619266,-0.6418131497883105,-0.5904035559937899,1.546109805755517,0.9778523631178014,-0.9778523631178014
-0.1623476131346803,-0.20005884785269007,-0.13870437321449322,-0.19733860360941421,-0.2084400204876093,-0.27009591341944494,-0.17497107124733358,-0.13919624857524654,-0.2665618725139394,-0.17930788999258487,-0.21314515444198878,-0.08673453018763039,-0.9076364731145878,-0.6418131497883105,1.6937567361306989,-0.6467845920628796,-1.022649264569533,1.022649264569533
-0.11774136588329258,-0.16549541989015434,-0.1615155997120813,-0.1445597298037443,-0.023917212698792312,-0.19743399832491154,-0.2599158917180474,-0.23708088896186563,-0.1454122900672342,-0.19495406035386237,-0.17033191117160323,-0.27975952604048615,1.101762687619266,-0.6418131497883105,-0.5904035559937899,-0.6467845920628796,-1.022649264569533,1.022649264569533
-0.15386385472609496,-0.19057651887813384,-0.15943528214731684,-0.21759352664954154,-0.1497657881484691,-0.1340559409478088,-0.2287778525370847,-0.16317587821178067,-0.18726579756847575,-0.17723369970165576,-0.15211354601851174,-0.1406328506878684,1.101762687619266,1.5580858702097802,-0.5904035559937899,-0.6467845920628796,-1.022649264569533,1.022649264569533
-0.2424990228012645,-0.20906248150022952,-0.13872153064980883,-0.09057876081933462,-0.19455462777243937,-0.15289709889343692,-0.17726483242679592,-0.08391326176201362,-0.20572122521759054,-0.16987601650366832,-0.14794462284131515,-0.15177969298212182,-0.9076364731145878,1.5580858702097802,-0.5904035559937899,-0.6467845920628796,-1.022649264569533,1.022649264569533
-0.1387006364190683,-0.16943625776788035,-0.14900311570863528,-0.18375634908922092,-0.19555087262706025,-0.17397235447848133,-0.203325387337336,-0.10173182911499264,-0.24525235384491104,-0.1769774558242765,-0.12962458328257837,-0.14043676925205228,-0.9076364731145878,-0.6418131497883105,1.6937567361306989,-0.6467845920628796,-1.022649264569533,1.022649264569533
-0.1381138292694217,-0.1811794763439627,-0.17401204153781769,-0.24700762469237195,-0.16930523339329934,-0.06571724243254205,-0.22790078461695196,-0.09670319341450892,-0.13581090138674132,-0.16025771574599995,-0.11902325719079096,-0.13829171292355646,1.101762687619266,-0.6418131497883105,1.6937567361306989,-0.6467845920628796,-1.022649264569533,1.022649264569533
-0.13905054674688344,-0.14310303667603314,-0.16237853636492983,-0.164385365211393,-0.10834234689928723,-0.19073770055099584,-0.23806662203098464,-0.24454745626117,-0.1475718046088521,-0.1842556862427831,-0.168124743436466,-0.25481637901947846,1.101762687619266,-0.6418131497883105,1.6937567361306989,-0.6467845920628796,0.9778523631178014,-0.9778523631178014
-0.18415147530859174,-0.1577706707795887,-0.1450029153027672,-0.1390282422674558,-0.011429821839517715,-0.1035457487212985,-0.2480175673846428,-0.24600128555707668,-0.1544588011826207,-0.1795162831736478,-0.18346618468446532,-0.23941948195012822,1.101762687619266,1.5580858702097802,-0.5904035559937899,-0.6467845920628796,0.9778523631178014,-0.9778523631178014
-0.19377149014742465,-0.08847507186523704,-0.1595002253768992,-0.2206730569706164,-0.11337891176161684,-0.05597927551041876,-0.24885800859356785,-0.15022902382622325,-0.13675861484173976,-0.18808100436652064,-0.24147351565475156,-0.1765727034478966,1.101762687619266,-0.6418131497883105,-0.5904035559937899,-0.6467845920628796,-1.022649264569533,1.022649264569533
-0.13386452120889383,-0.17042265457718253,-0.1652850388157949,-0.19936536817849912,-0.1127550539536032,-0.16244576334780816,-0.23619735021590987,-0.20376320087614877,-0.1306521003699312,-0.18247199152957594,-0.26931291066570223,-0.23477736887467174,1.101762687619266,-0.6418131497883105,-0.5904035559937899,-0.6467845920628796,0.9778523631178014,-0.9778523631178014
-0.14967073160928215,-0.1606699394032242,-0.15113748182967268,-0.3884393278738203,-0.6154971197546123,-0.3443509268794655,0.16095881443221616,0.34326735739040776,-0.05374023061546656,0.0557039567855928,-0.7831618439604435,-0.1597858468659378,-0.9076364731145878,-0.6418131497883105,-0.5904035559937899,1.546109805755517,0.9778523631178014,-0.9778523631178014
-0.1517963314613557,-0.15405224201429035,-0.1545509906973691,-0.1944140668821536,-0.12495286183221849,-0.18310629138157114,-0.24074685235184337,-0.20554213194351956,-0.1439264734027594,-0.18207354996053834,-0.16599886751746695,-0.26940182826077386,1.101762687619266,-0.6418131497883105,1.6937567361306989,-0.6467845920628796,0.9778523631178014,-0.9778523631178014
-0.15181180514270018,-0.21867410235300888,-0.15177894392410105,-0.13674312171171246,-0.09706064807285888,-0.20352944793853514,-0.22452562866109602,-0.2559230886148113,-0.15555395788524867,-0.17202695062100343,-0.22331116226454797,-0.23756649249392556,1.101762687619266,1.5580858702097802,-0.5904035559937899,-0.6467845920628796,0.9778523631178014,-0.9778523631178014
-0.09756889544746558,-0.19318280784681457,-0.14945260066159555,-0.14932902170190962,-0.007934324565975988,-0.17812905559705394,-0.24812471910772896,-0.2581323875130487,-0.0903704266967675,-0.18425032778887732,-0.12430544238807907,-0.335077527489985,1.101762687619266,-0.6418131497883105,-0.5904035559937899,-0.6467845920628796,0.9778523631178014,-0.9778523631178014
-0.12909480555743422,-0.16591191966720434,-0.16742269703302418,-0.17271131029331677,-0.10840762050973492,-0.10825123522513548,-0.25217388657226303,-0.14595823155966658,-0.13554315645708767,-0.17046105510370768,-0.2338908611114096,-0.21860002904336048,1.101762687619266,-0.6418131497883105,-0.5904035559937899,-0.6467845920628796,0.9778523631178014,-0.9778523631178014
-0.1346318883790753,-0.2726684873029694,-0.15704693752474497,-0.1833589592886377,-0.09690016340936343,-0.17130657502450186,-0.23832267360573645,-0.22081769637753806,-0.15397840095687051,-0.17988135331070296,-0.2127209979909334,-0.2442752433712945,1.101762687619266,-0.6418131497883105,-0.5904035559937899,1.546109805755517,0.9778523631178014,-0.9778523631178014
-0.1996627377015632,-0.12294841337594135,-0.14447302102164972,-0.15966896618153784,-0.21775586186440918,-0.1869248178167526,-0.18171340044191797,-0.10247028124102818,-0.2270973811956381,-0.1862689430604945,-0.18133898257317657,-0.12238449529975495,-0.9076364731145878,-0.6418131497883105,1.6937567361306989,-0.6467845920628796,0.9778523631178014,-0.9778523631178014
-0.18643151332965066,-0.1583300235216782,-0.14103323499727813,-0.177690924678853,-0.20111078394141052,-0.17988847642459566,5.0631397473298225,-0.13804062725781865,-0.20614589672926434,-0.17790705906896911,-0.11839306689208771,-0.11427884531346508,-0.9076364731145878,-0.6418131497883105,-0.5904035559937899,1.546109805755517,-1.022649264569533,1.022649264569533
-0.2362814229904769,-0.21897995886318458,-0.1402232831312466,-0.15335392807425297,-0.23160614161871107,-0.18714839592013435,-0.1649635841064806,-0.10009165704764915,-0.23287938304594816,-0.1700864059603117,-0.18151597956467044,-0.06565301147270017,-0.9076364731145878,-0.6418131497883105,-0.5904035559937899,-0.6467845920628796,0.9778523631178014,-0.9778523631178014
-0.16466287000705654,-0.1954964302122646,-0.1350684005063223,-0.18489464029261032,-0.14495637885886906,-0.13343256670883732,-0.19135066825427055,-0.18660096889213088,-0.15272995578947093,-0.15455706652785095,-0.2006368589787065,-0.14575947043872908,-0.9076364731145878,-0.6418131497883105,-0.5904035559937899,1.546109805755517,0.9778523631178014,-0.9778523631178014
-0.18000082536633782,-0.21586472034737877,-0.13621305558159433,-0.16939003779525072,-0.23890022837567046,-0.21908474042120699,-0.1682841283920184,-0.10010362387175269,-0.23087903061006462,-0.17242826184085785,-0.10906652581202479,-0.09785478061679465,-0.9076364731145878,1.5580858702097802,-0.5904035559937899,-0.6467845920628796,-1.022649264569533,1.022649264569533
-0.16179318104402782,-0.20846274242581145,-0.16043246537440858,-0.20178908321852598,-0.0907605468957852,-0.15620622792925112,-0.2428168509341128,-0.2038706397356248,-0.15193140127067095,-0.18119903022749856,-0.15290692531143932,-0.200179886972619,1.101762687619266,-0.6418131497883105,1.6937567361306989,-0.6467845920628796,0.9778523631178014,-0.9778523631178014
-0.1524721102388668,-0.22666908513878525,-0.16173422481304417,-0.18504700446005867,-0.16635112768335822,-0.195368528666126,-0.22816037996742947,-0.2012616518927318,-0.14869623927244302,-0.17452079922275432,-0.09460410410137136,-0.17155657670978977,1.101762687619266,-0.6418131497883105,1.6937567361306989,-0.6467845920628796,0.9778523631178014,-0.9778523631178014
-0.17147800382718068,-0.18471939280055633,-0.15175026522175317,-0.15808583204518817,-0.23102767569219881,-0.14511309879003484,-0.19459720753258544,-0.11931974265942852,-0.21777958070026063,-0.19469287293761273,-0.19148303626663582,-0.14806363096778086,-0.9076364731145878,1.5580858702097802,-0.5904035559937899,-0.6467845920628796,0.9778523631178014,-0.9778523631178014
-0.20938745501185374,-0.1776019680963449,-0.14190899753631267,-0.16271082987821525,-0.2532411277850495,-0.15167553348493373,-0.1839066052899515,-0.13638687931400595,-0.18785080925961375,-0.19332322982194164,-0.11179095978584523,-0.11275613891451969,-0.9076364731145878,-0.6418131497883105,-0.5904035559937899,1.546109805755517,-1.022649264569533,1.022649264569533
-0.19015201474957946,-0.44419343803000294,-0.10260939752389911,0.6373784411408625,-0.30522353345343906,-0.2002211926127018,0.17475364894133344,0.8317264138963157,-0.39453288667354625,-0.19559819124883854,-0.15495223565987315,-0.42802865883966906,-0.9076364731145878,-0.6418131497883105,-0.5904035559937899,-0.6467845920628796,0.9778523631178014,-0.9778523631178014
-0.20063831363595414,-0.17949165723616337,-0.16360754534525537,-0.20305787021203317,-0.12476534836467366,-0.08606217055291979,-0.2460937757262989,-0.13801763373190046,-0.16387730106720078,-0.17689415968771097,-0.15942531269959048,-0.11158339257487639,1.101762687619266,-0.6418131497883105,-0.5904035559937899,1.546109805755517,-1.022649264569533,1.022649264569533
-0.26242365340368573,-0.07198944814499329,10.184300332333201,-0.09179546586952014,-0.22441999318469213,-0.18056518465595206,-0.16087882051106497,-0.10778492115885784,-0.22655946486673303,-0.17651467537104568,-0.20608905545757397,-0.11843758832777738,-0.9076364731145878,1.5580858702097802,-0.5904035559937899,-0.6467845920628796,0.9778523631178014,-0.9778523631178014
3.158622060898834,5.826225878353622,1.7137493268866448,4.933515123571772,6.519340756463954,4.683458640269044,1.5573663694122697,6.1201745129368055,4.143325396675281,5.1141654456525965,4.959218584844505,8.081643671348584,-0.9076364731145878,-0.6418131497883105,-0.5904035559937899,1.546109805755517,0.9778523631178014,-0.9778523631178014
-0.14490702152955184,-0.12508559157180996,-0.15384244500203204,-0.2295373285036491,-0.15098704741701843,-0.1739752656808446,-0.21547559925443752,-0.16672113706437086,-0.130509339214798,1.3089370279610346,-0.14689410028143743,-0.13288192026816048,1.101762687619266,-0.6418131497883105,-0.5904035559937899,-0.6467845920628796,0.9778523631178014,-0.9778523631178014
3.437061041333874,4.6982765349599775,0.9857846277478162,0.8455722593459623,4.650030311568077,4.4659762582847655,1.1313563104216597,5.443057094043968,2.0094857914157003,8.820803722180838,5.836169924668325,7.582266011718083,1.101762687619266,-0.6418131497883105,1.6937567361306989,-0.6467845920628796,0.9778523631178014,-0.9778523631178014
-0.15755367696463812,-0.14168388864259907,-0.14794597094423304,-0.18739014424706557,-0.1382264333597066,-0.16343298042514698,-0.22366481085333234,-0.19131163902370713,-0.12019695010369578,-0.143989004403208,-0.168476408306666,-0.18515868511841674,1.101762687619266,1.5580858702097802,-0.5904035559937899,-0.6467845920628796,0.9778523631178014,-0.9778523631178014
-0.18799803703694556,-0.25403766022848134,-0.1453600007712544,-0.1715138496384688,-0.21655426678305234,-0.1701713717387705,-0.18887224479729445,-0.0630394941489159,-0.20984529890568243,-0.17663962345046444,-0.0566540972392353,-0.1312332961271574,-0.9076364731145878,-0.6418131497883105,-0.5904035559937899,1.546109805755517,-1.022649264569533,1.022649264569533
-0.14187728149559886,-0.13009810278281708,-0.14520919545427882,-0.15021837850445352,-0.131769952959578,-0.13273927306847852,-0.22841302007917924,-0.2042727218223389,-0.12526413691408567,-0.1527189121789845,-0.18638442150894569,-0.2249785064653342,1.101762687619266,1.5580858702097802,-0.5904035559937899,-0.6467845920628796,-1.022649264569533,1.022649264569533
9.379705553303202,-0.22069325371697127,-0.13203453258060258,-0.20254133626844248,-0.18778904734481552,-0.15575819082045433,-0.1717540596619717,-0.05985111271304836,-0.15344217548427902,-0.15814862705443442,-0.10593699700090423,-0.0896254532463251,-0.9076364731145878,-0.6418131497883105,-0.5904035559937899,1.546109805755517,-1.022649264569533,1.022649264569533
-0.16880441725976117,-0.17879118572191602,-0.13759125670815547,-0.17476005980995313,-0.2059161548849642,-0.19739416457998232,-0.18109137809583595,-0.08828834579207806,-0.23594622004139298,-0.17431551769804962,-0.14044389878419647,-0.11278367057039441,-0.9076364731145878,1.5580858702097802,-0.5904035559937899,-0.6467845920628796,-1.022649264569533,1.022649264569533
-0.15615662215752713,-0.17364530212269363,-0.13598704865737496,-0.23117406053471798,-0.19166260550542602,-0.1633638723525904,-0.1878958813619459,-0.074245996360558,-0.2293128966501586,-0.14597216959821002,-0.2745763356696123,-0.04578588874480692,-0.9076364731145878,-0.6418131497883105,-0.5904035559937899,1.546109805755517,0.9778523631178014,-0.9778523631178014
-0.10993330615329554,-0.1560999333590027,-0.15642345903935845,-0.08760561917942906,-0.00894838347905704,-0.2033249184844727,-0.2462777035843646,-0.27364571809804034,-0.16357449872498223,-0.1910619964195078,-0.24117905438468834,-0.3866808179449607,1.101762687619266,-0.6418131497883105,-0.5904035559937899,1.546109805755517,0.9778523631178014,-0.9778523631178014
-0.16340461847216142,-0.10308654796728102,-0.14246717881377982,-0.19332298230237194,-0.23630790802729737,-0.17642389990179314,-0.1880974101626548,-0.10734333614017572,-0.22541530859213316,-0.18084070059147925,-0.16709109588228735,-0.08919476313724348,-0.9076364731145878,-0.6418131497883105,-0.5904035559937899,-0.6467845920628796,0.9778523631178014,-0.9778523631178014
-0.2200652160364662,-0.21662596398191317,-0.1321728689366292,-0.2058393356676737,-0.20928423714085698,-0.24091662894222113,-0.14738190495127887,-0.08595271841699728,-0.20204231796939195,-0.15590905025583054,-0.11865541401937718,-0.02002655919534203,-0.9076364731145878,1.5580858702097802,-0.5904035559937899,-0.6467845920628796,0.9778523631178014,-0.9778523631178014
-0.1510210951720226,-0.06749097922672886,-0.1456178988546436,-0.17847396028840684,-0.13763331546032417,-0.15950567460341775,-0.21999477718709579,-0.23702769465410092,-0.18347624875313417,-0.16196520751024437,-0.28254536970089505,-0.18175266215506422,1.101762687619266,-0.6418131497883105,-0.5904035559937899,1.546109805755517,0.9778523631178014,-0.9778523631178014
-0.09600710057859363,-0.21608946986650665,-0.15276134319752635,-0.1534089247564159,-0.07983118877983718,-0.2096158318617895,-0.2273772983011637,-0.23715529716386607,-0.1114904233332936,-0.13193414507375606,-0.028030684008119176,-0.24050200975702496,1.101762687619266,-0.6418131497883105,1.6937567361306989,-0.6467845920628796,0.9778523631178014,-0.9778523631178014
-0.18180776492939812,-0.13622031911100707,-0.1388142738830197,-0.16464979649795045,-0.23679627485701332,-0.13209260876706752,-0.1813241745563852,-0.122085789506071,-0.21189587732675932,-0.1690053822982963,-0.2247501830151011,-0.07305240168439242,-0.9076364731145878,-0.6418131497883105,-0.5904035559937899,1.546109805755517,-1.022649264569533,1.022649264569533
-0.19962785128077495,-0.14692011672764402,-0.13115485745372216,-0.1982311189640097,-0.23680267127405075,-0.17660921459584833,-0.1692593850687582,-0.13809977403463283,-0.23531845901027804,-0.18450575925050133,-0.22462275629131345,-0.011156896742163545,-0.9076364731145878,1.5580858702097802,-0.5904035559937899,-0.6467845920628796,0.9778523631178014,-0.9778523631178014
-0.16631373348700207,-0.19315296480202068,-0.1473110716077918,-0.1592918682585921,-0.209263022368996,-0.17708473150173,-0.19482834188288012,-0.14168369001674316,-0.23646232127613284,-0.1877377039689127,-0.23158677757518545,-0.14130426221700085,-0.9076364731145878,1.5580858702097802,-0.5904035559937899,-0.6467845920628796,0.9778523631178014,-0.9778523631178014
5.92808436880722,4.424905402458992,2.1491787776058007,5.010949865344154,4.730150941428188,7.770971721447982,1.6601485468149488,5.026071443960331,4.999417411228334,3.8048047983197764,6.267015350983822,3.5594159537524015,1.101762687619266,-0.6418131497883105,-0.5904035559937899,1.546109805755517,-1.022649264569533,1.022649264569533
-0.4260653304788928,-0.2230534231628682,-0.12763990916885093,-0.21918311724285544,-0.18275104935690126,-0.16050758956384362,-0.15800665188643429,-0.11298871711963122,-0.26607678298720966,-0.14938415836263141,-0.10463968468169957,-0.028131607302655817,-0.9076364731145878,1.5580858702097802,-0.5904035559937899,-0.6467845920628796,-1.022649264569533,1.022649264569533
-0.11311471412774457,-0.1005868829958276,-0.1589298034627459,-0.2111685286881012,-0.1310476204301996,-0.10884266412047779,-0.25047130625411634,-0.15642879121693412,-0.16117856032427794,-0.17135498701397928,-0.15535923582867453,-0.2021202136301992,1.101762687619266,-0.6418131497883105,-0.5904035559937899,1.546109805755517,-1.022649264569533,1.022649264569533
-0.060994301467773016,-0.13536006088529975,-0.15359192934610696,-0.11693540074479643,-0.0705387855960336,-0.19779279551162512,-0.24272614162123,-0.23616753220249648,-0.1488943309077601,-0.19268423303845328,-0.20683660526254044,-0.35849292631253515,1.101762687619266,-0.6418131497883105,1.6937567361306989,-0.6467845920628796,-1.022649264569533,1.022649264569533
-0.1431810689964832,-0.04437134868101369,-0.1524579526793588,-0.16617683569683322,-0.09700855945691539,-0.1600754753004823,-0.23724265827712568,-0.22736702590334182,-0.14463149747035625,-0.1728782926141986,-0.1672073053522603,-0.23570132035941452,1.101762687619266,-0.6418131497883105,1.6937567361306989,-0.6467845920628796,0.9778523631178014,-0.9778523631178014
-0.1123182929880729,-0.1455492010010877,-0.15769524023654988,-0.16676482952254543,-0.12400936658935592,-0.21042123027235438,-0.22937314311793272,-0.22862242796782806,-0.13411579458226283,-0.17029253860299007,-0.23285036226756073,-0.24305815581874293,1.101762687619266,-0.6418131497883105,1.6937567361306989,-0.6467845920628796,-1.022649264569533,1.022649264569533
-0.2020792230138189,-0.2280618014839117,-0.14191934689447722,-0.16010832878915762,-0.24156193854134822,-0.1723918902447435,-0.18200851598370502,-0.12153268094777678,-0.22467294480257846,-0.18357081775196246,-0.18274544440141025,-0.08983494068930517,-0.9076364731145878,-0.6418131497883105,1.6937567361306989,-0.6467845920628796,-1.022649264569533,1.022649264569533
-0.12686284536539283,-0.07885911497774882,-0.1437901872933843,-0.18616904642850735,-0.042554015356319065,-0.18141844186345854,-0.24090530531760057,-0.22434481404656043,-0.1315682375960118,-0.19779916964222072,-0.19680425071044827,-0.24365104068478768,1.101762687619266,-0.6418131497883105,-0.5904035559937899,-0.6467845920628796,-1.022649264569533,1.022649264569533
-0.7714981316509409,-0.12054774189485641,-0.13889482217623092,-0.21254472201218713,-0.2575490477257728,-0.22289664093517333,-0.1706455543784625,-0.12634800114221129,-0.2031424600799781,-0.17646296782507076,-0.10737711822085892,-0.054605145173485935,-0.9076364731145878,-0.6418131497883105,-0.5904035559937899,1.546109805755517,0.9778523631178014,-0.9778523631178014
3.1043102900945216,6.9751218100294246,2.6924801602024178,5.851975806663579,6.939227860556103,5.411985221046649,1.237243930551407,2.7411825973122403,5.895263273613659,2.094824679740836,0.8628101569775892,2.939411867614733,-0.9076364731145878,-0.6418131497883105,1.6937567361306989,-0.6467845920628796,0.9778523631178014,-0.9778523631178014
-0.1765311275924015,-0.1700666357179012,-0.13552065119485063,-0.25254893257091715,-0.2688905076516743,-0.21644072945610374,-0.1747130919495447,-0.18320014078790553,-0.2500812017648661,-0.17352885833660636,-0.2766727471804483,0.020671933941512375,-0.9076364731145878,1.5580858702097802,-0.5904035559937899,-0.6467845920628796,-1.022649264569533,1.022649264569533
-0.20534689137700388,-0.20760765765480904,-0.1325892276858139,-0.2334411335473744,-0.20905060586951357,-0.21248104978730614,-0.16889265148244764,-0.1473198387658694,-0.21872769072447873,-0.1750886394166953,-0.16200907109425508,-0.03964491422348923,-0.9076364731145878,-0.6418131497883105,1.6937567361306989,-0.6467845920628796,-1.022649264569533,1.022649264569533
-0.18875885332228248,-0.14865400460684144,-0.1468385877480667,-0.14833529525858666,-0.21242631505429344,-0.15092781028017455,-0.20136097366527686,-0.12819761620624376,-0.22853262405418276,-0.17890477548224498,-0.14266860821345465,-0.1467333072271666,-0.9076364731145878,-0.6418131497883105,-0.5904035559937899,-0.6467845920628796,0.9778523631178014,-0.9778523631178014
-0.1526447252855195,-0.2246305966594801,-0.15430582619913707,-0.16892337608288593,-0.07848461975102655,-0.19199851177013014,-0.23391605777538088,-0.23775828893560477,-0.13889147161067378,-0.17266883655144252,-0.25528353459542824,-0.22106791618465652,1.101762687619266,-0.6418131497883105,-0.5904035559937899,1.546109805755517,0.9778523631178014,-0.9778523631178014
-0.16292162091776616,-0.27834338561712263,-0.14376754065387917,-0.2318195942841681,-0.1272138203660559,-0.10649669569935491,-0.22418835694151884,-0.15623807787608865,-0.15759952095879617,-0.1546389507706127,-0.11601515790306928,-0.18493833884298091,1.101762687619266,-0.6418131497883105,-0.5904035559937899,-0.6467845920628796,0.9778523631178014,-0.9778523631178014
-0.18174389486192927,-0.13256237938780274,-0.14285426076518662,-0.13749549468922406,-0.1911295376878696,-0.14392657479162885,-0.18702253654893097,-0.0914953769256474,-0.24458188943832274,-0.40087272178027294,-0.1942426699467514,-0.11482010274559197,-0.9076364731145878,1.5580858702097802,-0.5904035559937899,-0.6467845920628796,-1.022649264569533,1.022649264569533
-0.11937378973963648,-0.1964770858704658,-0.1629986906121978,-0.25343854926767245,-0.09958753012273855,-0.15305197504138815,-0.2462556229330367,-0.16103903646915832,-0.14869991003903418,-0.16026871919167845,-0.214890292710021,-0.175211343443052,1.101762687619266,-0.6418131497883105,1.6937567361306989,-0.6467845920628796,0.9778523631178014,-0.9778523631178014
-0.20030325495565982,-0.050734942902470145,-0.14683130804511196,-0.1200100955171524,-0.24899411120227719,-0.17368202229054425,-0.18507542579188666,-0.17066951871877412,-0.2439440413256185,-0.19465058171019617,-0.1942836891681818,-0.12068948963271689,-0.9076364731145878,-0.6418131497883105,-0.5904035559937899,1.546109805755517,0.9778523631178014,-0.9778523631178014
-0.20002605198731255,-0.22870312231891157,-0.14485123521628682,-0.17387298384555408,-0.28657485428547463,-0.1587802360834399,-0.18969997957141618,-0.11034661951403932,-0.23987800194895445,-0.18684906944645935,-0.08689030038298794,-0.07512770298353343,-0.9076364731145878,-0.6418131497883105,-0.5904035559937899,-0.6467845920628796,0.9778523631178014,-0.9778523631178014
-0.1166727825785516,-0.1771971956941161,-0.1615256332875732,-0.10623477356276774,-0.1257192119318381,-0.2215138099873252,-0.22530974864751738,-0.28045183753057323,-0.15680043297579782,-0.17721221027762685,-0.09236794463732426,-0.27021088414038535,1.101762687619266,-0.6418131497883105,-0.5904035559937899,-0.6467845920628796,0.9778523631178014,-0.9778523631178014
-0.22050931394604312,-0.1577259878474691,-0.1412556624162655,-0.16096101907596697,-0.211354557320347,-0.13546200602761121,-0.17761120547528242,-0.07480889256079643,-0.21049025693349727,-0.18147504793129007,-0.15916260869743665,-0.11529123973923439,-0.9076364731145878,-0.6418131497883105,-0.5904035559937899,-0.6467845920628796,0.9778523631178014,-0.9778523631178014
-0.12373160669407843,-0.08631832432972585,-0.15266636333615638,-0.19413586887124853,-0.11495008417059457,-0.15525875705679285,-0.23009265835732298,-0.20133114682135173,-0.1334577217928155,-0.1663912155352032,-0.21768407226761963,-0.1974113219166438,1.101762687619266,-0.6418131497883105,1.6937567361306989,-0.6467845920628796,-1.022649264569533,1.022649264569533
-0.19281043913849522,-0.2281653290984306,-0.1566579018318839,-0.1623054972533486,-0.19538391537938804,-0.09893901067819194,-0.18479606886955532,-0.1381519010586702,-0.23756228019466266,-0.1728101404542681,-0.19961848984708824,-0.17104985924313956,-0.9076364731145878,-0.6418131497883105,1.6937567361306989,-0.6467845920628796,0.9778523631178014,-0.9778523631178014
-0.1655234631818074,-0.1860850630377992,-0.16568193546772036,-0.2086379872167064,-0.12508147433957556,-0.13841857239599298,-0.23990596040291093,-0.17101805543670306,-0.1613600098491284,-0.16966544122686966,-0.06910569595346164,-0.19914517289190867,1.101762687619266,-0.6418131497883105,1.6937567361306989,-0.6467845920628796,-1.022649264569533,1.022649264569533
-0.17683548683295675,-0.2012599314332856,-0.16416098814560592,-0.21931668903147988,-0.13893585440276215,-0.13025327805495587,-0.23552725340484892,-0.1974553145206594,-0.18655879608420659,-0.18311125741888967,-0.2707325896065057,-0.18176842782712305,1.101762687619266,1.5580858702097802,-0.5904035559937899,-0.6467845920628796,-1.022649264569533,1.022649264569533
-0.2230518674741416,-0.1797151079498068,-0.1411217592094507,-0.14061194502174776,-0.2398112773917773,-0.17257582148835077,-0.16564130227026502,-0.10157142837390525,-0.2301912587994613,-0.17933644591333814,-0.17209607266089688,-0.11468050794702504,-0.9076364731145878,-0.6418131497883105,-0.5904035559937899,1.546109805755517,0.9778523631178014,-0.9778523631178014
-0.18704705504298313,-0.20622563551496906,-0.1540621382676178,-0.1707985676905897,-0.13701071787589558,-0.1910865155893385,-0.21857298630707608,-0.2190228786767941,-0.1364412774399362,-0.16704702318245104,-0.180672270790087,-0.14988583811388972,1.101762687619266,-0.6418131497883105,-0.5904035559937899,1.546109805755517,0.9778523631178014,-0.9778523631178014
-0.8455212282032322,-0.14873426078746613,-0.14209600082098742,-0.12454828078215531,-0.2100027315568004,-0.14816310109552025,5.43137706545426,-0.15217068763776362,-0.1888232112079809,-0.18267224789223868,-0.1443222426103309,-0.1256348620124334,-0.9076364731145878,-0.6418131497883105,-0.5904035559937899,1.546109805755517,-1.022649264569533,1.022649264569533
-0.18611006823616144,-0.2381534261421458,-0.14764586540807578,-0.17864618246040875,-0.258790479147027,-0.13203627993139788,-0.19515249730979792,-0.10104128782064777,-0.20509757120012403,-0.17509653120272528,-0.24193361236067512,-0.0504879499712223,-0.9076364731145878,1.5580858702097802,-0.5904035559937899,-0.6467845920628796,0.9778523631178014,-0.9778523631178014
-0.1156340435299198,-0.1305875206545576,-0.15179014110367373,-0.1013843069654923,-0.11609108297629733,-0.23670378707256937,-0.22114030329223794,-0.2642965824585255,-0.16943157366428793,-0.17299669060463885,-0.15193837743687802,-0.27005901420939143,1.101762687619266,-0.6418131497883105,-0.5904035559937899,1.546109805755517,0.9778523631178014,-0.9778523631178014
-0.15476904093944105,-0.15619948361133784,-0.16305276485317285,-0.2556429944201501,-0.054542761838267846,-0.07337256628039922,-0.26500043815632063,-0.1453254039866588,-0.16074724260981216,-0.17041396041089035,-0.08336572842181626,-0.18746527354032544,-0.9076364731145878,-0.6418131497883105,1.6937567361306989,-0.6467845920628796,0.9778523631178014,-0.9778523631178014
-0.09575800822362604,-0.1814623561458768,-0.1739772539905267,-0.1637436195200594,-0.06719387018642596,-0.141988219828268,-0.2531573387300554,-0.22387024069442973,-0.165256024442994,-0.1755562350148305,-0.2271698593277721,-0.205312707425017,-0.9076364731145878,-0.6418131497883105,-0.5904035559937899,1.546109805755517,0.9778523631178014,-0.9778523631178014
-0.10972075467346902,-0.14482030447983113,-0.14607363636067822,-0.20486637073257313,-0.08431249591605326,-0.14094072167603264,1.5596504574449868,-0.18802778271517281,-0.13392844158939035,-0.17008815225611248,-0.04645107144006046,-0.21698992572933049,1.101762687619266,-0.6418131497883105,-0.5904035559937899,-0.6467845920628796,-1.022649264569533,1.022649264569533
-0.18630669543057415,-0.107386706615643,-0.14217852823164484,-0.14612639836390498,-0.2126686906815207,-0.15627813764314832,-0.18903500620503896,-0.12261882513303024,-0.21901035922690912,-0.17997785222479354,-0.14958113667245493,-0.13376639206015212,-0.9076364731145878,-0.6418131497883105,1.6937567361306989,-0.6467845920628796,-1.022649264569533,1.022649264569533
-0.17536663305892308,-0.1473669017773147,-0.14260455355421386,-0.14883739294461495,-0.19378874972870666,-0.1439953886342154,-0.197451839633782,-0.13567150020334806,-0.23851643979814408,-0.16590594044657395,-0.16844900263088206,-0.11499227454617154,-0.9076364731145878,1.5580858702097802,-0.5904035559937899,-0.6467845920628796,-1.022649264569533,1.022649264569533
-0.14705526806568017,-0.29295613027457007,-0.1689617558108503,-0.20471745157010937,-0.05986240778914063,-0.1049519820303908,-0.2647328181553951,-0.2044786695525794,-0.1627251619517002,-0.19248570116647365,-0.12662083333405508,-0.26519540247474327,1.101762687619266,1.5580858702097802,-0.5904035559937899,-0.6467845920628796,-1.022649264569533,1.022649264569533
-0.18869287863235387,-0.19336503559916024,-0.12802937645098045,-0.26552650205147355,-0.17071644433984362,-0.2347753200396668,-0.17297883658396537,-0.10669187147723994,-0.2329360234203741,-0.16089950044193557,-0.04076815369783323,0.0004896084390335377,-0.9076364731145878,-0.6418131497883105,1.6937567361306989,-0.6467845920628796,0.9778523631178014,-0.9778523631178014
-0.1663708530403879,-0.13710693587250783,-0.13623363546595924,-0.17239628271513835,-0.2193038421604404,-0.1900177429272823,-0.1835184140848588,-0.13239111459750816,-0.22799563463779682,-0.1657749310197577,-0.09358192296661572,-0.11168460092182571,-0.9076364731145878,-0.6418131497883105,-0.5904035559937899,-0.6467845920628796,-1.022649264569533,1.022649264569533
-0.21299441399074046,-0.08612437379902402,-0.13354727902457098,-0.18867156848912553,-0.21973370848972207,-0.1878264907694374,0.8746419854092473,-0.10416184390529426,-0.2099330636306871,-0.15012338341493564,-0.12089907911553265,-0.05697471842528238,-0.9076364731145878,1.5580858702097802,-0.5904035559937899,-0.6467845920628796,-1.022649264569533,1.022649264569533
-0.25460653513138287,-0.21048240034388976,-0.1372062706638975,-0.14543373299613857,-0.3004321903720384,-0.1348916898068332,-0.1632376473769734,-0.1132011778930766,-0.2055411054093065,-0.18939336083129316,-0.33361256256057537,-0.05092124208395498,-0.9076364731145878,-0.6418131497883105,-0.5904035559937899,1.546109805755517,-1.022649264569533,1.022649264569533
-0.21048032754342857,-0.1998108453103259,-0.13959350332076442,-0.19627212409641237,-0.29502850611048287,-0.19381542777948127,-0.18178932417107027,-0.1998295481457286,-0.21627351844270734,-0.19099314998099026,-0.10039802563640052,-0.006764943242440493,-0.9076364731145878,-0.6418131497883105,1.6937567361306989,-0.6467845920628796,0.9778523631178014,-0.9778523631178014
-0.20950977544818927,-0.10987753560801392,-0.15349467543242662,-0.0718639560788304,-0.21058718476978525,-0.0747812615514718,-0.21168818973807638,-0.14050853787637635,-0.2176263018354773,-0.19107358074216807,-0.1886847791950606,-0.2019606314019397,-0.9076364731145878,-0.6418131497883105,1.6937567361306989,-0.6467845920628796,0.9778523631178014,-0.9778523631178014
-0.1288224921505843,-0.30280825828899893,-0.15633370132289423,-0.12299330456615594,-0.04375248515363505,-0.17645019355987235,-0.24007662360613988,-0.25407552527959665,-0.14044451103070338,-0.18138246198750985,-0.18506422636650385,-0.3113378533746959,1.101762687619266,-0.6418131497883105,1.6937567361306989,-0.6467845920628796,0.9778523631178014,-0.9778523631178014
-0.1285084173686009,-0.14753474585848075,-0.17360291201437045,-0.1625028203823513,-0.16991966285729423,-0.18863771493671294,-0.24069742226698426,-0.1882886608299836,-0.14776008492951193,-0.18841581221864406,-0.2398106452929251,-0.24863589735097316,1.101762687619266,-0.6418131497883105,1.6937567361306989,-0.6467845920628796,0.9778523631178014,-0.9778523631178014
-0.18117492053092937,-0.17443071966557147,-0.1482427294034643,-0.16982614626554954,-0.23640991766654315,-0.19574448945867207,-0.19849811281625218,-0.12832297446644997,-0.2718425782097228,-0.18684981248980348,-0.23341079973713036,-0.09053863118154132,-0.9076364731145878,-0.6418131497883105,-0.5904035559937899,1.546109805755517,-1.022649264569533,1.022649264569533
-0.14054268861664768,-0.1681872725455611,-0.15706108667380644,-0.17719332065577223,-0.08601680621353294,-0.12500193925747966,-0.24589354136285774,-0.2087012222666561,-0.14811139224484732,-0.17443017543596126,-0.20405182763767177,-0.2516574506099978,1.101762687619266,-0.6418131497883105,-0.5904035559937899,1.546109805755517,0.9778523631178014,-0.9778523631178014
-0.22018971512692187,-0.16657322451019746,-0.14217810671067468,-0.1462045295588362,-0.13077398123223336,-0.17538700128779622,-0.21733562895472916,-0.23448558939351766,-0.18198042144403437,-0.1856487216040347,-0.17755319649789475,-0.14425909869828837,1.101762687619266,-0.6418131497883105,1.6937567361306989,-0.6467845920628796,-1.022649264569533,1.022649264569533
-0.11944439785610235,-0.16999606538137232,-0.14875349758451115,-0.09855810044107433,-0.012892020225143653,-0.22524261347827976,-0.23804414880838734,-0.3029609639241864,-0.1347886968170746,-0.18269620573194517,-0.18033986336894212,-0.35265635469544626,1.101762687619266,-0.6418131497883105,1.6937567361306989,-0.6467845920628796,0.9778523631178014,-0.9778523631178014
-0.08216893985832344,-0.11792014056336585,-0.15756012656274182,-0.12704274128717644,0.018566030735735695,-0.18652774973486957,-0.26173193516241405,-0.25832520159576894,-0.13251657937146516,-0.1859744842329438,-0.18795432533800097,-0.39510539758178925,1.101762687619266,1.5580858702097802,-0.5904035559937899,-0.6467845920628796,0.9778523631178014,-0.9778523631178014
-0.21569617411257086,-0.24744935354063566,-0.1367959347005327,-0.14665650787260318,-0.23451234351701356,-0.2705903766905434,-0.13994835343645562,-0.13601435693151134,-0.19331638337805282,-0.1629185298382628,-0.2026002794386016,-0.03092101423188894,-0.9076364731145878,1.5580858702097802,-0.5904035559937899,-0.6467845920628796,-1.022649264569533,1.022649264569533
-0.16614294991527231,-0.1773373599052359,-0.15573800482805136,-0.13801377896485595,-0.0372586927791701,-0.16489358300177667,1.5508136138333612,-0.28533841456987397,-0.1093158774750397,-0.19282063104617986,-0.07650558372091579,-0.27534362896507286,1.101762687619266,1.5580858702097802,-0.5904035559937899,-0.6467845920628796,0.9778523631178014,-0.9778523631178014
-0.17410661579470027,-0.12630539941009677,-0.14138014823690515,-0.1671991572927719,-0.22396306869651308,-0.19861469876631943,-0.18841354353951664,-0.1494066596860578,-0.2045175497619051,-0.19139011540879272,-0.19227600879895637,-0.12525671788326811,-0.9076364731145878,-0.6418131497883105,-0.5904035559937899,1.546109805755517,-1.022649264569533,1.022649264569533
3.322617872937575,7.091489757237798,1.8980416545303946,5.899178440029552,2.915858438820477,5.731637299344796,1.6603793256847819,7.358883899513746,4.577323265032453,6.687286419482285,3.9251476538370933,5.795303587472637,1.101762687619266,-0.6418131497883105,-0.5904035559937899,1.546109805755517,0.9778523631178014,-0.9778523631178014
-0.10940326134035973,-0.13780733197320244,-0.15605068499605138,-0.21170417120022164,-0.17049035297936257,-0.2339355444078467,-0.22184738870628465,-0.19897187199814606,-0.15595231196408854,-0.16572557635665805,-0.11703568211436734,-0.17383574217970324,1.101762687619266,-0.6418131497883105,-0.5904035559937899,1.546109805755517,0.9778523631178014,-0.9778523631178014
-0.14665058564026193,-0.269204608874487,-0.14620968100831863,-0.14227709977736996,-0.18346384804320248,-0.1771498959223255,-0.19231190551177196,-0.14563937185188547,-0.2573207005453075,-0.19084970821184108,-0.17208745639134823,-0.14177518497795472,-0.9076364731145878,1.5580858702097802,-0.5904035559937899,-0.6467845920628796,0.9778523631178014,-0.9778523631178014
-0.14083878626266838,-0.08543777632472907,-0.15853504295512766,-0.15491357153456706,-0.0546912618228859,-0.14656367320683558,-0.25632021589400344,-0.22127758086778396,-0.13759363548650316,-0.19938406805432568,-0.14967973882033184,-0.28939835802525027,1.101762687619266,-0.6418131497883105,1.6937567361306989,-0.6467845920628796,-1.022649264569533,1.022649264569533
-0.14382400567344328,-0.06308742163355834,-0.15877246420919341,-0.1575102639203498,-0.06679674863456217,-0.17158525551185833,-0.24783592408896676,-0.24670963280218597,-0.16088043360786045,-0.1865151457798658,-0.2482295299402398,-0.29406873675254047,1.101762687619266,1.5580858702097802,-0.5904035559937899,-0.6467845920628796,-1.022649264569533,1.022649264569533
-0.13291136425319067,-0.12011382217369017,-0.16307070170713717,-0.22618172429969444,-0.0779334796826717,-0.1746913937422788,-0.24494375901107648,-0.18654528668159923,-0.14273493160669623,-0.1736573567504848,-0.30666953051126555,-0.2199375977707242,1.101762687619266,-0.6418131497883105,-0.5904035559937899,-0.6467845920628796,-1.022649264569533,1.022649264569533
-0.12235553894573185,-0.18626756965248636,-0.157237407302538,-0.1465773084317895,-0.04096450213936817,-0.18379948387790956,-0.24259926278082844,-0.25507113771804674,-0.14819021486956294,-0.17194814375556486,-0.21373990384515867,-0.30285838945575516,1.101762687619266,1.5580858702097802,-0.5904035559937899,-0.6467845920628796,-1.022649264569533,1.022649264569533
-0.8476631718333888,-0.16261168741193527,-0.14429135743192556,-0.21761515836461895,-0.2183870399489341,-0.13966944756703478,-0.18229302360939376,-0.1346804215077205,-0.21984217265568676,-0.17328147688094953,-0.15177176871863865,-0.06249207614408082,-0.9076364731145878,-0.6418131497883105,-0.5904035559937899,1.546109805755517,-1.022649264569533,1.022649264569533
-0.10601578882389971,-0.19614218961433105,-0.16274988650828762,-0.18686944652770418,-0.15246254976459075,-0.17850519589153052,-0.23254017482422315,-0.1842388791300373,-0.18202774683060619,-0.1550171115262848,-0.20276174613972409,-0.184571362415387,1.101762687619266,-0.6418131497883105,-0.5904035559937899,-0.6467845920628796,0.9778523631178014,-0.9778523631178014
-0.7951515063998533,-0.06707638074614063,-0.14024456887941583,0.18173844975208478,-0.3112965987736719,-0.115581778819301,0.4311334631544879,0.7740677464376088,-0.08697408713899944,0.028674153245729434,-0.16110869915919718,0.19858327705068657,-0.9076364731145878,1.5580858702097802,-0.5904035559937899,-0.6467845920628796,-1.022649264569533,1.022649264569533
-0.17044921478118086,-0.17957116913068952,-0.14765596077851093,-0.15000880069518435,-0.184399696601886,-0.11931975963857572,-0.20910153013660115,-0.12412870914432497,-0.20412070093011134,-0.1786773039875762,-0.14911719412992525,-0.1622597308439731,-0.9076364731145878,-0.6418131497883105,-0.5904035559937899,1.546109805755517,-1.022649264569533,1.022649264569533
-0.1414108956119605,-0.18303420575457358,-0.17733263218488873,-0.22787392056282182,-0.10223044895991312,-0.14987862721689596,-0.26044236084903466,-0.16747892077403495,-0.17444222485525349,1.3089370279610346,-0.20022726151355294,-0.2010314922849833,1.101762687619266,-0.6418131497883105,-0.5904035559937899,-0.6467845920628796,0.9778523631178014,-0.9778523631178014
-0.20559361629065645,-0.16572192815558032,-0.13499962944111382,-0.14768962016047216,-0.24949750610257546,-0.20029637349052007,-0.16161408941391045,-0.10238442307051848,-0.21454684968194482,-0.17758452016773124,-0.3066477842045168,-0.08865337030357548,-0.9076364731145878,-0.6418131497883105,1.6937567361306989,-0.6467845920628796,0.9778523631178014,-0.9778523631178014
-0.19349529490893977,-0.15829765643069568,-0.13433638395209807,-0.20862796517154703,-0.27874197240437243,-0.13737770576014047,-0.16666344710843986,-0.08830405028156539,-0.15631629365041383,-0.1795510870998249,-0.22487116616286174,-0.010555089433256084,-0.9076364731145878,1.5580858702097802,-0.5904035559937899,-0.6467845920628796,-1.022649264569533,1.022649264569533
-0.20337761457402154,-0.1750569329808702,-0.13382292393838807,-0.20305927478555671,-0.2335983971205025,-0.1585129201957509,-0.17054110547404244,-0.10723112095791001,-0.15481440667567575,-0.17325407142176158,-0.0732685129676188,-0.04917589863202132,-0.9076364731145878,-0.6418131497883105,1.6937567361306989,-0.6467845920628796,-1.022649264569533,1.022649264569533
-0.18153788151762268,-0.10119096228978441,-0.1345663776503654,-0.19111921575444946,-0.16714065454270227,-0.18382987381234905,-0.17560109965219015,-0.08953966525271888,-0.21667795109144414,-0.1477353766750381,-0.23931226780744252,-0.07822855721484981,-0.9076364731145878,-0.6418131497883105,1.6937567361306989,-0.6467845920628796,-1.022649264569533,1.022649264569533
-0.2382920175957838,-0.2934474437196238,-0.09435753262564911,-0.12253767878638494,-0.7473063946435337,-0.48595135221894026,0.15555470161772883,0.12245446809979017,-0.5226748741427707,-0.08442503138003478,-0.8780957014546428,-0.18741120761266036,-0.9076364731145878,-0.6418131497883105,-0.5904035559937899,1.546109805755517,-1.022649264569533,1.022649264569533
-0.09784664399844374,-0.17842109024297798,-0.1603538478272036,-0.1579237211730463,-0.1278171998956639,-0.17486128834170805,-0.24102810884528544,-0.20984082026618486,-0.16207437555531745,-0.19009513222308427,-0.1689120314983962,-0.259564908763147,1.101762687619266,-0.6418131497883105,-0.5904035559937899,1.546109805755517,0.9778523631178014,-0.9778523631178014
-0.15391871783561067,-0.19127571572971858,-0.1469815395221292,-0.14271859434374304,-0.05562071979771478,-0.12309286181907404,-0.2407712804577654,-0.22199131327250993,-0.1453960205615578,-0.189051400040486,-0.26450776677030297,-0.27223606526051686,1.101762687619266,-0.6418131497883105,1.6937567361306989,-0.6467845920628796,-1.022649264569533,1.022649264569533
-0.14914772042207072,-0.19766579829076855,-0.15214214059236186,-0.10983521137810494,-0.07080834838707281,-0.1754202729474395,-0.2326514355352647,-0.2406029020228373,-0.16132858312554585,-0.18302654188844636,-0.17767251572620438,-0.28313571219942035,1.101762687619266,1.5580858702097802,-0.5904035559937899,-0.6467845920628796,0.9778523631178014,-0.9778523631178014
-0.14350479126779594,-0.12027313350260542,-0.1568080499456222,-0.17660727522393885,-0.13430097430919363,-0.09390084315393811,-0.24254710048909517,-0.22565588645610896,-0.11231614654547312,-0.171263528016286,-0.1855537147314204,-0.19616152533224493,1.101762687619266,-0.6418131497883105,1.6937567361306989,-0.6467845920628796,-1.022649264569533,1.022649264569533
-0.1788384209615312,-0.1828656876307982,-0.13547755366311767,-0.18092373804638856,-0.21018066293638704,-0.22302266064230936,-0.1699504906791599,-0.09706042124250461,-0.27021326934110945,-0.17621951339396819,-0.1696060095338194,-0.0619681259173762,-0.9076364731145878,-0.6418131497883105,-0.5904035559937899,-0.6467845920628796,0.9778523631178014,-0.9778523631178014
-0.058321109874046116,-0.2247249350221001,-0.06554426324755928,-0.42417839081574366,-0.7333830374718133,-0.19504698437935583,0.05010966887146556,0.24396065738159717,-0.6851227951218507,-0.07614863930060203,0.31208346516073027,0.8232281807969151,-0.9076364731145878,1.5580858702097802,-0.5904035559937899,-0.6467845920628796,0.9778523631178014,-0.9778523631178014
-0.18252697114501823,-0.08137247746471833,-0.16284737732796864,-0.19170202221142296,-0.12488203362734625,-0.12549514896468006,-0.24252236834117674,-0.19653073572286384,-0.18157163671130716,-0.18331567939062166,-0.15364355366907828,-0.1824801472158687,1.101762687619266,-0.6418131497883105,-0.5904035559937899,-0.6467845920628796,-1.022649264569533,1.022649264569533
-0.1425060481899015,-0.2378373144720193,-0.1544382177597265,-0.1460549311768882,-0.08476173635178094,-0.1801875629309464,-0.23255428084107696,-0.24092688485511563,-0.13539320437731467,-0.16454868227501632,-0.15758767876171126,-0.2550833149974897,1.101762687619266,-0.6418131497883105,-0.5904035559937899,-0.6467845920628796,-1.022649264569533,1.022649264569533
-0.18267249876851785,-0.1769251186929211,-0.13253274297907713,-0.1719298194138944,-0.22148004019602532,-0.13455250678834427,-0.18382527502429263,-0.127700807108764,-0.16437165277202617,-0.14512151542444787,-0.14559117494741966,-0.11661998721147591,-0.9076364731145878,-0.6418131497883105,-0.5904035559937899,1.546109805755517,-1.022649264569533,1.022649264569533
-0.16295820331588834,-0.18433384352547746,-0.1601113195541832,-0.13719234449831824,-0.018033681644968637,-0.19330052655432814,-0.24960999017387958,-0.26704270725007667,-0.17145128498242895,-0.19303559812657756,-0.23454128350086567,-0.3127490967862733,1.101762687619266,1.5580858702097802,-0.5904035559937899,-0.6467845920628796,-1.022649264569533,1.022649264569533
-0.2296265234082015,-0.20110320069858523,-0.13540258600011693,-0.14329351643606633,-0.22300411472053677,-0.1373874696485754,-0.1850794560479076,-0.11570066338039754,-0.17593380933115002,-0.1558740797238313,-0.2826709950776766,-0.12946704835855286,-0.9076364731145878,-0.6418131497883105,-0.5904035559937899,1.546109805755517,-1.022649264569533,1.022649264569533
-0.09741596811611915,-0.1974451627691658,-0.14719251829063656,-0.1686952869064423,-0.11915294115865396,-0.09562669397047527,-0.23876794339267246,-0.2026675775764748,-0.11253900803542505,-0.397928334702122,-0.2670494410773862,-0.2652743142032566,1.101762687619266,-0.6418131497883105,-0.5904035559937899,1.546109805755517,-1.022649264569533,1.022649264569533
-0.15428292895365825,-0.18167153401436276,-0.1587190362359776,-0.19827635721005682,-0.015833719034491368,-0.0997869441233498,-0.2643218462073391,-0.18521354254812275,-0.14656283357441577,-0.20131259269109558,-0.18326959832773204,-0.2918723708890847,1.101762687619266,-0.6418131497883105,-0.5904035559937899,-0.6467845920628796,0.9778523631178014,-0.9778523631178014
-0.19588173845425408,-0.1853036323633053,-0.1463498923080323,-0.2197724634653184,-0.32227432130440936,-0.18877564998041937,-0.17980798395931855,-0.14249681606479705,-0.24048826911499582,-0.1812478910841899,-0.19101852339949735,0.0007154784061420142,-0.9076364731145878,-0.6418131497883105,-0.5904035559937899,1.546109805755517,-1.022649264569533,1.022649264569533
-0.1787636920889374,-0.16246788308466983,-0.1551481464507578,-0.201761836217338,-0.11082661637064331,-0.13447165555647278,-0.23091155202968827,-0.20066454902872777,-0.13578532238579216,-0.17756325157813913,-0.30914340420451686,-0.1917100263546479,-0.9076364731145878,-0.6418131497883105,-0.5904035559937899,-0.6467845920628796,-1.022649264569533,1.022649264569533
-0.17814893947211807,-0.12787172730683133,-0.13732944128168897,-0.16471170550749148,-0.18763540642574414,-0.18291000405397267,0.8600880960397903,-0.1182401709817264,-0.23068377978641502,-0.17935769115176545,-0.16309474533752857,-0.11663599315766437,-0.9076364731145878,1.5580858702097802,-0.5904035559937899,-0.6467845920628796,-1.022649264569533,1.022649264569533
-0.18740481959510913,-0.19325853235885868,-0.14928732519729088,-0.16676914924342173,-0.2077371055189358,-0.22238366273381824,-0.18690552427297044,-0.14818971345273305,-0.22764853128006307,-0.19768485683305823,-0.23394766177852605,-0.14198504731483763,-0.9076364731145878,-0.6418131497883105,-0.5904035559937899,1.546109805755517,-1.022649264569533,1.022649264569533
-0.15056993194477897,-0.176002352893332,-0.14814376998369982,-0.11171514864670234,-0.06640607949359505,-0.13674223984916573,-0.24517620993547562,-0.27643645319800214,-0.17389986883306804,-0.19765102869340787,-0.17396960886041105,-0.2928449773126567,1.101762687619266,1.5580858702097802,-0.5904035559937899,-0.6467845920628796,0.9778523631178014,-0.9778523631178014
-0.21735304397198682,-0.07135907500473271,-0.13128201156368868,-0.2330214633606705,-0.21474485602810586,-0.1465580984539138,-0.17040802432349303,-0.06570698688171742,-0.1770135621516725,-0.1430889529757195,-0.15643158975875204,-0.0005221229706518895,-0.9076364731145878,1.5580858702097802,-0.5904035559937899,-0.6467845920628796,-1.022649264569533,1.022649264569533
-0.1544072890991156,-0.2379894955653322,-0.15367499238161086,-0.13422123354718454,-0.1972129516806659,-0.15315822578296975,-0.2108908299196231,-0.12975617680810633,-0.21343845079491514,-0.1840139209840685,-0.15458966474083954,-0.17361910735112657,-0.9076364731145878,-0.6418131497883105,-0.5904035559937899,-0.6467845920628796,0.9778523631178014,-0.9778523631178014
-0.13824326983612265,-0.11066237810627985,-0.1653666175079197,-0.16306383019434692,-0.13592261595073232,-0.1730899175221605,-0.23885015905966175,-0.21463490542708094,-0.1752933472991889,-0.18265277281753545,-0.11743615759665547,-0.22113365746078809,1.101762687619266,-0.6418131497883105,1.6937567361306989,-0.6467845920628796,-1.022649264569533,1.022649264569533
-0.19730383965463555,-0.16073109500528346,-0.13602842914477994,-0.24150424253436129,-0.21707994228189056,-0.17292008901064246,-0.17517764091575316,-0.08298236882151427,-0.18986639648336698,-0.16091944821168802,-0.08270794122885887,-0.01606720337433582,-0.9076364731145878,1.5580858702097802,-0.5904035559937899,-0.6467845920628796,0.9778523631178014,-0.9778523631178014
-0.4401315311891146,-0.29510893798313553,-0.13920295099175248,-0.18669912329775093,-0.2267883613677512,-0.16641960796719202,-0.18838136604488082,-0.12135828596581884,-0.25074634170474097,-0.16667328757388616,-0.129692652322289,-0.10329232952405679,-0.9076364731145878,-0.6418131497883105,-0.5904035559937899,1.546109805755517,0.9778523631178014,-0.9778523631178014
-0.2181895398995912,-0.17905686999836273,-0.12943674430627858,-0.1763616302760391,-0.28663607033612054,-0.20829341303399695,-0.1558418884622522,-0.15162780699803013,-0.18338117442069612,-0.1859043815116684,-0.0047639130765507005,-0.03343827664976869,-0.9076364731145878,-0.6418131497883105,1.6937567361306989,-0.6467845920628796,-1.022649264569533,1.022649264569533
6.26731189103717,4.903196409669965,1.423720865051206,7.44142404185436,7.797336261206907,5.205543875101042,1.5764298051979424,6.081703817739438,5.973584036830717,3.8886761716374947,5.960606632672528,3.9344901110825927,1.101762687619266,-0.6418131497883105,-0.5904035559937899,-0.6467845920628796,0.9778523631178014,-0.9778523631178014
-0.2251433467576975,-0.06528295845236912,-0.1422701345283218,-0.10505754783260002,-0.2235314293834723,-0.11627509832077502,-0.1790606944313754,-0.11026118734079236,-0.19985812279797727,-0.17517624946167235,-0.09914412262980027,-0.12111137763223805,-0.9076364731145878,1.5580858702097802,-0.5904035559937899,-0.6467845920628796,-1.022649264569533,1.022649264569533
-0.21211963493403377,-0.18743490731504447,-0.1344181044090014,-0.20812520368004925,-0.24428356429247708,-0.22388066923444308,-0.16199568458577288,-0.11397405947699486,-0.19796339486365255,-0.1845467227062852,-0.08702459500966074,-0.0495827145311008,-0.9076364731145878,1.5580858702097802,-0.5904035559937899,-0.6467845920628796,0.9778523631178014,-0.9778523631178014
-0.12060102090151828,-0.27136041297354907,-0.17095436117715665,-0.22509755936839243,-0.11917315758576633,-0.1537149195323696,-0.2421207931775895,-0.17675048973763083,-0.14998776968728678,-0.16464609904137084,-0.23230555620664087,-0.1608969554465674,1.101762687619266,-0.6418131497883105,-0.5904035559937899,1.546109805755517,-1.022649264569533,1.022649264569533
-0.13205775075840978,-0.24289208302651147,-0.16845526126644497,-0.26401867518664635,-0.11814656249129685,-0.14993027954518454,-0.2433523321201209,-0.16759764666368035,-0.14528436148232368,-0.1682695372212338,-0.1388294338474046,-0.18704365407099716,1.101762687619266,-0.6418131497883105,1.6937567361306989,-0.6467845920628796,-1.022649264569533,1.022649264569533
-0.14261851715205,-0.1324086229028439,-0.1594930960491201,-0.1964650573878889,-0.11737164336615906,-0.21848386878367715,-0.22640712774581526,-0.20926133375096687,-0.1733500828382096,-0.15948407027991698,-0.20424607113505983,-0.1853659833861583,1.101762687619266,1.5580858702097802,-0.5904035559937899,-0.6467845920628796,-1.022649264569533,1.022649264569533
-0.11470453797448196,-0.18294602999800041,-0.13857149579810704,-0.14972541418102858,-0.03660217678880795,-0.22499275164853247,-0.22608450570122307,-0.27593221694492975,-0.14512381168187044,-0.17253412530891213,-0.15180929988993053,-0.27002194314263145,1.101762687619266,-0.6418131497883105,-0.5904035559937899,-0.6467845920628796,0.9778523631178014,-0.9778523631178014
-0.21712545703523012,-0.18857678677951867,-0.14250907112352595,-0.08391782253608338,-0.2253742285862625,-0.10675419784656455,-0.18857687429890055,-0.08011591147168798,-0.1963535240502344,-0.16960627283150234,-0.12971932022478533,-0.08929170811073021,-0.9076364731145878,-0.6418131497883105,-0.5904035559937899,-0.6467845920628796,-1.022649264569533,1.022649264569533
0.0030092268821041088,-0.013168258259479138,-0.15306599152904668,0.08426073458352216,-0.2112559677831131,-0.5324750419053881,-0.1946194335180407,-0.05248452805595625,-1.020682144623273,-0.1009145873279148,-0.19912216789437737,0.15994747856972885,-0.9076364731145878,-0.6418131497883105,-0.5904035559937899,-0.6467845920628796,0.9778523631178014,-0.9778523631178014
-0.119547243276141,-0.1979007687374429,-0.1594155529358541,-0.21707230827169594,-0.19517983816780016,-0.13655752864949905,-0.2371468524319963,-0.18672238687328205,-0.1452166343745157,-0.1792031836481427,-0.11443698857535413,-0.1765247860246824,-0.9076364731145878,1.5580858702097802,-0.5904035559937899,-0.6467845920628796,-1.022649264569533,1.022649264569533
-0.1797745400458099,-0.19809875351420209,-0.1446165690746051,-0.16028354275090304,-0.18804723482928284,-0.174940355773386,-0.18947887281361386,-0.12564984776578175,-0.2193046216298172,-0.15532864669684482,-0.17355386254259228,-0.1150718498465045,-0.9076364731145878,1.5580858702097802,-0.5904035559937899,-0.6467845920628796,-1.022649264569533,1.022649264569533
-0.20715638836110292,-0.1550063850779604,-0.136741241457133,-0.17766531291314683,-0.24447999085405347,-0.1809092455395105,-0.18661883173844557,-0.1380862258279959,-0.23076490148206794,-0.17918069264019096,-0.12443110391470846,-0.09651779548807948,-0.9076364731145878,1.5580858702097802,-0.5904035559937899,-0.6467845920628796,-1.022649264569533,1.022649264569533
-0.13463489661076414,-0.13963010316867086,-0.15596955621434105,-0.1598949172637413,-0.09971254125729974,-0.12520146643303962,-0.24466820559291538,-0.1926657920554311,-0.15775729507148373,-0.19324027955745465,-0.08568187087838033,-0.25255875708540154,1.101762687619266,-0.6418131497883105,-0.5904035559937899,1.546109805755517,0.9778523631178014,-0.9778523631178014
-0.19865079571211466,-0.15855898959428935,-0.12893344374811336,-0.1922050973441956,-0.23711916557221924,-0.16413418478096362,-0.16282337434264063,-0.053582048602088546,-0.15749864681995895,-0.15269086457360118,-0.190676150786091,-0.008446732990220225,-0.9076364731145878,-0.6418131497883105,1.6937567361306989,-0.6467845920628796,-1.022649264569533,1.022649264569533
-0.19869593309256056,-0.1922486301998183,-0.14035316928152214,-0.14838671257295702,-0.2590971524085444,-0.17448221251175552,-0.18427744200471663,-0.17666921367365182,-0.23689253908559194,-0.18659512265614978,-0.226143271911459,-0.07853090100551782,-0.9076364731145878,-0.6418131497883105,-0.5904035559937899,1.546109805755517,-1.022649264569533,1.022649264569533
-0.13860558131998482,-0.09225170819815412,-0.16574354593480112,-0.1385025744610906,-0.13687883355856753,-0.22618593834554723,-0.22618883124462785,-0.2304020898262704,-0.19576181960620653,-0.16555868797318393,-0.13493275018136577,-0.22467752255239784,1.101762687619266,-0.6418131497883105,1.6937567361306989,-0.6467845920628796,0.9778523631178014,-0.9778523631178014
-0.23333752000338798,-0.14513040176261252,-0.13653327524157524,-0.168538828589217,-0.25748159561748735,-0.14482990100204282,-0.17195434951270172,-0.13626210092485389,-0.17175462236301733,-0.1842308157359592,-0.1460065720091991,-0.10859698294708009,-0.9076364731145878,-0.6418131497883105,-0.5904035559937899,-0.6467845920628796,0.9778523631178014,-0.9778523631178014
-0.1905833922629296,-0.2205314967545302,-0.1321113684089108,-0.17350923598541315,-0.24628594854248634,-0.23461549727416006,-0.16171118300781873,-0.13876597415694816,-0.2232115594467242,-0.17497602882157764,-0.1682886504622986,-0.06189244578880045,-0.9076364731145878,-0.6418131497883105,-0.5904035559937899,1.546109805755517,0.9778523631178014,-0.9778523631178014
-0.17187020707116177,-0.374206707904647,-0.14861314719662594,-0.10198036387122625,-0.20600910734413447,-0.18268333523618527,-0.19186785526598568,-0.17186138046048874,-0.22645431209475111,-0.20620222691746226,-0.12806178606039015,-0.201336199374252,-0.9076364731145878,-0.6418131497883105,-0.5904035559937899,1.546109805755517,0.9778523631178014,-0.9778523631178014
-0.0846386759556512,-0.16300321709723622,-0.16584870993438186,-0.13969504113539827,-0.1564114684998101,-0.16180599156488937,-0.2287870923317092,-0.23166890539602672,-0.38096272621972915,-0.1824449126848183,-0.171967585150194,-0.162573282127476,-0.9076364731145878,1.5580858702097802,-0.5904035559937899,-0.6467845920628796,0.9778523631178014,-0.9778523631178014
-0.17682461466538082,-0.16850696094743767,-0.1436138213158593,-0.15276286718821025,-0.24195508966173168,-0.12288428675816991,-0.216772663745162,-0.18156270150261478,1.0018114169747667,-0.19551559853882605,-0.13107842563008273,-0.13905059189087138,-0.9076364731145878,-0.6418131497883105,-0.5904035559937899,1.546109805755517,-1.022649264569533,1.022649264569533
-0.2132569924342474,-0.0674665434482825,-0.1454494517217723,-0.13233410351794503,-0.1876076712545108,-0.1335680158345488,-0.18801174712742133,-0.14317763328572664,-0.22137104706778526,-0.16428741499483854,-0.07613096387332066,-0.15470538934161543,-0.9076364731145878,1.5580858702097802,-0.5904035559937899,-0.6467845920628796,-1.022649264569533,1.022649264569533
-0.14388644596030775,-0.25094565832415117,-0.14137984248585694,-0.22368798918371527,-0.1955857978770536,-0.18036725066442832,-0.18927307952200284,-0.050551224853690784,-0.23066567246805017,-0.1587319062502098,-0.18444320883316723,-0.09241250609025993,-0.9076364731145878,1.5580858702097802,-0.5904035559937899,-0.6467845920628796,-1.022649264569533,1.022649264569533
-0.14826701276317675,-0.22343476650730124,-0.16416425493849557,-0.17715124314301883,-0.21725603792397083,-0.1949507711416358,-0.21687871530193234,-0.15963246065342246,-0.19269341030650758,-0.16993876687631743,-0.14183048476289495,-0.09860903371640302,1.101762687619266,-0.6418131497883105,1.6937567361306989,-0.6467845920628796,0.9778523631178014,-0.9778523631178014
-0.47325360371907044,-0.8287752154027158,-0.2428385393525275,-0.6583068929872611,0.27086120799149277,0.46001062769089573,-0.3937133831365576,0.23422935359873162,0.36250693902411335,0.024689726695932696,-0.16569151746685096,-0.20008717924046124,1.101762687619266,-0.6418131497883105,-0.5904035559937899,1.546109805755517,0.9778523631178014,-0.9778523631178014
-0.1909160990111787,-0.0711793106662451,-0.13697686614203397,-0.1299683325828515,-0.17864911782857812,-0.16020351553542223,-0.18843893739567516,-0.0900476182501118,-0.22768120947809015,-0.16796170195244706,-0.20215584080818755,-0.15472870868781216,-0.9076364731145878,-0.6418131497883105,-0.5904035559937899,1.546109805755517,-1.022649264569533,1.022649264569533
-0.11966506620604435,-0.19665469315716397,-0.1578964612091722,-0.217944320164338,-0.060695860054726505,-0.15318082693711885,-0.24901329421085125,-0.22425934048829022,-0.11015187398198217,-0.1545370669742014,-0.2772292082640671,-0.22436010550151378,1.101762687619266,-0.6418131497883105,-0.5904035559937899,1.546109805755517,0.9778523631178014,-0.9778523631178014
-0.1884015740996346,-0.15054635912897302,-0.14588717593697462,-0.12545515923870346,-0.16938045306728386,-0.14700172812104295,-0.19840069185780096,-0.09762318165151815,-0.22079063496218895,-0.16804134746601004,-0.1391112560725068,-0.17264182241470888,-0.9076364731145878,1.5580858702097802,-0.5904035559937899,-0.6467845920628796,0.9778523631178014,-0.9778523631178014
-0.1764704032912173,-0.23939919812782784,-0.14336266557873176,-0.1780640800211912,-0.21226003631035173,-0.26592624278586424,-0.17878916147905557,-0.12303561151467184,-0.2247114446462462,-0.18711035860118422,-0.14322508065046177,-0.1042765426096149,-0.9076364731145878,1.5580858702097802,-0.5904035559937899,-0.6467845920628796,-1.022649264569533,1.022649264569533
3.340326933462864,3.951597512291872,1.4210054149441977,3.2865855911295063,5.118481216414697,7.306418422179907,1.6624306826629778,5.636758620726622,4.722465254539348,4.823198738778648,5.933992502085648,8.103565506558033,-0.9076364731145878,1.5580858702097802,-0.5904035559937899,-0.6467845920628796,-1.022649264569533,1.022649264569533
-0.16733639413131168,-0.15310097031669725,-0.13530910559769094,-0.22346472300045703,-0.24285902593115313,-0.2487749885329148,-0.17893017286560906,-0.1918553753831637,-0.23220386602218826,-0.18441438542320232,-0.1767220128028529,-0.03720879455053787,-0.9076364731145878,-0.6418131497883105,-0.5904035559937899,-0.6467845920628796,-1.022649264569533,1.022649264569533
-0.1423248997135306,-0.3488785587073177,-0.15703626241533516,-0.1763107355059691,-0.132413296331105,-0.17175072024511556,-0.23805745312843724,-0.21485711895263948,-0.18232572394179167,-0.1889677966374426,-0.1322062873202728,-0.21129687636677036,1.101762687619266,-0.6418131497883105,-0.5904035559937899,1.546109805755517,-1.022649264569533,1.022649264569533
-0.14273528875766736,-0.18232329348069168,-0.16583451054592946,-0.25527163340406456,-0.10754790633542839,-0.15800057057799016,-0.24283531473363268,-0.14319821281637607,-0.15512207335441436,-0.17943653964242712,-0.1635412241863397,-0.24250180321254536,1.101762687619266,-0.6418131497883105,-0.5904035559937899,-0.6467845920628796,-1.022649264569533,1.022649264569533
-0.1847350075796366,-0.1378851809154905,-0.12920605192033205,-0.23826036967292985,-0.25324114363805006,-0.22698838309326322,-0.16264138806783543,-0.12363257798542891,-0.2145310729165673,-0.17963436662223586,-0.19109564920761632,0.00687758862521072,-0.9076364731145878,-0.6418131497883105,-0.5904035559937899,1.546109805755517,-1.022649264569533,1.022649264569533
-0.17092010381848222,-0.19759951133176076,-0.1335380511197964,-0.2134379911578925,-0.2332129982451864,-0.20199697925841045,-0.17533916517977635,-0.12177750617662286,-0.2071952241915189,-0.17275583288413196,-0.24951670454197192,-0.053231061439047364,-0.9076364731145878,-0.6418131497883105,-0.5904035559937899,1.546109805755517,0.9778523631178014,-0.9778523631178014
-0.1284926125251221,-0.15131714069840618,-0.15302866564342632,-0.1840811023184409,-0.15036259375786198,-0.1474774231303754,-0.23146131920411986,-0.1989690366649848,-0.15994225557033837,-0.17916881431316067,-0.22403690120620823,-0.19186466442849484,-0.9076364731145878,-0.6418131497883105,-0.5904035559937899,-0.6467845920628796,0.9778523631178014,-0.9778523631178014
-0.1272603937229935,-0.24297839688157974,-0.16476896678783204,-0.2418033899601416,-0.05855971913100151,-0.14347263072260014,-0.23937574118702074,-0.17829723861855734,-0.14296222708133632,-0.16632514152226782,-0.13073684455534693,-0.1718774274359147,1.101762687619266,-0.6418131497883105,1.6937567361306989,-0.6467845920628796,0.9778523631178014,-0.9778523631178014
-0.1271355794783678,-0.15815827286674314,-0.15194328033357613,-0.08545918336769302,-0.019524095880593038,-0.25783030975977084,-0.23210837842718304,-0.31401499190763943,-0.15120763822000774,-0.17628973401353143,-0.18674444518988823,-0.34734035461780743,1.101762687619266,-0.6418131497883105,-0.5904035559937899,1.546109805755517,0.9778523631178014,-0.9778523631178014
-0.20053575208445687,-0.15646260558283767,-0.14804325091814716,-0.14672533721453418,-0.22321466227139483,-0.16186067203439672,-0.18876193416538814,-0.11713600922384253,-0.2231049059247088,-0.1835621804534832,-0.19246937477238985,-0.1180871294959678,-0.9076364731145878,1.5580858702097802,-0.5904035559937899,-0.6467845920628796,-1.022649264569533,1.022649264569533
-0.1874985172626337,-0.25173263530184303,-0.1360011552173102,-0.18714652148803584,-0.21555901936233968,-0.19535110849622694,-0.1742511448966306,-0.08551449592829163,-0.22002041798846775,-0.16153295958524921,-0.11752655749696098,-0.07047078190606045,-0.9076364731145878,-0.6418131497883105,-0.5904035559937899,1.546109805755517,-1.022649264569533,1.022649264569533
4.611586494568455,6.508379707828156,1.6737748315439556,5.121954232277053,7.116229938348619,3.4862068519455454,1.9842839948868405,5.133743770224838,5.536656205662169,4.777837072080092,3.724726243694064,4.447220525072107,1.101762687619266,-0.6418131497883105,-0.5904035559937899,1.546109805755517,0.9778523631178014,-0.9778523631178014
-0.20611130404495956,-0.11845406986421209,-0.12232449237782798,-0.28346324539165574,-0.2563244448970966,-0.22214746668194926,-0.15149831740850794,-0.10926814760908315,-0.14669691664275003,-0.15771364920180153,-0.17415450001436916,-0.016062244822746194,-0.9076364731145878,1.5580858702097802,-0.5904035559937899,-0.6467845920628796,0.9778523631178014,-0.9778523631178014
-0.10881807124617107,-0.18148639011043685,-0.15905190148942436,-0.14988592006487908,-0.0488222440154951,-0.16702041574857845,-0.25254564727241835,-0.26704317321894017,-0.15722578532450496,-0.18260731985884673,-0.23059685256405357,-0.30815451610020206,1.101762687619266,-0.6418131497883105,1.6937567361306989,-0.6467845920628796,0.9778523631178014,-0.9778523631178014
-0.24029143218260582,-0.18028144198075544,-0.13846237867827096,-0.16552620524836034,-0.29317359973515944,-0.20949371097480848,-0.16226578145639917,-0.15112169511478082,-0.2238027233885517,-0.19070571121415034,-0.19347915702386678,-0.02983816469810867,-0.9076364731145878,-0.6418131497883105,-0.5904035559937899,1.546109805755517,-1.022649264569533,1.022649264569533
-0.21378969677321205,-0.19724362754501099,-0.16891645849761952,-0.2257798293084825,-0.16510796020040866,-0.09027684890405,-0.24643432346507574,-0.16398229856398883,-0.1816051750442107,-0.16958616739592122,-0.20166429201249483,-0.12443601688756413,1.101762687619266,-0.6418131497883105,-0.5904035559937899,-0.6467845920628796,0.9778523631178014,-0.9778523631178014
-0.09445260005736046,-0.29959597416356776,-0.15054460581034437,-0.21818039844091844,-0.1799494674487935,-0.16659877708496204,-0.2196017731775571,-0.1748876824481352,-0.12927063378041537,1.3089370279610346,-0.22623990113562958,-0.14742247180601115,1.101762687619266,-0.6418131497883105,1.6937567361306989,-0.6467845920628796,0.9778523631178014,-0.9778523631178014
-0.19751169801370844,-0.15593111634850101,-0.1430267390638287,-0.16821993903408788,-0.2613409218338873,-0.1908268102320507,-0.18113298419317633,-0.11152482600150238,-0.24203873686877103,-0.1788761973133101,-0.22596497290598255,-0.06437374284656174,-0.9076364731145878,-0.6418131497883105,-0.5904035559937899,1.546109805755517,0.9778523631178014,-0.9778523631178014
-0.10755194180230312,3.1801537830784583,-0.36469943039235425,-0.03312951689371768,-0.0030498157510592968,-0.006222549350308166,0.015349004118739325,-0.8394313748467505,-0.19694788492788276,-0.15421573552836765,-0.1351484948309759,-0.21260735942297104,1.101762687619266,-0.6418131497883105,-0.5904035559937899,-0.6467845920628796,-1.022649264569533,1.022649264569533
-0.18765540534178415,-0.24638560325606434,-0.13743872466256785,-0.19015284527070755,-0.19830263320507993,-0.1957406203545141,-0.17130770837947307,-0.09719620869113063,-0.22409809274784662,-0.1719037308139365,-0.1372490551367844,-0.08058348954832521,-0.9076364731145878,1.5580858702097802,-0.5904035559937899,-0.6467845920628796,0.9778523631178014,-0.9778523631178014
-0.20090219674885418,-0.0900734596580348,-0.13911240437139955,-0.13871781802903832,-0.2577181651949171,-0.18598501922435948,-0.17465971720322346,-0.13988584409838611,-0.21480377732518288,-0.1823812455715384,-0.21699371102343448,-0.07923530171427029,-0.9076364731145878,-0.6418131497883105,-0.5904035559937899,1.546109805755517,0.9778523631178014,-0.9778523631178014
-0.157411774834414,-0.10856596521810148,-0.1506197981906456,-0.11809738451513906,-0.06768762385058473,-0.1728360729441424,-0.2318919800428635,-0.24621280182635424,-0.1726889860770568,-0.17326881549988765,-0.22896741488912553,-0.26350381578830834,1.101762687619266,1.5580858702097802,-0.5904035559937899,-0.6467845920628796,0.9778523631178014,-0.9778523631178014
-0.13860879749192107,-0.07008394797179524,-0.15775495837971004,-0.17649070276186568,-0.11138624616597356,-0.14637923423332108,-0.38914817910872035,-0.2143358662219417,-0.15077705797917187,-0.18054119309933067,-0.13586285027996622,-0.22801238918852293,1.101762687619266,-0.6418131497883105,-0.5904035559937899,1.546109805755517,0.9778523631178014,-0.9778523631178014
-0.10914076182020997,-0.023744539003951147,-0.15333405667977265,-0.11446214407256394,-0.08114476618061556,-0.22717428943459272,-0.23068570152683987,-0.28249836996249916,-0.13573226331063176,-0.17543499873585006,-0.17516376242916695,-0.3017528031739953,1.101762687619266,1.5580858702097802,-0.5904035559937899,-0.6467845920628796,0.9778523631178014,-0.9778523631178014
-0.09530948558217446,-0.23503602107581134,-0.16555417001470263,-0.11193024063199265,-0.089065891690935,-0.2677381815690824,-0.24069720632688116,-0.2925199686403758,-0.16431927409037386,-0.41333881396684297,-0.07186536544883576,-0.362128073459424,-0.9076364731145878,1.5580858702097802,-0.5904035559937899,-0.6467845920628796,-1.022649264569533,1.022649264569533
-0.17175909987152485,-0.3097859469031046,-0.15265054354280788,-0.12391179143477757,-0.19866174122350996,-0.14281953526394647,-0.2087501628537951,-0.12207489798966095,-0.21343845079491514,-0.1835164338647304,-0.17388160729232213,-0.16887194863187296,-0.9076364731145878,-0.6418131497883105,-0.5904035559937899,-0.6467845920628796,-1.022649264569533,1.022649264569533
-0.17604948594546657,-0.24857504736333708,-0.1394172262948703,-0.22404159930218784,-0.25169829251806614,-0.24654616003983304,-0.17110404484005223,-0.122990087853545,-0.22718751441101762,-0.18765195749169034,-0.21547202121380052,-0.052275526564035155,-0.9076364731145878,-0.6418131497883105,-0.5904035559937899,1.546109805755517,-1.022649264569533,1.022649264569533
-0.23652353041443044,-0.13030341681432955,-0.15281352189446928,-0.0753035562343302,-0.2811250126341014,-0.0914366795729983,-0.19575472576263744,-0.15937125096595836,-0.18624085619424202,-0.2092165544174075,-0.13080194877265827,-0.16434504395032834,-0.9076364731145878,-0.6418131497883105,-0.5904035559937899,-0.6467845920628796,0.9778523631178014,-0.9778523631178014
-0.1857574955622393,-0.18039988700535922,-0.14473997448742643,-0.17072313181100807,-0.24817240510975075,-0.1956300303679967,-0.17989060303908883,-0.10508152224272001,-0.20546001289528212,-0.19495722966780699,-0.0914051633485743,-0.12398965951640058,-0.9076364731145878,-0.6418131497883105,1.6937567361306989,-0.6467845920628796,-1.022649264569533,1.022649264569533
-0.11168853949214361,-0.1505414116020006,-0.15350892805669164,-0.22043341780317208,-0.10658143068099116,-0.1269069359741175,-0.23497113517034474,-0.17463452504720017,-0.1562996219321413,-0.16573290967162865,-0.16661527780314955,-0.21618799711090733,-0.9076364731145878,-0.6418131497883105,1.6937567361306989,-0.6467845920628796,0.9778523631178014,-0.9778523631178014
-0.20744949159590276,-0.09779128683169924,-0.1350364804260815,-0.24431296789658663,-0.27133741780411785,-0.20071724380156059,-0.16715299848280876,-0.13105316572895812,-0.2191501834268577,-0.1683822264046362,-0.221962614055397,0.025232845040708968,-0.9076364731145878,1.5580858702097802,-0.5904035559937899,-0.6467845920628796,0.9778523631178014,-0.9778523631178014
-0.16321780396756125,-0.11774932203213097,-0.1438721201530973,-0.16272570547331494,-0.19742077735817307,-0.17330467878647937,-0.19609341683085932,-0.13054874903940536,-0.22886740644448425,-0.17741039608970596,-0.16779974530427896,-0.13521803060732265,-0.9076364731145878,1.5580858702097802,-0.5904035559937899,-0.6467845920628796,-1.022649264569533,1.022649264569533
-0.1565749364190897,-0.17171628939903869,-0.15897160727890816,-0.20135247516581634,-0.11799467101917759,-0.17812243111104414,-0.23372293567474264,-0.20942479405958767,-0.1651127983136785,-0.1824487746330612,-0.0731741133597823,-0.19297885113016636,1.101762687619266,1.5580858702097802,-0.5904035559937899,-0.6467845920628796,-1.022649264569533,1.022649264569533
-0.1262335992481202,-0.16471173654627727,-0.1550495369413404,-0.22347180441347086,-0.1533629954569769,-0.17186781836418272,-0.23372984189508025,-0.1818231791131863,-0.15684240562349228,-0.16770856873818393,-0.2601354088735077,-0.1566839433063706,1.101762687619266,-0.6418131497883105,1.6937567361306989,-0.6467845920628796,-1.022649264569533,1.022649264569533
-0.12740604256465196,-0.18437915510258268,-0.16313030501647846,-0.09494940629409161,-0.09667842604407458,-0.24717982519979273,-0.23900674690081963,-0.3047357685212837,-0.20335938103249587,-0.21211466193766296,-0.24395769476079285,-0.2112817750537349,-0.9076364731145878,-0.6418131497883105,-0.5904035559937899,1.546109805755517,0.9778523631178014,-0.9778523631178014
-0.18557219424019553,-0.10727650664934,-0.1494299155820698,-0.14599915371997763,-0.23278338816711247,-0.1843979681241579,-0.20266241296134124,-0.14001204731699599,-0.26412531009757306,-0.17307308205109478,-0.1414300744282807,-0.09183173016501849,-0.9076364731145878,1.5580858702097802,-0.5904035559937899,-0.6467845920628796,-1.022649264569533,1.022649264569533
-0.13811000486209835,-0.1990853638718139,-0.13790038096493049,-0.29542923419389727,-0.26927604448956016,-0.24815561770157257,-0.18160976916548938,-0.14706579902395045,-0.23750347819232775,-0.17793493372295718,-0.1226301617552241,-0.08458087077907785,-0.9076364731145878,-0.6418131497883105,1.6937567361306989,-0.6467845920628796,-1.022649264569533,1.022649264569533
-0.13683114199624508,-0.22286726206881824,-0.15854791321099998,-0.130330243789613,-0.11072730390495038,-0.16898864839697242,-0.2256558289181729,-0.2544016566592652,-0.18733737153789845,-0.17441040350928758,-0.13853506081073697,-0.2467606437115821,1.101762687619266,1.5580858702097802,-0.5904035559937899,-0.6467845920628796,-1.022649264569533,1.022649264569533
-0.15780382824365113,-0.1837705293559935,-0.1423504202323712,-0.1990143451331233,-0.21001312228620647,-0.21611570694207247,-0.1937248217417657,-0.1709148381096796,-0.23285801878839074,-0.21188178828349916,-0.17803748444344555,-0.09999760846573197,-0.9076364731145878,1.5580858702097802,-0.5904035559937899,-0.6467845920628796,0.9778523631178014,-0.9778523631178014
-0.1477945073656242,-0.13057998995145273,-0.15110264214294816,-0.09578953335351915,-0.10534712833791746,-0.2892666278159506,-0.22320234538157116,-0.3355112693298247,-0.1691958079074684,-0.17890045359632456,-0.21354676377873827,-0.30626539344792864,1.101762687619266,1.5580858702097802,-0.5904035559937899,-0.6467845920628796,0.9778523631178014,-0.9778523631178014
-0.15171831033849031,-0.1411211898422579,-0.1507719177759465,-0.15479340073214057,-0.12455318831188333,-0.20527334416952958,-0.222788982043426,-0.22824926954449964,-0.17318604221576378,-0.18115061590016482,-0.18589807141647333,-0.22787375904106014,1.101762687619266,-0.6418131497883105,-0.5904035559937899,1.546109805755517,0.9778523631178014,-0.9778523631178014
-0.14850037654441184,-0.18736464288065507,-0.16491249984849965,-0.11432296967349904,-0.030636995724046833,-0.27317488076174884,-0.24371259239798,-0.2955040731362334,-0.16401230606035003,-0.18268882697584532,-0.2089199333610098,-0.27176317972141817,1.101762687619266,-0.6418131497883105,-0.5904035559937899,-0.6467845920628796,-1.022649264569533,1.022649264569533
-0.18075684996942148,-0.19866237962280106,-0.14130683994331472,-0.17290788546981617,-0.19776173316312282,-0.16278315587009823,-0.1821331538715613,-0.10703405556475462,-0.21609337567171993,-0.18003123197927778,-0.17906896855660842,-0.11899675996584992,-0.9076364731145878,1.5580858702097802,-0.5904035559937899,-0.6467845920628796,0.9778523631178014,-0.9778523631178014
-0.16433975239979143,-0.1941108870321181,-0.1567268734313193,-0.09760617679055086,-0.05248810855620246,-0.21431432794405544,-0.2290772922237574,-0.32928535727139885,-0.16757246856229174,-0.17788076458007554,-0.30344156125543226,-0.30428137405937594,1.101762687619266,1.5580858702097802,-0.5904035559937899,-0.6467845920628796,-1.022649264569533,1.022649264569533
-0.11155238779346141,-0.13851070359294448,-0.15340193946332273,-0.17933549313309965,-0.09112436590808036,-0.22204395336607627,-0.22850340135455638,-0.22108186762428125,-0.17139667118546614,-0.1696246756969219,-0.17817849802872107,-0.23154478276455714,1.101762687619266,-0.6418131497883105,1.6937567361306989,-0.6467845920628796,-1.022649264569533,1.022649264569533
-0.20339680824238102,-0.23068231448527576,-0.14229108682463038,-0.1845348944881234,-0.1761693479609058,-0.15026018055683812,-0.1844641464886366,-0.11113500183042403,-0.25177094008083034,-0.16847008320535936,-0.17024066800688514,-0.042403640538742945,-0.9076364731145878,1.5580858702097802,-0.5904035559937899,-0.6467845920628796,0.9778523631178014,-0.9778523631178014
-0.19193601340084102,-0.14705192531327027,-0.14383666600861317,-0.12877485462236088,-0.25565405151427784,-0.2105038380239964,-0.17796057679626823,-0.1584803746279088,-0.22387365225530503,-0.20300396036240478,-0.08640507936896487,-0.13805084011786992,-0.9076364731145878,-0.6418131497883105,1.6937567361306989,-0.6467845920628796,0.9778523631178014,-0.9778523631178014
-0.1642896448321571,-0.13589895950292916,-0.15669763424947156,-0.1645930474170469,-0.1199715861619285,-0.16557298581080607,1.5594576439431018,-0.20973410345221097,-0.2045794004012993,-0.18931019608327843,-0.2469781993199485,-0.208692318731567,1.101762687619266,-0.6418131497883105,-0.5904035559937899,1.546109805755517,0.9778523631178014,-0.9778523631178014
-0.1775331760274466,-0.19002372379666427,-0.15032214183718728,-0.15093320762679882,-0.20351947993758837,-0.06120065474262325,-0.17811335788107607,-0.06374088930512134,-0.21634431104538737,-0.15975214623139994,-0.19298992732943857,-0.15831966418894253,-0.9076364731145878,-0.6418131497883105,-0.5904035559937899,-0.6467845920628796,0.9778523631178014,-0.9778523631178014
-0.21639326208232007,-0.18309297661267498,-0.13820745047780314,-0.14215757665271547,-0.2371595047053925,-0.09439727128624349,-0.18572424596129614,-0.09595581184373887,-0.19182462785831,-0.16696111729752122,-0.194249579693408,-0.09128809515631632,-0.9076364731145878,-0.6418131497883105,-0.5904035559937899,-0.6467845920628796,0.9778523631178014,-0.9778523631178014
-0.19734671072762366,-0.17561626549937454,-0.1270184320292401,-0.17482217001353936,-0.23474635438940952,-0.14464178388459764,-0.17408151427117438,-0.09454711535303355,-0.1687464711086653,-0.1431160696963768,-0.19789725492809038,-0.006876982493031002,-0.9076364731145878,-0.6418131497883105,-0.5904035559937899,1.546109805755517,-1.022649264569533,1.022649264569533
-0.17504635877736008,-0.16021061171946574,-0.14806335282154187,-0.29043801419757737,-0.339217652247971,-0.19199851106171978,8.768744774670092,-0.17553598068340395,-0.1953064510127837,-0.2067292288515626,-0.29636243049298266,0.04427669921397748,-0.9076364731145878,1.5580858702097802,-0.5904035559937899,-0.6467845920628796,-1.022649264569533,1.022649264569533
-0.1434471418771197,-0.16973703059548811,-0.15930363893653074,-0.2309018645350056,-0.11943084064754973,-0.17857083715733985,-0.24839687849207492,-0.17890608020482235,-0.16243655686970393,-0.17668614961092854,-0.2313473590082148,-0.2001550020352701,-0.9076364731145878,-0.6418131497883105,-0.5904035559937899,1.546109805755517,0.9778523631178014,-0.9778523631178014
-0.2157594038646718,-0.23641745622783525,-0.13683199543191524,-0.1535271060879301,-0.23700587457121303,-0.16817972934307204,-0.17655736201877273,-0.0987773787748476,-0.20675932308127792,-0.1825676290318809,-0.1330484684470601,-0.13264712583947846,-0.9076364731145878,-0.6418131497883105,-0.5904035559937899,1.546109805755517,0.9778523631178014,-0.9778523631178014
-0.20995232048584875,-0.22498917370526472,-0.1445298417996872,-0.16225162774941365,-0.264364710165127,-0.15271057262051274,-0.17606795092514974,-0.11393322068309347,-0.1956512785646956,-0.18844806177799955,-0.13232649901792543,-0.07880742358107944,-0.9076364731145878,-0.6418131497883105,1.6937567361306989,-0.6467845920628796,0.9778523631178014,-0.9778523631178014
-0.192380338312728,-0.17350114489462778,-0.14294138543926618,-0.1690565326503735,-0.23479513671553157,-0.19906585068363322,-0.1780005787090303,-0.15322802884091535,-0.20334968039549428,-0.2108522252715351,-0.28756366590916943,-0.09919537361827258,-0.9076364731145878,-0.6418131497883105,-0.5904035559937899,1.546109805755517,0.9778523631178014,-0.9778523631178014
-0.16502131395439595,-0.17657686534685796,-0.15526987894825806,-0.12917120002093296,-0.05781182067234734,-0.18267415029402645,-0.23781884503989065,-0.258483569361403,-0.16991968648024003,-0.17701176845861824,-0.2946933863723565,-0.29561570059069225,1.101762687619266,-0.6418131497883105,-0.5904035559937899,1.546109805755517,-1.022649264569533,1.022649264569533
1.7732858796622,-0.14159515793257396,-0.1523857724816296,-0.19612733690069115,-0.17637507952177128,-0.16771135529081022,-0.21327393275762774,-0.179658400217403,-0.14874126578959687,-0.15069345124598696,-0.13677321461076272,-0.20616394910559463,1.101762687619266,-0.6418131497883105,-0.5904035559937899,1.546109805755517,-1.022649264569533,1.022649264569533
-0.21633693304939555,-0.19334414875493772,-0.13525511943237592,-0.15277596208505825,-0.23901769595131458,-0.2455094097844939,-0.15650072939875148,-0.1216941616606762,-0.23517980471234348,1.3089370279610346,-0.2169753918701245,-0.08274505335478692,-0.9076364731145878,-0.6418131497883105,-0.5904035559937899,1.546109805755517,-1.022649264569533,1.022649264569533
-0.15084121039535064,-0.229365413298279,-0.15363088502430458,-0.16561560451926674,-0.1251721292460649,-0.12890502402928006,-0.23247702018153743,-0.20316151867385343,-0.13310150536567603,-0.16338425221817007,-0.1516236255689623,-0.20251676362553264,1.101762687619266,-0.6418131497883105,1.6937567361306989,-0.6467845920628796,0.9778523631178014,-0.9778523631178014
-0.1305004272836856,4.019744176995674,-0.1571850252269374,-0.20865741823974132,-0.19942748873521882,1.292478187346001,-0.21376359913925,1.484343608312552,-0.17173598784729396,-0.1923403505545365,-0.8216799212254707,-0.37540527807541363,1.101762687619266,-0.6418131497883105,-0.5904035559937899,-0.6467845920628796,-1.022649264569533,1.022649264569533
-0.17685048916303725,-0.1442005189606648,-0.13302554114957427,-0.27160837666334825,-0.28966634640014005,-0.16809208190584654,-0.17618119660703607,-0.11222910195980647,-0.22894911025648687,-0.17864318202442594,-0.30192305057203983,0.06639486957909406,-0.9076364731145878,1.5580858702097802,-0.5904035559937899,-0.6467845920628796,0.9778523631178014,-0.9778523631178014
-0.40479539936951875,-0.12354517704957022,-0.1490392550834129,-0.1419801245112344,-0.12007235306716976,-0.21018112770192418,-0.1811494613896574,-0.22860621958055977,-0.15168567326115923,-0.16796310175409335,-0.17159224243338253,-0.07681779139959206,-0.9076364731145878,-0.6418131497883105,-0.5904035559937899,-0.6467845920628796,-1.022649264569533,1.022649264569533
-0.22786999236518937,-0.1740844035226714,-0.14281608387785327,-0.14535947921948622,-0.32478149592753747,-0.10756765615842719,-0.184470226632638,-0.10958293584930637,-0.2153275975639736,-0.17946144387204843,-0.21905083083254037,-0.11015018822338549,-0.9076364731145878,-0.6418131497883105,1.6937567361306989,-0.6467845920628796,-1.022649264569533,1.022649264569533
-0.2066168701034224,-0.17781892837268834,-0.1421136957573077,-0.19833110971363993,-0.3108714215063523,-0.10666716468259077,-0.18770403038015884,-0.1553062647000684,-0.1894667923662925,-0.19007972087479028,-0.025604595260453427,-0.05715974131473601,-0.9076364731145878,1.5580858702097802,-0.5904035559937899,-0.6467845920628796,-1.022649264569533,1.022649264569533
-0.2135656854179858,-0.09856350119926521,-0.13912235656738198,-0.14431261578453247,-0.2125101127889683,-0.14724873247374218,-0.18566583892720517,-0.13741439246858198,-0.22057605751008613,-0.17582395630815686,-0.16763253057530939,-0.10521338646765638,-0.9076364731145878,-0.6418131497883105,1.6937567361306989,-0.6467845920628796,-1.022649264569533,1.022649264569533
-0.18459166266274213,1.1177553563356166,0.11351552000623183,-0.09665043539444226,-0.2893502059319968,1.250926145443901,-0.18184210064800352,-0.1566268080427163,-0.20655963942281594,-0.20466929189313846,-0.6238176050150626,-0.1021682561879749,-0.9076364731145878,-0.6418131497883105,-0.5904035559937899,1.546109805755517,-1.022649264569533,1.022649264569533
-0.15180853441957207,-0.09367134476542172,-0.15320437922866784,-0.2200261049047302,-0.05942033643268845,-0.16267113596574323,-0.2471608120561038,-0.1966183134430124,5.895263273613659,-0.1671991598250032,-0.1335527063623888,-0.23279203953568436,1.101762687619266,-0.6418131497883105,1.6937567361306989,-0.6467845920628796,0.9778523631178014,-0.9778523631178014
-0.1546573206782464,-0.11642023032617783,-0.1533950697858106,-0.24918586833010292,-0.1575968604362696,-0.05646999365162835,-0.23421223403557606,-0.11904968294810317,-0.13137254752166425,-0.16961499121218468,-0.17909032354060883,-0.11863819814986139,1.101762687619266,-0.6418131497883105,-0.5904035559937899,1.546109805755517,-1.022649264569533,1.022649264569533
-0.21716391172771252,-0.16315894231565684,-0.13890989138210527,-0.1032226569152065,-0.24655804095786724,-0.107383579756708,-0.17658083544654807,-0.08801084000587188,-0.21240255312900153,-0.18130145028677455,-0.13310787996223972,-0.08964633752376845,-0.9076364731145878,1.5580858702097802,-0.5904035559937899,-0.6467845920628796,-1.022649264569533,1.022649264569533
-0.18378836988903785,-0.14151948004484252,-0.16117309752088704,-0.18226220860249262,-0.19637833138742647,-0.13866787729139893,-0.2002524110443163,-0.19523104424247462,-0.22859403599632896,-0.1801000647649573,-0.11420390214699841,-0.20402396719905616,-0.9076364731145878,1.5580858702097802,-0.5904035559937899,-0.6467845920628796,-1.022649264569533,1.022649264569533
-0.13670195819094955,-0.17331714540354368,-0.16195947389680038,-0.13985079082729404,-0.013726430025001339,-0.12805262856605645,-0.2652864995184258,-0.2545759943206923,-0.14063916359809775,-0.1858252948477987,-0.30039351871332526,-0.3012523677921055,1.101762687619266,-0.6418131497883105,-0.5904035559937899,1.546109805755517,0.9778523631178014,-0.9778523631178014
-0.08486602012667033,-0.14279209020588313,-0.17633841519515991,-0.20622425195778477,-0.14154907642426326,-0.16011398351730766,-0.24912137832080308,-0.14910135181862877,-0.14438770914655594,-0.15761008617166444,-0.16494700068933962,-0.22991307521595417,1.101762687619266,-0.6418131497883105,-0.5904035559937899,1.546109805755517,0.9778523631178014,-0.9778523631178014
-0.21119215960389973,-0.09387710216990161,-0.1360291547006909,-0.12047946802162224,-0.1809130380496495,-0.10331841031612483,-0.18088114721284324,-0.09173076303196434,-0.17983502656889883,-0.15027546891508672,-0.2369612249204264,-0.12295821839371994,-0.9076364731145878,-0.6418131497883105,-0.5904035559937899,1.546109805755517,0.9778523631178014,-0.9778523631178014
-0.11652444370477155,-0.17473057117377644,-0.1501457285828342,-0.13317568372599872,-0.013045707780935233,-0.19954237591643528,-0.24002442542365027,-0.26054818405848074,-0.1547082347918197,-0.14876350932667265,-0.19910132455008944,-0.3047920780736289,1.101762687619266,1.5580858702097802,-0.5904035559937899,-0.6467845920628796,0.9778523631178014,-0.9778523631178014
-0.19245228453811944,-0.20626672147472527,-0.15297333214004966,-0.1063070422098006,-0.292721877329297,-0.20119910138152788,-0.1837029100507945,-0.15596053765115941,-0.2326770370462011,-0.23031491402607632,-0.10234830152825611,-0.17540982106624675,-0.9076364731145878,1.5580858702097802,-0.5904035559937899,-0.6467845920628796,0.9778523631178014,-0.9778523631178014
-0.1851775454978928,-0.19972802547898705,-0.17331517484268633,-0.15132784134440658,-0.12423665518137722,-0.18113782550729982,-0.23729417509746506,-0.15260171157565108,-0.17656926108228502,-0.182750425341677,-0.18880682804623944,-0.3504271251711107,-0.9076364731145878,1.5580858702097802,-0.5904035559937899,-0.6467845920628796,-1.022649264569533,1.022649264569533
-0.17068512751390177,-0.179515187526554,-0.14281307690071274,-0.09787970774220571,-0.021827526223760964,-0.21013351112167292,-0.22771947817007201,-0.18938962519212799,-0.46891926877318585,-0.40139905845296414,-0.1991853762229547,-0.3017045230440197,-0.9076364731145878,1.5580858702097802,-0.5904035559937899,-0.6467845920628796,0.9778523631178014,-0.9778523631178014
-0.19802313113327652,-0.1074805852993645,-0.14553919319374853,-0.14962950450374823,-0.26026125016634216,-0.1063460758015235,-0.20007615254834268,-0.12935911364398753,-0.21038068240307903,-0.19734439787876304,-0.2167930183356123,-0.11766224160678314,-0.9076364731145878,-0.6418131497883105,1.6937567361306989,-0.6467845920628796,-1.022649264569533,1.022649264569533
-0.2161306275590618,-0.16209255471428521,-0.14763231715225159,-0.18198827983110577,-0.2925159671419272,-0.17960260323237212,-0.19001582207848208,-0.1258957314196612,-0.24785150981752518,-0.18690140089687832,-0.12431152185379722,-0.06219993621105408,-0.9076364731145878,-0.6418131497883105,-0.5904035559937899,1.546109805755517,-1.022649264569533,1.022649264569533
-0.2072356422287698,-0.20720682936502668,-0.14596176002185496,-0.13903684959088586,-0.19469200904589526,-0.14544586900518144,-0.1886469209364115,-0.12511843155231667,-0.2098153090775637,-0.18805969482862187,-0.0986658052345039,-0.21806846842023617,-0.9076364731145878,-0.6418131497883105,-0.5904035559937899,-0.6467845920628796,0.9778523631178014,-0.9778523631178014
-0.13929441536239198,-0.18358257760924826,-0.16325494490123194,-0.17131187393635067,-0.1149755643121498,-0.19064644750934565,-0.2450296061193688,-0.23312995123658284,-0.1706807409244023,-0.1732185214459206,-0.16328925043853387,-0.25705300902910366,1.101762687619266,-0.6418131497883105,-0.5904035559937899,1.546109805755517,-1.022649264569533,1.022649264569533
-0.17806311851368237,-0.20436137153996278,-0.15948256776338726,-0.11427515041652184,-0.22142527905829706,-0.2311508178977136,-0.22798175350530814,-0.277910751714041,-0.1732716151884951,-0.18163979473618705,-0.17664137812086084,-0.2716643711070693,-0.9076364731145878,-0.6418131497883105,1.6937567361306989,-0.6467845920628796,0.9778523631178014,-0.9778523631178014
-0.18692109712417782,-0.09203756971393406,-0.15362001607114165,-0.08707313858978186,-0.20703125439892867,-0.16216538066388494,-0.21033404837479153,-0.12314407405583994,-0.23431687843692278,-0.192552855639795,-0.17451576227240714,-0.20657802423144458,-0.9076364731145878,-0.6418131497883105,-0.5904035559937899,1.546109805755517,0.9778523631178014,-0.9778523631178014
-0.22147419590827175,-0.14677008239249448,-0.13604498394696632,-0.17978885386859772,-0.35734677262019376,-0.19528348292084494,-0.14912878667407733,-0.20096038960763132,-0.2486707308851619,-0.17150491579470617,-0.01184720022638714,-0.0989956504668543,-0.9076364731145878,-0.6418131497883105,-0.5904035559937899,1.546109805755517,-1.022649264569533,1.022649264569533
-0.17404277201773535,-0.18450570539278513,-0.13708350460744365,-0.2417161790982526,-0.24036861537166704,-0.20445468005298684,-0.17673928977426137,-0.1067064319757735,-0.20122480813922203,-0.17392723766557552,-0.09519123348706336,-0.03443537658178653,-0.9076364731145878,-0.6418131497883105,-0.5904035559937899,-0.6467845920628796,0.9778523631178014,-0.9778523631178014
-0.23804561059418225,-0.2358407685552124,-0.14883654316686154,-0.14467726621644156,-0.2662539960633626,-0.09666163994474347,-0.19422372453332182,-0.14398064277574107,-0.2150088384141469,-0.18773867607309985,-0.198566424295959,-0.07910411575530318,-0.9076364731145878,1.5580858702097802,-0.5904035559937899,-0.6467845920628796,0.9778523631178014,-0.9778523631178014
-0.08662855223714966,-0.19990077658402738,-0.1569495933980588,-0.13155343567853162,-0.10149251004581979,-0.27663853233643165,-0.23533320326851095,-0.28026658272075805,-0.19777630402082336,-0.17806962750864433,-0.17241284640891255,-0.2789805760266959,1.101762687619266,-0.6418131497883105,-0.5904035559937899,1.546109805755517,-1.022649264569533,1.022649264569533
-0.15456063342635012,-0.21695994755923087,-0.15741663191442326,-0.2168182507675584,-0.07810089135835736,-0.10337974534967352,-0.2481433759924505,-0.1982474653583856,-0.14506121183769607,-0.16756234516584184,-0.09550020251242697,-0.19937879013826998,1.101762687619266,1.5580858702097802,-0.5904035559937899,-0.6467845920628796,-1.022649264569533,1.022649264569533
-0.18612157339753907,1.155047339555781,0.003749711343402087,-0.07886447356532314,-0.257409314454606,-0.19224894169823684,0.05331213007467051,-0.46546133402140555,-0.1600186697774297,-0.24959652848126335,-0.2956362693702441,-0.11655687897372835,-0.9076364731145878,-0.6418131497883105,1.6937567361306989,-0.6467845920628796,0.9778523631178014,-0.9778523631178014
-0.19555925540687086,-0.23480821331443733,-0.1427901543870423,-0.17622988221579988,-0.20569035522487472,-0.15474776398849938,-0.20313979968130505,-0.14406630757536978,-0.21985138704826096,-0.18074026371915536,-0.19193668162529104,-0.12846635812961782,-0.9076364731145878,1.5580858702097802,-0.5904035559937899,-0.6467845920628796,-1.022649264569533,1.022649264569533
-0.08916082334174068,-0.06611046537005291,-0.16691497024927804,-0.15344785223032223,-0.1399935451316864,-0.2243773194758225,-0.2322228102375078,-0.22724598286474093,-0.15072694310903942,-0.15627025696521138,-0.07944377886889113,-0.2447859160815722,1.101762687619266,-0.6418131497883105,1.6937567361306989,-0.6467845920628796,-1.022649264569533,1.022649264569533
-0.10826063173760368,-0.20251479229008315,-0.18270012120169263,-0.18364091172887365,-0.16257288928785346,-0.1856359996739513,-0.2506366165279177,-0.19062038261668204,-0.1698887102098965,-0.1850543107751696,-0.1818469756431684,-0.24870747761444398,1.101762687619266,1.5580858702097802,-0.5904035559937899,-0.6467845920628796,-1.022649264569533,1.022649264569533
-0.18286024753911045,-0.28030827864243546,-0.14290467017634476,-0.17497468190868484,-0.2589203169717742,-0.1853305845038532,-0.18215405925435907,-0.13476972395579548,-0.21833373150530486,-0.1834559900051262,-0.12663316908558353,-0.07981343407801272,-0.9076364731145878,-0.6418131497883105,-0.5904035559937899,1.546109805755517,0.9778523631178014,-0.9778523631178014
-0.19955479378814525,-0.1407015991223268,-0.13393623232539204,-0.157766711228511,-0.2336928760187584,-0.14172276648548418,-0.17581317624493575,-0.10683110264181603,-0.20079402553685363,-0.1607061386704784,-0.23116020141800966,-0.07086779705647878,-0.9076364731145878,-0.6418131497883105,1.6937567361306989,-0.6467845920628796,0.9778523631178014,-0.9778523631178014
-0.21206771563734234,-0.240929807104607,-0.14008786742480248,-0.15066675312545558,-0.24898571929172753,-0.18647687365795904,-0.1698040747432568,-0.10719547895839844,-0.20647789479479822,-0.17929671326077315,-0.2613440144246219,-0.1017680476151521,-0.9076364731145878,1.5580858702097802,-0.5904035559937899,-0.6467845920628796,0.9778523631178014,-0.9778523631178014
-0.17603422309155572,-0.16870763693360413,-0.14966163445949096,-0.15978088215427314,-0.1252317028961865,-0.25560996265364494,-0.2149005787225618,-0.254297067881576,-0.14414123128094689,-0.15996115904435512,-0.12783607290589494,-0.22131841483444828,-0.9076364731145878,-0.6418131497883105,1.6937567361306989,-0.6467845920628796,-1.022649264569533,1.022649264569533
5.760249814772427,2.248560355231004,1.8905093643569246,4.311755448201867,6.919920915980684,3.3702632498508187,2.5226605285214454,4.367364842946326,4.310401423227074,5.2456828536357145,6.082461504361531,3.8169974919934764,-0.9076364731145878,1.5580858702097802,-0.5904035559937899,-0.6467845920628796,0.9778523631178014,-0.9778523631178014
-0.1871572699951153,-0.21984232782104893,-0.15160567185923798,-0.15768030976867173,-0.23480188957517045,-0.12886400162780723,-0.19813514111384287,-0.11218599711479331,-0.24877343611024882,-0.18632627759693238,-0.18532887766158526,-0.1592631187977232,-0.9076364731145878,-0.6418131497883105,-0.5904035559937899,1.546109805755517,0.9778523631178014,-0.9778523631178014
-0.1405443871588627,-0.14217602238841942,-0.17968170737690156,-0.178337733431377,-0.14947598329620732,-0.11309620890677889,-0.25487518691265854,-0.15443476422138458,-0.16982982826040288,-0.17983680620623352,-0.115455080343331,-0.2339929161027943,1.101762687619266,1.5580858702097802,-0.5904035559937899,-0.6467845920628796,0.9778523631178014,-0.9778523631178014
-0.20665819749927752,-0.10921877389462412,-0.1401036455154616,-0.16335991419674045,-0.2102543322793294,-0.11995932238928342,-0.190555237648046,-0.11324074804860691,-0.20163137395503475,-0.41106526105185703,-0.18599406478139188,-0.0970717035047757,-0.9076364731145878,-0.6418131497883105,1.6937567361306989,-0.6467845920628796,0.9778523631178014,-0.9778523631178014
-0.1379584315102824,-0.16844765118029742,-0.1474684826302599,-0.20328823732150444,-0.11384025792971143,-0.1799895882586189,-0.22175303677122257,-0.19570283335159763,-0.13480340327136758,-0.1611447668066393,-0.204678499940095,-0.1801405410834988,1.101762687619266,-0.6418131497883105,1.6937567361306989,-0.6467845920628796,-1.022649264569533,1.022649264569533
-0.18054468913642793,-0.17883029019960828,-0.14708356191349056,-0.14277050500849428,-0.22516889449112207,-0.14911462981251367,-0.18769035903977294,-0.2072394495390865,-0.2466157657021645,-0.19893342716426743,-0.06100741224844601,-0.1129654051866764,-0.9076364731145878,1.5580858702097802,-0.5904035559937899,-0.6467845920628796,0.9778523631178014,-0.9778523631178014
-0.16650601810950785,-0.25491934584889336,-0.14608915513440437,-0.1291246401929621,-0.1975855762023287,-0.1584971979258343,-0.19656380922235148,-0.12977645942425425,-0.23790241453099228,-0.18027159764804307,-0.19395162839879723,-0.17927263750570757,-0.9076364731145878,-0.6418131497883105,1.6937567361306989,-0.6467845920628796,-1.022649264569533,1.022649264569533
-0.21704549831604236,-0.1862447995536518,-0.14462255465926172,-0.14296337595227246,-0.2712169401140061,-0.10110790898477397,-0.195814136235825,-0.15966385745266354,-0.2334439486440218,-0.17899320987460263,0.0479007758870026,-0.06028781564479879,-0.9076364731145878,-0.6418131497883105,1.6937567361306989,-0.6467845920628796,0.9778523631178014,-0.9778523631178014
-0.20841775421924538,-0.193405440336212,-0.13712848581401327,-0.16394727251652985,-0.18787600219105974,-0.12885080432196752,-0.1811486261368476,-0.11559362447058436,5.895263273613659,-0.17199324339582125,-0.16711398652837273,-0.06965380399106903,-0.9076364731145878,-0.6418131497883105,-0.5904035559937899,1.546109805755517,0.9778523631178014,-0.9778523631178014
-0.13572109539737115,-0.18353302971121893,-0.16574022298103058,-0.20051615916757978,-0.13313556433848872,-0.16492830287925045,-0.24004400853672186,-0.16212524347689672,-0.1814150205841781,-0.18322915595473882,-0.28091891849461614,-0.20947670412121505,1.101762687619266,1.5580858702097802,-0.5904035559937899,-0.6467845920628796,0.9778523631178014,-0.9778523631178014
-0.17398592811919622,-0.12948812772000323,-0.1392608593731556,-0.21790827954166347,-0.2693312898741847,-0.18218743918312852,-0.18667089540243664,-0.13100729285524793,-0.22704505509082684,-0.18983329491106568,-0.17666127707621876,-0.047125513494640725,-0.9076364731145878,-0.6418131497883105,-0.5904035559937899,1.546109805755517,0.9778523631178014,-0.9778523631178014
-0.1780393634125284,-0.22899961792085016,-0.1397687018103206,-0.2153051368197483,-0.2495686906254598,-0.21375176785120956,-0.1829549696388519,-0.15304859465275872,-0.22208557666210502,-0.18920129666245428,-0.18495923835500602,-0.05858755124775325,-0.9076364731145878,-0.6418131497883105,1.6937567361306989,-0.6467845920628796,-1.022649264569533,1.022649264569533
-0.19111486103646164,-0.18043565068627684,-0.1340930777591089,-0.19570865853524627,-0.2024556122190422,-0.19406956230570818,-0.17410247973365964,-0.10191929359375192,-0.2197914719165809,-0.15948390583753025,-0.029638374942216935,-0.06200900599340862,-0.9076364731145878,-0.6418131497883105,-0.5904035559937899,1.546109805755517,-1.022649264569533,1.022649264569533
-0.2186263966848318,-0.1266582671889374,-0.14682574975606283,-0.07824103952105103,-0.20321227975356665,-0.10813042251681028,-0.1916518817631759,-0.10739072411617538,-0.21239297771871227,-0.1773135706484203,-0.22735562127155198,-0.18151269564586822,-0.9076364731145878,1.5580858702097802,-0.5904035559937899,-0.6467845920628796,0.9778523631178014,-0.9778523631178014
-0.16575419518566287,-0.13895686982014774,-0.16016648103316664,-0.1718246327332241,-0.13140015153932,-0.1736777172142145,-0.2313379260693505,-0.17299706401792048,-0.16325246853061906,-0.16898119134486525,-0.12765903593970754,-0.21474634768437112,1.101762687619266,-0.6418131497883105,-0.5904035559937899,-0.6467845920628796,0.9778523631178014,-0.9778523631178014
-0.22125854933753,-0.18092505110937965,-0.14264855098410667,-0.10157446136494357,-0.2133772181077318,-0.13238584480869808,-0.17750262507315928,-0.09172931092410128,-0.21659584353199415,-0.1672362145056724,-0.10577500904821248,-0.13600449205906984,-0.9076364731145878,-0.6418131497883105,-0.5904035559937899,-0.6467845920628796,0.9778523631178014,-0.9778523631178014
-0.07680080075870434,-0.21807105488960715,-0.15840496757151515,-0.1143279835965001,-0.1043704809187676,-0.23059334455361735,-0.23861722228822163,-0.22080247647566495,-0.1464559200466559,1.3089370279610346,-0.27162475795770935,-0.33485652799737875,1.101762687619266,-0.6418131497883105,1.6937567361306989,-0.6467845920628796,-1.022649264569533,1.022649264569533
-0.1692718286729552,-0.1294097450817202,-0.14629393034564275,-0.15933482748828615,-0.23246857431998105,-0.16947974353453968,-0.1994593829206569,-0.16988833450178634,-0.24208582443800347,-0.18451301201614353,-0.12008688544663676,-0.1098993950846304,-0.9076364731145878,-0.6418131497883105,-0.5904035559937899,1.546109805755517,-1.022649264569533,1.022649264569533
-0.14439285965981954,-0.12191824538587993,-0.1465021154546117,-0.151187299078629,-0.06374519091913305,-0.1359502804645834,-0.24129046661081005,-0.24058455756594724,-0.12501034825650018,-0.19813713357247928,-0.16129119840252634,-0.25794495193375544,1.101762687619266,-0.6418131497883105,-0.5904035559937899,1.546109805755517,-1.022649264569533,1.022649264569533
-0.1582915282758292,-0.23728539580455044,-0.1564585102295189,-0.23250824508157183,-0.13967692613620145,-0.08963940267261139,-0.23884405646161486,-0.1555505473696728,-0.13090778813879225,-0.17174905673275756,-0.1537142250393422,-0.13818409408925,1.101762687619266,-0.6418131497883105,-0.5904035559937899,1.546109805755517,-1.022649264569533,1.022649264569533
-0.18839666915245662,-0.2184582177112099,-0.1466614305513661,-0.17728944904514618,-0.26828968253826024,-0.14209183685658458,-0.19799283854807537,-0.13439696076342986,-0.23046347907581882,-0.1897208836242941,-0.15789164560634292,-0.06720114742660961,-0.9076364731145878,-0.6418131497883105,-0.5904035559937899,-0.6467845920628796,-1.022649264569533,1.022649264569533
-0.19221357294025512,-0.10998973033805422,-0.1459383979735049,-0.1292001682252095,-0.2334597095283939,-0.14292661556053832,-0.19664063822017108,-0.16969673403099256,-0.25276746278595535,-0.19328903357390054,-0.14367495335799146,-0.14470237080509532,-0.9076364731145878,-0.6418131497883105,1.6937567361306989,-0.6467845920628796,0.9778523631178014,-0.9778523631178014
-0.21584799829436752,-0.18854148729968043,-0.1267310210370675,-0.22441602385510773,-0.2795677651419287,-0.2515857425466462,-0.16457701368858868,-0.10942612518974602,-0.2140859336152691,-0.1728152260548906,-0.1493198110510579,0.01903434219157487,-0.9076364731145878,-0.6418131497883105,-0.5904035559937899,-0.6467845920628796,-1.022649264569533,1.022649264569533
-0.22778948898465856,-0.18252002063067385,-0.13646614838446952,-0.14536755184151112,-0.24544350938547063,-0.146232504627216,-0.1733060319037101,-0.14877955514863977,-0.2142978207984334,-0.17247090914295918,-0.19926905384277654,-0.058319224175223686,-0.9076364731145878,-0.6418131497883105,1.6937567361306989,-0.6467845920628796,0.9778523631178014,-0.9778523631178014
-0.18852396128668064,-0.24460693507471515,-0.1399428256508947,-0.12985158968051513,-0.2149625667672684,-0.1807690682369017,-0.1817586754354152,-0.13712370522830258,-0.21164191776925412,-0.18077529922711744,-0.18789873290507084,-0.14023280141505245,-0.9076364731145878,-0.6418131497883105,1.6937567361306989,-0.6467845920628796,-1.022649264569533,1.022649264569533
-0.11778110434190822,-0.22346059453668962,-0.14625132412814676,-0.012358095089675633,-0.14664660206986424,-0.2193885679817652,-0.20666129136237152,-0.2141167789207734,-0.17184566701815734,-0.17839205588343876,-0.2922268805378899,-0.31366543139313313,1.101762687619266,-0.6418131497883105,-0.5904035559937899,1.546109805755517,0.9778523631178014,-0.9778523631178014
-0.16194445288669906,-0.20082069552334197,-0.15157093860135193,-0.2250279227106112,-0.1353517003631499,-0.13765120735317335,-0.23458396759855746,-0.17359295419108117,-0.13922872762409177,-0.1654641016713654,-0.18431922878463872,-0.17207853617093527,1.101762687619266,1.5580858702097802,-0.5904035559937899,-0.6467845920628796,-1.022649264569533,1.022649264569533
-0.23067592267169373,-0.193405440336212,-0.13811930428661942,-0.1462332944684896,-0.23489673836840347,-0.13433710533866017,-0.20017914479331428,-0.12966481231455462,-0.9734899172544986,-0.17535267572966734,-0.1601359807250382,-0.07532317303506177,-0.9076364731145878,1.5580858702097802,-0.5904035559937899,-0.6467845920628796,0.9778523631178014,-0.9778523631178014
-0.15822868064925938,-0.14187616810910425,-0.15030868655434498,-0.16524436799452524,-0.2583900131498917,-0.16873258034527222,-0.19214308513763803,-0.16411297030397437,-0.23070718526478162,-0.192485727946523,-0.2854448792054197,-0.1117282304557138,-0.9076364731145878,-0.6418131497883105,1.6937567361306989,-0.6467845920628796,0.9778523631178014,-0.9778523631178014
-0.1602402249935475,-0.16710461244367678,-0.1637359515229819,-0.13294940060816826,-0.0319774884974512,-0.1393105919177651,-0.2511869048246459,-0.2560241742382362,-0.16374255209265734,-0.19291630618507072,-0.2290092523714821,-0.29392643213076725,1.101762687619266,1.5580858702097802,-0.5904035559937899,-0.6467845920628796,0.9778523631178014,-0.9778523631178014
-0.19230060615259845,-0.1756272756924165,-0.1365888439053105,-0.14774006509511814,-0.20426235985310354,-0.18245153342008386,-0.16958310214591507,-0.0344605948716396,-0.21289731516564658,-0.15716119245309426,-0.22578809247025577,-0.1098478738279623,-0.9076364731145878,-0.6418131497883105,-0.5904035559937899,1.546109805755517,0.9778523631178014,-0.9778523631178014
-0.22903055217035603,-0.1728275857451734,-0.13632404565596412,-0.09673072774749568,-0.2100221049154619,-0.19522563171884028,-0.16711522253836328,-0.09551211187618988,-0.23016285196315892,-0.16042650912318943,-0.1566875057227519,-0.1548684801558811,-0.9076364731145878,-0.6418131497883105,-0.5904035559937899,-0.6467845920628796,0.9778523631178014,-0.9778523631178014
-0.5339867413717346,-0.19476263477584244,-0.1363963769203909,-0.17697749300106952,-0.28892132964100786,-0.1302664820438306,-0.19811696579134994,-0.20357719162783583,-0.2074687112635292,-0.19316990782363386,-0.08025334788430458,-0.022539073583353424,-0.9076364731145878,-0.6418131497883105,-0.5904035559937899,1.546109805755517,-1.022649264569533,1.022649264569533
-0.1936937757710162,1.2090408034854623,-0.4110079324694146,-0.16619151045406683,-0.2336336456215163,-0.18402595670133504,-0.39186506760174883,0.10892827394022789,-0.1977539855421855,-0.20652144823831622,-0.1927183805680663,-0.11670619129540823,-0.9076364731145878,-0.6418131497883105,-0.5904035559937899,1.546109805755517,-1.022649264569533,1.022649264569533
-0.18204903940709136,-0.11902230418235425,-0.138295436344363,-0.15581735366901456,-0.1821357745881383,-0.1589225947960805,-0.19006414322128812,-0.11449237695781503,-0.20564874339169104,-0.16835177987412894,-0.3079087306313945,-0.1072656685569563,-0.9076364731145878,-0.6418131497883105,-0.5904035559937899,1.546109805755517,-1.022649264569533,1.022649264569533
-0.13334593077755633,-0.2227271586939023,-0.16967187656710295,-0.1432139226302395,-0.13548561243611487,-0.21806844380434945,-0.2287372059897518,-0.22927970597983036,-0.14685840955239593,-0.15124934198619083,-0.26083150883427686,-0.22960231640118822,1.101762687619266,-0.6418131497883105,-0.5904035559937899,-0.6467845920628796,-1.022649264569533,1.022649264569533
-0.15858927365880632,-0.18505827736335104,-0.15102524241939086,-0.1264197599398997,-0.0658543428399576,-0.12345012309554332,-0.24062911609207102,-0.24768366486800028,-0.09429739180337898,-0.17783324938412923,-0.14286756512359097,-0.28453403531773275,1.101762687619266,-0.6418131497883105,-0.5904035559937899,-0.6467845920628796,0.9778523631178014,-0.9778523631178014
4.907650958873977,4.1367257492808065,1.156428677104168,6.706075549314894,3.984115460558196,6.973531555993419,2.6209622648431297,7.561844110172984,6.098747629809488,6.670006169041067,4.866653021968508,8.006135969330156,-0.9076364731145878,1.5580858702097802,-0.5904035559937899,-0.6467845920628796,0.9778523631178014,-0.9778523631178014
-0.15509795801353068,-0.17958521977677208,-0.1439900534367196,-0.19289737954942468,-0.20428192100838585,-0.19149908662086207,-0.19361207641587988,-0.11951070825815475,-0.21735175481602703,-0.17419421317184886,-0.31637222497776457,-0.10483929011542147,-0.9076364731145878,-0.6418131497883105,-0.5904035559937899,1.546109805755517,-1.022649264569533,1.022649264569533
-0.22824996087964616,-0.24415307026068606,-0.13922546392760765,-0.15781557592650988,-0.2636633262922347,-0.16601609847658336,-0.17058179715650063,-0.16080169078675688,-0.2089535350613284,-0.1848976247625688,-0.0935671431166567,-0.05850761881936375,-0.9076364731145878,-0.6418131497883105,-0.5904035559937899,1.546109805755517,0.9778523631178014,-0.9778523631178014
-0.15193093985181685,-0.15350944907241854,-0.15627929572172436,-0.20166695651773703,-0.0743248386211647,-0.14430283196367646,-0.23356028489364478,-0.2051191975124897,-0.13654110149511278,-0.15179438924485367,-0.21429957616730066,-0.21152756024219854,1.101762687619266,-0.6418131497883105,-0.5904035559937899,-0.6467845920628796,-1.022649264569533,1.022649264569533
-0.11972761081958501,-0.0888543643483452,-0.16138697694161083,-0.20138829117974935,-0.13934315315286203,-0.17594311054279796,-0.2402095944886546,-0.1959429925217184,-0.20438242760792671,-0.202164411076733,-0.18654924782223511,-0.21775066551059774,1.101762687619266,-0.6418131497883105,1.6937567361306989,-0.6467845920628796,-1.022649264569533,1.022649264569533
-0.20657345319181258,-0.14514774381793294,-0.14008343375573737,-0.15123313773619956,-0.24493646751629844,-0.14455847406651676,-0.19075894120379341,-0.11479542478509253,-0.22189539654267,-0.18335028824716348,-0.2409580020092739,-0.10063648517316655,-0.9076364731145878,1.5580858702097802,-0.5904035559937899,-0.6467845920628796,0.9778523631178014,-0.9778523631178014
-0.1787952581351422,-0.08504715807345392,-0.14072767654699922,-0.14810200823209815,-0.15322876053203963,-0.15330883309467677,-0.1898003763261501,-0.1030115620929145,-0.24734458451871297,-0.1503613438054302,-0.16968955152947945,-0.12285981219866768,-0.9076364731145878,-0.6418131497883105,1.6937567361306989,-0.6467845920628796,0.9778523631178014,-0.9778523631178014
-0.11553184265050914,-0.11697105039081546,-0.16142173872090565,-0.13842705185189624,-0.11570257834996583,-0.24146810951318332,8.768744774670092,-0.2599644925240184,-0.17603901133126315,-0.1851618275696042,-0.1627357649920474,-0.2732661036113397,1.101762687619266,-0.6418131497883105,1.6937567361306989,-0.6467845920628796,0.9778523631178014,-0.9778523631178014
-0.14095449645105315,-0.16120079557487785,-0.1492497561738473,-0.1416742313408448,-0.006151479628426791,-0.1054939718877698,-0.255320532736873,-0.20576732361458397,-0.16762646589879032,-0.18824686671986904,-0.11594746188205396,-0.3141162700495792,1.101762687619266,1.5580858702097802,-0.5904035559937899,-0.6467845920628796,0.9778523631178014,-0.9778523631178014
-0.14056782362578946,-0.13260256369346118,-0.16098315251274034,-0.14417011631999468,-0.12954275729340625,-0.20020365761571277,-0.23511923708594887,-0.2242792673522114,-0.167189948289208,-0.18371454363436607,-0.13795719513480206,-0.27426846827612855,1.101762687619266,-0.6418131497883105,1.6937567361306989,-0.6467845920628796,0.9778523631178014,-0.9778523631178014
-0.19798176542243928,-0.18154245468109,-0.1367119141254018,-0.21709255461702281,-0.23669597436213966,-0.20433995353878423,-0.1979855237105404,-0.18259182636602608,-0.2053289176596221,-0.16212232204409827,-0.13396355080974084,-0.004873297131598995,-0.9076364731145878,-0.6418131497883105,-0.5904035559937899,1.546109805755517,0.9778523631178014,-0.9778523631178014
-0.2518866007349242,-0.16804194255782773,-0.13803856805992473,-0.08796905337489433,-0.19372920050159415,-0.09653321531756204,-0.17139061673280376,-0.04798005689039292,-0.13467967440962997,-0.17432658668348505,-0.1334254911455765,-0.18119406564518223,-0.9076364731145878,-0.6418131497883105,1.6937567361306989,-0.6467845920628796,0.9778523631178014,-0.9778523631178014
-0.17061095089212777,-0.21614079096789454,-0.1491248465681162,-0.1724912133040773,-0.20160606675343784,-0.10444990299334789,-0.2086953274879401,-0.13512755316986907,-0.22122057269417014,-0.1666427600355414,-0.1375389643483412,-0.11901819726921911,-0.9076364731145878,-0.6418131497883105,1.6937567361306989,-0.6467845920628796,0.9778523631178014,-0.9778523631178014
-0.17515777385375994,-0.16578119288244847,-0.134407941721859,-0.25488174653286044,-0.20960708462013913,-0.2610606707125462,-0.15887795780383518,-0.13248551110373605,-0.24894844499905594,-0.14198820931800438,-0.24280648393912713,0.034240711153758874,-0.9076364731145878,-0.6418131497883105,-0.5904035559937899,-0.6467845920628796,0.9778523631178014,-0.9778523631178014
-0.20302598158215404,-0.2066045182693537,-0.1363879370195028,-0.14947855137594918,-0.24709604442252356,-0.17266093282195727,-0.17774239731796804,-0.15544193373976595,-0.2052607105798019,-0.17693929800651986,-0.11393626972240618,-0.0757434681663389,-0.9076364731145878,-0.6418131497883105,1.6937567361306989,-0.6467845920628796,-1.022649264569533,1.022649264569533
-0.13278852524180987,-0.2276204245659059,-0.1724319532882543,-0.20500245036892079,-0.10914074189238916,-0.17653897106558697,-0.24199845234452097,-0.2019880350310305,-0.11867575024875343,-0.16517828864426423,-0.07249293325426312,-0.226556722175866,1.101762687619266,-0.6418131497883105,-0.5904035559937899,1.546109805755517,0.9778523631178014,-0.9778523631178014
-0.19038581505580673,-0.1794008500533431,-0.14970247688798458,-0.12078743526443014,-0.11722730218721945,-0.10480209676757711,-0.2301973930679488,-0.21679028197130926,-0.15478337632881747,-0.15564042077808268,-0.1718447870015295,-0.2082066417553,1.101762687619266,-0.6418131497883105,-0.5904035559937899,1.546109805755517,-1.022649264569533,1.022649264569533
-0.15497855443490155,-0.15550115026243364,-0.15503305222886374,-0.20252371678755043,-0.14220173948516066,-0.17124904826659065,-0.22883563106417107,-0.20245143258634568,-0.1316823219629398,-0.16803088706040759,-0.27226449221652604,-0.18400694355182295,1.101762687619266,-0.6418131497883105,-0.5904035559937899,1.546109805755517,-1.022649264569533,1.022649264569533
-0.20633113900733444,-0.18954266796760347,-0.13473334827785974,-0.15995930841677786,-0.25479912000841487,-0.20863954683666772,-0.16653452890683326,-0.13415048904118188,-0.23205920611334796,-0.17275558261327156,-0.16923070954209435,-0.03607633817540568,-0.9076364731145878,1.5580858702097802,-0.5904035559937899,-0.6467845920628796,-1.022649264569533,1.022649264569533
-0.19178767138857353,-0.20596019020008854,-0.14655011781019872,-0.15092479416918644,-0.23216087837455782,-0.18518141493925347,-0.18972564205097722,-0.14897555501548593,-0.23720202387849595,-0.18516635109430188,-0.2734878350284661,-0.12041971675908755,-0.9076364731145878,1.5580858702097802,-0.5904035559937899,-0.6467845920628796,-1.022649264569533,1.022649264569533
-0.17342273076509762,-0.20520644750601144,-0.144754710163501,-0.19567365484144594,-0.12122300561105454,-0.16094397994680334,-0.22737851422080627,-0.2022826221890327,-0.1845011891642106,-0.17497210220992335,-0.2987381201396007,-0.16073585858024655,-0.9076364731145878,-0.6418131497883105,-0.5904035559937899,-0.6467845920628796,-1.022649264569533,1.022649264569533
-0.1972891055877064,-0.1618321243726537,-0.1373659571770501,-0.15481826018265848,-0.22851769172367214,-0.16998272511817616,-0.1808660190416584,-0.1174989469107809,-0.2081911994703372,-0.17773102193085966,-0.1338989872654888,-0.0755230296746232,-0.9076364731145878,-0.6418131497883105,-0.5904035559937899,-0.6467845920628796,0.9778523631178014,-0.9778523631178014
-0.18385289388941636,-0.18597112888465941,-0.14749935041993395,-0.10418684619396686,-0.17718799350528025,-0.1755599139911894,-0.20543678174245553,-0.13275749568212325,-0.24608466146131752,-0.17017602032693657,-0.1175865899778164,-0.11473928770505493,-0.9076364731145878,-0.6418131497883105,1.6937567361306989,-0.6467845920628796,-1.022649264569533,1.022649264569533
-0.14147451743251244,-0.1617797217378629,-0.17022367241309586,-0.22941519538623592,-0.09317280828069494,-0.1387733043154767,-0.25827617847139767,-0.16901988489070074,-0.15578270724702792,-0.18214618243302372,-0.17639425291643596,-0.2179220350284185,1.101762687619266,-0.6418131497883105,-0.5904035559937899,1.546109805755517,-1.022649264569533,1.022649264569533
-0.14778307548924802,-0.24489513157143147,-0.15821447376278372,-0.16978997429932563,-0.10387086027634573,-0.15688561709245016,-0.23934457981181217,-0.25625207889396867,-0.13599577042097255,-0.2007270843435525,-0.07295347272511622,-0.2529741315805382,1.101762687619266,-0.6418131497883105,-0.5904035559937899,1.546109805755517,-1.022649264569533,1.022649264569533
-0.2200404268090637,-0.2062372331238357,-0.14028352502220184,-0.13108491814476658,-0.24496683941760106,-0.12184571275613389,-0.17890849567928668,-0.099446061095884,-0.20153926142345702,-0.18359963833378973,-0.24393309441529204,-0.09592361895345429,-0.9076364731145878,-0.6418131497883105,-0.5904035559937899,-0.6467845920628796,-1.022649264569533,1.022649264569533
-0.1250035340956844,-0.09084977832283207,-0.16354479239365835,-0.18708162974319398,-0.03296483570765312,-0.1599836159219718,-0.2599605647414786,-0.21556787575516473,-0.14708775835112484,-0.18961237232419784,-0.2732913957494225,-0.2944587924601968,1.101762687619266,-0.6418131497883105,-0.5904035559937899,-0.6467845920628796,0.9778523631178014,-0.9778523631178014
-0.12525999737889904,-0.10817979059159953,-0.15017968392675252,-0.12648172709920819,-0.08262503009272187,-0.20047544566776504,-0.23523290599643,-0.27852480162484655,-0.16409612705536625,-0.19376619745299561,-0.16126967226235175,-0.2689220618305968,1.101762687619266,-0.6418131497883105,-0.5904035559937899,1.546109805755517,0.9778523631178014,-0.9778523631178014
5.09488315158458,6.1818086151863065,2.1917356337816107,4.836963720725222,6.3767696490415,4.350457900174227,0.8630119959024565,5.576722402715281,4.744966780893208,6.163828063735391,7.4533900775256265,5.819213382743097,1.101762687619266,-0.6418131497883105,-0.5904035559937899,-0.6467845920628796,-1.022649264569533,1.022649264569533
5.67831834471293,5.643348429984882,0.3940258411278801,9.627958527687277,7.866075269033601,1.3522922721245267,1.158141712223209,2.239482082759017,5.349743814214349,8.20420513757402,4.134468800650705,1.8810944558179443,1.101762687619266,-0.6418131497883105,-0.5904035559937899,-0.6467845920628796,0.9778523631178014,-0.9778523631178014
-0.18966278140159634,-0.23095810029316416,-0.14112919192068138,-0.181056419593615,-0.23174821945881038,-0.1475111825104936,-0.17996127085687988,-0.08544155949148002,-0.20133606380735491,-0.17731891239645467,-0.0632602787023936,-0.08525089392313828,-0.9076364731145878,-0.6418131497883105,1.6937567361306989,-0.6467845920628796,-1.022649264569533,1.022649264569533
-0.2069740518283929,-0.2193552332138792,-0.16466219190705816,-0.2612925581124148,-0.19472717508222362,-0.02519189063882785,-0.2444872398945926,-0.10014719388170369,-0.19067550198062963,-0.1773568600702556,-0.005886789243112578,-0.12410037409532519,1.101762687619266,-0.6418131497883105,-0.5904035559937899,-0.6467845920628796,0.9778523631178014,-0.9778523631178014
-0.22601596683338224,-0.18312954599304765,-0.14373336937405615,-0.15701859506301794,-0.24789668460912653,-0.10838017502283208,-0.18784378153247677,-0.1327263462606589,-0.19295526628810433,-0.18877136881121526,-0.08339394338684478,-0.07134137154172014,-0.9076364731145878,-0.6418131497883105,-0.5904035559937899,1.546109805755517,-1.022649264569533,1.022649264569533
-0.18641977667641624,-0.15823591367701267,-0.14931464495370542,-0.13486502244321927,-0.2332684671357977,-0.16655691380468718,-0.20095063436141378,-0.1799808380656307,-0.2511527722548363,-0.19474772200973156,-0.0047400992095935155,-0.11885428648853066,-0.9076364731145878,1.5580858702097802,-0.5904035559937899,-0.6467845920628796,0.9778523631178014,-0.9778523631178014
-0.13417247786345013,-0.18531670446716875,-0.1593353350011174,-0.20850800824687163,-0.13376603861701838,-0.10384989709830558,-0.24197239549637897,-0.15510409733766986,-0.13926511589249238,-0.1651046218581052,-0.11929049455762943,-0.1758738512996112,1.101762687619266,1.5580858702097802,-0.5904035559937899,-0.6467845920628796,-1.022649264569533,1.022649264569533
-0.19536402406769732,-0.23974236804361818,-0.15859265333852185,-0.16673768865832278,-0.21229595923665145,-0.130487367470921,-0.2424316088438187,-0.20593306041898246,-0.20193655339424574,-0.19007448606240201,-0.2290788729617886,-0.21581923846919443,-0.9076364731145878,-0.6418131497883105,1.6937567361306989,-0.6467845920628796,-1.022649264569533,1.022649264569533
-0.1188266091945691,-0.1946079913137337,-0.14809193800179743,-0.10741653525381639,-0.07933049809703889,-0.1661457465783947,-0.23132614062059834,-0.2362316007653405,-0.15604658004955776,-0.18807480746510924,-0.21256495572028816,-0.3001395953119897,1.101762687619266,1.5580858702097802,-0.5904035559937899,-0.6467845920628796,0.9778523631178014,-0.9778523631178014
-0.1241417184655774,-0.17487651454314607,-0.16511867649151735,-0.1524733924532814,-0.13796916926252578,-0.23720217401643978,-0.22535723839566496,-0.2535288835896011,-0.13401923957648057,-0.17676937550755126,-0.28823253903011853,-0.25718694243689866,1.101762687619266,-0.6418131497883105,1.6937567361306989,-0.6467845920628796,-1.022649264569533,1.022649264569533
-0.14731857214755315,-0.20983645672839724,-0.16192948547748773,-0.16555896057803024,-0.08857422121059678,-0.153814398149976,-0.23941017473114584,-0.2227061786354086,-0.1634230589126108,-0.18031444704190916,-0.10200324557636868,-0.27387252134259144,1.101762687619266,-0.6418131497883105,-0.5904035559937899,1.546109805755517,-1.022649264569533,1.022649264569533
5.188231117744582,8.02862042096958,1.6293907558703764,4.812053030195948,4.979134428744037,6.143355585608887,2.137451100221013,7.910548021876014,6.7752852965301775,7.4014083211273345,6.4375904945751925,8.462050379080196,-0.9076364731145878,-0.6418131497883105,1.6937567361306989,-0.6467845920628796,-1.022649264569533,1.022649264569533
-0.19862897160181636,-0.28364515507288923,-0.14218990941146809,-0.11165964981447943,-0.20131996868699004,-0.13016311700144753,-0.19478891903108167,-0.1335560896895927,-0.21545526547381325,-0.1821953937438938,-0.13787666038202473,-0.1487270025992623,-0.9076364731145878,-0.6418131497883105,-0.5904035559937899,1.546109805755517,0.9778523631178014,-0.9778523631178014
-0.20240849986942688,-0.12305084337966829,-0.12971378527699287,-0.205654979615504,-0.2479875022782036,-0.08214712295991418,-0.178053721220396,-0.07371414379767752,-0.1405928567073652,-0.1520858109886271,-0.32456592510731863,-0.023617243853927265,-0.9076364731145878,-0.6418131497883105,1.6937567361306989,-0.6467845920628796,-1.022649264569533,1.022649264569533
-0.15963623432435606,-0.17599261874054692,-0.17016039111464643,-0.18068528748684118,-0.04588676654003649,-0.17223754300129898,-0.25189208557182796,-0.2273418495459948,-0.16980220660367307,-0.18806417617955742,-0.10971681194470125,-0.163614516379323,-0.9076364731145878,1.5580858702097802,-0.5904035559937899,-0.6467845920628796,-1.022649264569533,1.022649264569533
-0.20630943338533206,-0.1817359812818667,-0.13164718679595694,-0.1466860757733153,-0.20030502948082335,-0.23120479491813367,-0.15749405560732627,-0.03164860892697888,-0.21464580639891354,-0.14416620588391443,-0.26703053990783077,-0.1464771424107963,-0.9076364731145878,-0.6418131497883105,-0.5904035559937899,-0.6467845920628796,-1.022649264569533,1.022649264569533
-0.5191945059395799,-0.15429117581667265,-0.1343073822610444,-0.19372559028299277,-0.13886034017451368,-0.1519434161861312,-0.19272028432166327,-0.10249229055493324,-0.2269108790784743,-0.1657234295497541,-0.23581025047585735,-0.05727630864511342,-0.9076364731145878,1.5580858702097802,-0.5904035559937899,-0.6467845920628796,-1.022649264569533,1.022649264569533
-0.19672027981557566,-0.15487589462291848,-0.1405925758740731,-0.16548027157557693,-0.20731265780806482,-0.09006322889532738,-0.20268317087521276,-0.12094524280181243,-0.2323167903617734,-0.16698070933983522,-0.21347116560465854,-0.13165128270350354,-0.9076364731145878,1.5580858702097802,-0.5904035559937899,-0.6467845920628796,0.9778523631178014,-0.9778523631178014
-0.13377873963816525,-0.04120981044273544,-0.15856754090234387,-0.14833982407554755,-0.11519638926694559,-0.18908959372394335,-0.23707172667946555,-0.25233571441851593,-0.1485022823908866,-0.17788954098649834,-0.22771426789325444,-0.2624381313288826,1.101762687619266,-0.6418131497883105,1.6937567361306989,-0.6467845920628796,0.9778523631178014,-0.9778523631178014
-0.17423976838040736,-0.14918899183935103,-0.14692859507012682,-0.13104455949064658,-0.1364376610731387,-0.12917509411563174,-0.2439017884834066,-0.22518846678491528,-0.11042265812333685,-0.17036854168074123,-0.1738260829500005,-0.1968781986190404,1.101762687619266,-0.6418131497883105,1.6937567361306989,-0.6467845920628796,-1.022649264569533,1.022649264569533
-0.13381656948304782,-0.06052033927089005,-0.15480795788004564,-0.1962154807988728,-0.06199995645122594,-0.11038087574466682,-0.2536457902971053,-0.20475232616695352,-0.12941781975389427,-0.19232242401810049,-0.15693430352194715,-0.25499177944242923,1.101762687619266,1.5580858702097802,-0.5904035559937899,-0.6467845920628796,0.9778523631178014,-0.9778523631178014
-0.19920036599721558,-0.12291262618849359,-0.14675773628425792,-0.15020570884810452,-0.26791882624123153,-0.11464588642661187,-0.1955892815810553,-0.12846290192935825,-0.2056916762208169,-0.1894976828990053,-0.12133856564800317,-0.08481716235754821,-0.9076364731145878,-0.6418131497883105,-0.5904035559937899,1.546109805755517,0.9778523631178014,-0.9778523631178014
-0.13175663082333935,-0.17986480058756626,-0.1484046721359832,-0.13223888261248526,-0.1167365858593456,-0.20859852345226376,-0.22150949939511352,-0.2572760535316375,-0.1704250946057548,-0.1776644451519491,-0.13830614958367546,-0.2365667600012547,1.101762687619266,-0.6418131497883105,-0.5904035559937899,-0.6467845920628796,-1.022649264569533,1.022649264569533
-0.15616831479541343,-0.13410295564017258,-0.16221698038766377,-0.12050164789426294,-0.10388843152043226,-0.18268435732355479,-0.240897123123543,-0.24372378143516799,-0.1847199041085145,-0.19949355442237487,-0.08377771909998345,-0.25951212917978916,1.101762687619266,-0.6418131497883105,1.6937567361306989,-0.6467845920628796,0.9778523631178014,-0.9778523631178014
-0.1372515534556036,-0.17658938047502357,-0.1575897809738196,-0.1848521161418905,-0.14989830675780552,-0.186359692510964,-0.23042445708458517,-0.2091647688908793,-0.17213750462032615,-0.1693175590174478,-0.23620820288970693,-0.17759239923408252,1.101762687619266,-0.6418131497883105,-0.5904035559937899,1.546109805755517,-1.022649264569533,1.022649264569533
-0.18735930217815577,-0.10381126193267469,-0.1374103211769615,-0.1858508878595657,-0.23067303151652804,-0.16424547064320041,-0.1848599690672363,-0.11096503875779032,-0.2133294267375362,-0.15881976364497033,-0.014030405941258078,-0.08586191049174574,-0.9076364731145878,-0.6418131497883105,1.6937567361306989,-0.6467845920628796,0.9778523631178014,-0.9778523631178014
-0.18351075348249396,-0.2263546559121005,-0.1419369815751255,-0.15393587168771877,-0.19688850832884935,-0.17894666677235185,-0.19885264123076354,-0.08143518078519048,-0.18916157681370713,-0.16198136583482967,-0.025882222849693427,-0.08996368819275428,-0.9076364731145878,-0.6418131497883105,-0.5904035559937899,1.546109805755517,-1.022649264569533,1.022649264569533
-0.1597532724925592,-0.08289875338260752,-0.16456265851109983,-0.15140081542958678,-0.11394296852535568,-0.15131212569977331,8.768744774670092,-0.19550747879081476,-0.1440645420697164,-0.1940830436444411,-0.21223828327580802,-0.20557720870614857,1.101762687619266,-0.6418131497883105,-0.5904035559937899,1.546109805755517,0.9778523631178014,-0.9778523631178014
-0.1951018988397857,-0.19572738203805953,-0.13256346215985684,-0.165598990238883,-0.21028595321876326,-0.17751851823349635,-0.17219029177290093,-0.1075846352469455,-0.16250912851515636,-0.16903407554865785,-0.1527900314374356,-0.08112176216657135,-0.9076364731145878,-0.6418131497883105,-0.5904035559937899,1.546109805755517,-1.022649264569533,1.022649264569533
-0.16516434679635097,-0.22294109959254563,-0.140271227127049,-0.12476783283808494,-0.1830513705660742,-0.09515945895857367,-0.19988571179229145,-0.09262838704363455,-0.08557278797909118,-0.16311474407027796,-0.14308719594279068,-0.15548728771020426,-0.9076364731145878,-0.6418131497883105,-0.5904035559937899,-0.6467845920628796,-1.022649264569533,1.022649264569533
-0.11277134794432467,-0.1670048129922569,-0.15427119398001693,-0.10520756918781608,-0.06303638820228297,-0.21594656493959216,-0.23400649161848433,-0.29210134640106594,-0.1599952806114435,-0.19032842302854222,-0.16377586446834058,-0.3299206945676088,1.101762687619266,-0.6418131497883105,1.6937567361306989,-0.6467845920628796,-1.022649264569533,1.022649264569533
-0.21402912713044892,-0.08759492492158558,-0.14101976738032496,-0.08251593077635692,-0.2048230664178444,-0.12919968641035323,-0.19138092700773718,-0.13312743273522867,-0.22718946842177437,-0.1806554495891516,-0.19638942575618926,-0.17059965080652817,-0.9076364731145878,-0.6418131497883105,-0.5904035559937899,-0.6467845920628796,-1.022649264569533,1.022649264569533
-0.2288903757553435,-0.14111225827656682,-0.14387032278707645,-0.11239214393014328,-0.2607901965439792,-0.0786590125250481,-0.19238580608571687,-0.1357516453397419,-0.21518121036297014,-0.1746305181884483,-0.15957819709557364,-0.08990700150298718,-0.9076364731145878,1.5580858702097802,-0.5904035559937899,-0.6467845920628796,0.9778523631178014,-0.9778523631178014
-0.5089712575663505,-0.17650334975584428,-0.10493102672146876,0.43135387642293505,-0.8688167578317569,-0.4264268684619189,0.05390449599993068,0.07907941790116224,-0.35819660179710144,-0.1411284087118409,-0.3361704634540167,0.12065308336132906,-0.9076364731145878,-0.6418131497883105,1.6937567361306989,-0.6467845920628796,0.9778523631178014,-0.9778523631178014
-0.17265537794325853,-0.2230420864273787,-0.13694745824923812,-0.16031623139906723,-0.2047168729098798,-0.23501438295409904,-0.177416018710934,-0.16028029673959332,-0.25649649926814055,-0.17497922413804695,-0.27526964933254106,-0.11550173632647767,-0.9076364731145878,1.5580858702097802,-0.5904035559937899,-0.6467845920628796,-1.022649264569533,1.022649264569533
-0.18888308711248883,-0.2064332186806049,-0.15345062423797842,-0.16516845774482505,-0.20835203134478023,-0.2175164089956415,6.201739074899452,-0.10351125867160378,-0.28904650379497404,-0.19063121085314547,-0.06611597860999864,-0.16001389309966846,-0.9076364731145878,-0.6418131497883105,-0.5904035559937899,1.546109805755517,0.9778523631178014,-0.9778523631178014
-0.13907609272661892,-0.17089245774677467,-0.15655718281515227,-0.12009154864568784,-0.10612777465280251,-0.2381792711831197,-0.22231291535404707,-0.26935121021829656,-0.15331809367716984,-0.1762554971196403,-0.3001554588918653,-0.26686750524234837,1.101762687619266,1.5580858702097802,-0.5904035559937899,-0.6467845920628796,0.9778523631178014,-0.9778523631178014
-0.15475843676811213,-0.1441679830138438,-0.1740316612014349,-0.19385358829714,-0.039064531820597916,-0.13781012626164588,-0.25424409898926714,-0.20063788415261674,-0.15856965679247725,-0.20428587622229732,-0.24255851620956378,-0.30275221405595276,1.101762687619266,-0.6418131497883105,-0.5904035559937899,1.546109805755517,-1.022649264569533,1.022649264569533
-0.08699240214661398,-0.20919286128781325,-0.14948576816849962,-0.10991332700538403,-0.1139203753493402,-0.23321907879160797,-0.21983544784458184,-0.26564270242026156,-0.13208116286226546,-0.17593344930400384,-0.03976616830431934,-0.2810889523935958,-0.9076364731145878,-0.6418131497883105,-0.5904035559937899,1.546109805755517,0.9778523631178014,-0.9778523631178014
-0.1264160146380998,-0.1375612264631826,-0.15404921585732018,-0.17426672053958733,-0.08581977158701262,-0.17913993032352274,-0.23803508671644188,-0.20963005694350095,-0.1412901578049967,-0.18408796898576793,-0.2259053059561581,-0.2535354691701587,1.101762687619266,1.5580858702097802,-0.5904035559937899,-0.6467845920628796,0.9778523631178014,-0.9778523631178014
-0.534728773790524,-0.17282619571249058,-0.14540315442394108,-0.14470046490027896,-0.1942668798700574,-0.19876167567000713,-0.19218452461430927,-0.1363304806345099,-0.3279391417917379,-0.1735908427109684,-0.197419567320409,-0.11048913454721945,-0.9076364731145878,-0.6418131497883105,-0.5904035559937899,1.546109805755517,-1.022649264569533,1.022649264569533
-0.14587068261020383,-0.1806955218215642,-0.15648456418927356,-0.23684022334744545,-0.17587616389712388,-0.07998169972664149,-0.23884513873959973,-0.13415936301868747,-0.16762531293943114,-0.40634917352854644,-0.23835334797660532,-0.1326909476767616,-0.9076364731145878,-0.6418131497883105,-0.5904035559937899,-0.6467845920628796,-1.022649264569533,1.022649264569533
-0.11431048043729788,-0.12634182567848865,-0.15403480889012539,-0.1727776688522089,-0.08233552374224809,-0.12051453868169575,-0.24761529281560657,-0.24433304976321568,-0.660439530554202,-0.18638595475445732,-0.15915416951191802,-0.27545780617515475,1.101762687619266,-0.6418131497883105,1.6937567361306989,-0.6467845920628796,-1.022649264569533,1.022649264569533
-0.17014183791976611,-0.16841518532127123,-0.15192891419211174,-0.1687009231792663,-0.07528694210748851,-0.13618840872804214,-0.24166202062117437,-0.23380338840461162,-0.1410604001944151,-0.16768823340273908,-0.17430299249736622,-0.22334730691436605,1.101762687619266,1.5580858702097802,-0.5904035559937899,-0.6467845920628796,-1.022649264569533,1.022649264569533
-0.15533112077933095,-0.12112079630186484,-0.15066176354896815,-0.16178126779065174,-0.014112001244368332,-0.14604452404968854,-0.24443479686224967,-0.2268985651558015,-0.1057996600977437,-0.17569171757968377,-0.11262158582710038,-0.2706308534001813,1.101762687619266,-0.6418131497883105,1.6937567361306989,-0.6467845920628796,-1.022649264569533,1.022649264569533
-0.13404037738952465,-0.17071602505351013,-0.16616557919730296,-0.23177279522602298,-0.20566493449181603,-0.125067328565795,-0.23087940004848048,-0.1129955071713765,-0.1653589332440026,-0.15374493508328899,-0.15923463159248005,-0.08722758186226205,1.101762687619266,1.5580858702097802,-0.5904035559937899,-0.6467845920628796,-1.022649264569533,1.022649264569533
-0.19589216415178726,-0.10525280154120187,-0.12779120846115566,-0.20071179061443525,-0.2408618798229714,-0.25336608219492085,-0.15457452512992176,-0.1373755381495109,-0.1812635699164788,-0.3943744709603152,-0.23148248379997277,-0.057331536504399434,-0.9076364731145878,-0.6418131497883105,1.6937567361306989,-0.6467845920628796,0.9778523631178014,-0.9778523631178014
-0.09889905922629981,-0.13647250601759187,-0.15899294642820028,-0.18130154078460003,-0.0932395564863847,-0.15389243020276575,-0.23932686141776105,-0.19678781654850006,-0.1318570779063417,-0.17043343878061218,-0.11864476784334674,-0.25124654215278125,1.101762687619266,1.5580858702097802,-0.5904035559937899,-0.6467845920628796,-1.022649264569533,1.022649264569533
4.542643093544839,4.231801322742646,2.675846950346194,4.554527563154642,3.4433046460149996,4.3212708569438325,1.3355873482481373,5.81048588090833,4.189229290600711,7.378632893884651,5.829418018007975,5.057772504601495,-0.9076364731145878,1.5580858702097802,-0.5904035559937899,-0.6467845920628796,0.9778523631178014,-0.9778523631178014
-0.13239037336179588,-0.19253860842098378,-0.16142173880581936,-0.18490621412644673,-0.08591403123438163,-0.14724856627972793,-0.24848566410883627,-0.20902256545258988,-0.1379309316039654,-0.18270691433809466,-0.20428279436524313,-0.2531222223500831,1.101762687619266,-0.6418131497883105,-0.5904035559937899,1.546109805755517,-1.022649264569533,1.022649264569533
-0.138380895209789,-0.2427937130451415,-0.17025104877098649,-0.198509562625507,-0.10444101905413866,-0.13290381402924262,-0.25245789218780357,-0.2129432626540475,-0.1571109238733962,-0.17835410886506647,-0.1196182717062896,-0.23127074673128695,-0.9076364731145878,-0.6418131497883105,-0.5904035559937899,-0.6467845920628796,-1.022649264569533,1.022649264569533
-0.4209622698033012,-0.7067464544341651,-0.10746193577126649,0.05053834677075957,-0.4507306606386863,-0.5892012846674605,0.23468973168847077,0.2708183266467866,-0.46303509925730335,-0.12850407494696178,-0.0019663417756163584,0.18193193082033746,-0.9076364731145878,1.5580858702097802,-0.5904035559937899,-0.6467845920628796,-1.022649264569533,1.022649264569533
-0.16667859586221528,-0.20276224477354654,-0.1489632313059389,-0.12499850993806315,-0.09544544182324734,-0.1522414650877385,-0.22948419585634522,-0.24278242009457282,-0.1843954115556846,-0.17986202086879627,-0.13443796376491707,-0.2356821365537284,1.101762687619266,-0.6418131497883105,-0.5904035559937899,1.546109805755517,0.9778523631178014,-0.9778523631178014
-0.12498972935032411,-0.2954731870794277,-0.15847455672267627,-0.1925885186722963,-0.11646142968083958,-0.15095627428915226,-0.24129503667804467,-0.20217877843555104,-0.15359728811003362,0.1298404201860337,-0.08111588093291405,-0.2153578839037746,1.101762687619266,1.5580858702097802,-0.5904035559937899,-0.6467845920628796,0.9778523631178014,-0.9778523631178014
-0.18986952441133617,-0.18971588650670462,-0.13577127605477832,-0.21981142961731356,-0.26885330743957986,-0.1549963473170507,-0.17995102216671008,-0.13886090724087713,-0.22897861454576052,-0.18400181861120948,-0.18142710042135413,-0.039484318594384456,-0.9076364731145878,-0.6418131497883105,-0.5904035559937899,-0.6467845920628796,-1.022649264569533,1.022649264569533
-0.19194970214940565,-0.04802712559161324,-0.15367611255555322,-0.11587280691990604,-0.18163893993549313,-0.18808918479190523,-0.18301140953668935,-0.10733222381128744,-0.2692694859883527,-0.16994658507339572,-0.16202278301867715,-0.16181322615310048,-0.9076364731145878,-0.6418131497883105,1.6937567361306989,-0.6467845920628796,-1.022649264569533,1.022649264569533
-0.14383966283070576,-0.1346166747689061,-0.1570149252266538,-0.20090069060500096,-0.11034529350418681,-0.10769704711420522,-0.24331159749630368,-0.17460753441984367,-0.13448822131609195,-0.16273275205563076,-0.2154654174132487,-0.17161642241663785,1.101762687619266,-0.6418131497883105,1.6937567361306989,-0.6467845920628796,-1.022649264569533,1.022649264569533
-0.18229284730877757,-0.18709125932791548,-0.14697459643750016,-0.17813448606836652,-0.2562980694214672,-0.15203074681071452,-0.19851173215424187,-0.16042711562109715,-0.21604995984046918,-0.1799977425596916,-0.2646273955388931,-0.09241587609337003,-0.9076364731145878,-0.6418131497883105,1.6937567361306989,-0.6467845920628796,0.9778523631178014,-0.9778523631178014
-0.15463621822421555,-0.15018106648962784,-0.14228200398033292,-0.1545975690353334,-0.1270567646411982,-0.16692480806464696,-0.23086604184544285,-0.24961145350846808,-0.11056588367340006,-0.166358238440123,-0.11637137068868712,-0.19752165158024518,1.101762687619266,1.5580858702097802,-0.5904035559937899,-0.6467845920628796,0.9778523631178014,-0.9778523631178014
-0.15431129959573386,-0.15700948888257504,-0.15477220903827255,-0.1806943815154886,-0.09810393865734296,-0.18317697476527325,1.5661738414778676,-0.19964098552089402,-0.11490894286960524,-0.17700034762914932,-0.24092921623304436,-0.21866918787800724,1.101762687619266,1.5580858702097802,-0.5904035559937899,-0.6467845920628796,0.9778523631178014,-0.9778523631178014
-0.11155577787196805,-0.1870260661566559,-0.14473809672519478,-0.1710255774369401,-0.19315016230192963,-0.1649455359667405,-0.23144080506077003,-0.1967544979344564,-0.12036700238604706,-0.17320269829648852,-0.15066019087294685,-0.1785887600148441,1.101762687619266,-0.6418131497883105,-0.5904035559937899,1.546109805755517,0.9778523631178014,-0.9778523631178014
-0.17334795543871984,-0.23293906950570709,-0.14233887217443103,-0.20528548159173568,-0.25962105831315163,-0.17968218781158632,-0.1929838732589999,-0.17936806747249268,-0.17940212931501473,-0.40043886780883564,-0.16554019418181562,-0.08523149793414518,-0.9076364731145878,1.5580858702097802,-0.5904035559937899,-0.6467845920628796,0.9778523631178014,-0.9778523631178014
-0.1118087749251691,-0.1431389803647935,-0.16076554975374094,-0.1486452809226223,-0.09337123759182389,-0.2135068357505587,-0.23365124664728926,-0.25683781101959846,-0.15918651634476494,-0.16964798308266252,-0.17886300520874596,-0.2636941895044967,-0.9076364731145878,-0.6418131497883105,1.6937567361306989,-0.6467845920628796,0.9778523631178014,-0.9778523631178014
-0.14358228104668735,-0.1802631915008765,-0.1521774024740509,-0.15216976467734358,-0.05031274012915158,-0.18181760938169814,-0.23344721283276867,-0.2516253114639741,-0.15126869359913733,-0.1649217951543754,-0.21455761190578634,-0.254804640490714,-0.9076364731145878,-0.6418131497883105,-0.5904035559937899,1.546109805755517,-1.022649264569533,1.022649264569533
-0.23297052712268,-0.17380705146596634,-0.13225984265468368,-0.22637092757732846,-0.2219716424113521,-0.17771025432149723,-0.15648102434670982,-0.09710462687351705,-0.19483459724615523,-0.1485550972655859,-0.15167836402716117,0.014556945674488198,-0.9076364731145878,1.5580858702097802,-0.5904035559937899,-0.6467845920628796,0.9778523631178014,-0.9778523631178014
-0.2049351810237338,-0.1770205105370756,-0.13482136580753612,-0.13106614218538684,-0.22186702282412776,-0.17773826637583626,-0.1693510584663137,-0.11212784013519517,-0.2007929078976928,-0.17453676446838687,-0.16708600737790677,-0.11774611273043357,-0.9076364731145878,1.5580858702097802,-0.5904035559937899,-0.6467845920628796,0.9778523631178014,-0.9778523631178014
-0.19026287576843423,-0.1752781037499913,-0.12627736763422867,-0.17940904416221104,-0.20637186644287495,-0.1972972008287283,-0.1528824449896222,-0.09732351032269695,-0.23261234414303583,-0.15950907666270522,-0.13358735917863082,-0.08887171458911189,-0.9076364731145878,-0.6418131497883105,-0.5904035559937899,1.546109805755517,-1.022649264569533,1.022649264569533
-0.1932871954452144,-0.231637906723056,-0.132890436735083,-0.20136792572889287,-0.2834973344291297,-0.22670745245423957,-0.16285764897305913,-0.1564598442727119,-0.20557160055490803,-0.18865782057432096,-0.14747881137687727,-0.03470621666738674,-0.9076364731145878,-0.6418131497883105,-0.5904035559937899,1.546109805755517,-1.022649264569533,1.022649264569533
-0.14705936855293983,-0.06950264944100396,-0.15723591041684878,-0.12792896895084488,-0.12067300832195364,-0.1529193499606893,-0.2172371608069707,-0.2430268826726653,-0.16600445874449832,-0.17080391087630478,-0.21930505562391978,-0.21893369720066305,1.101762687619266,1.5580858702097802,-0.5904035559937899,-0.6467845920628796,-1.022649264569533,1.022649264569533
-0.16770130747091672,-0.1594621041504286,-0.15023317689681998,-0.19367804174233033,-0.1884456446936865,-0.16988220544383473,-0.21111160216778027,-0.18331263673213558,-0.2834430480016179,-0.17450474062114563,-0.19435007424837267,-0.14430698492318744,-0.9076364731145878,-0.6418131497883105,-0.5904035559937899,1.546109805755517,0.9778523631178014,-0.9778523631178014
-0.17643684569469972,-0.24615724499179562,-0.14899797836904982,-0.2029460615430137,-0.16018947951405327,-0.1639272948178775,-0.24814537860538086,-0.17676346044251187,-0.20337526931642927,-0.19507042014524834,-0.1835602898620159,-0.23093368333182976,-0.9076364731145878,-0.6418131497883105,-0.5904035559937899,1.546109805755517,-1.022649264569533,1.022649264569533
-0.21387864568556952,-0.1959893333088346,-0.13436370900169936,-0.21071907932247827,-0.2086033652135809,-0.1634742839987602,-0.17530400167167073,-0.09842124849515609,-0.19765417126534657,-0.14959576875501268,-0.10502534665889258,-0.025855886013492643,-0.9076364731145878,-0.6418131497883105,-0.5904035559937899,1.546109805755517,-1.022649264569533,1.022649264569533
-0.1743836919342249,-0.16417774303057028,-0.1553535152238046,-0.13322580721062804,-0.08210651261368479,-0.1313981141379283,-0.2362799857711471,-0.22518868267279338,-0.1745972590927372,-0.17817190706676717,-0.23956514901964948,-0.27749178927900275,1.101762687619266,1.5580858702097802,-0.5904035559937899,-0.6467845920628796,0.9778523631178014,-0.9778523631178014
-0.12550241200951867,-0.11491025002913784,-0.17025746278838186,0.6715502331290203,-0.6063554278143104,-1.0190831990156568,1.5815344485228409,-0.17357609841964244,-0.809223833122739,-0.18644335971157913,0.39303040109981474,-0.37139008094977416,-0.9076364731145878,1.5580858702097802,-0.5904035559937899,-0.6467845920628796,-1.022649264569533,1.022649264569533
-0.1631277279328042,-0.18492914714298672,-0.14559195885786783,-0.1654637558704845,-0.11083688342231442,-0.14001909155201372,-0.2338527854098661,-0.184911402339196,-0.13003938903551374,-0.16602275933902716,-0.2121151150435412,-0.17904347576101673,1.101762687619266,-0.6418131497883105,-0.5904035559937899,1.546109805755517,0.9778523631178014,-0.9778523631178014
-0.13866280121530544,-0.15218888025227004,-0.1514654147722571,-0.2045058202460372,-0.14118978268176446,-0.1891114290939802,-0.23579344673990663,-0.2098121898696657,-0.15457615870571373,-0.17848765970440184,-0.13663982448488965,-0.21689291797126395,1.101762687619266,-0.6418131497883105,-0.5904035559937899,-0.6467845920628796,0.9778523631178014,-0.9778523631178014
-0.0921075392713086,-0.18291507735226722,-0.1527811050470642,-0.16789425441089606,-0.08970349936162098,-0.19342818177884002,-0.2421284224966188,-0.2141346132560479,-0.15338561164718859,-0.17124498023985804,-0.27594508787526734,-0.2725282227667193,1.101762687619266,1.5580858702097802,-0.5904035559937899,-0.6467845920628796,-1.022649264569533,1.022649264569533
-0.11343374862081967,-0.1592195573191007,-0.18090847036466748,-0.18819782746775082,-0.13572994270754318,-0.1943752367532946,-0.2553157407725953,-0.22077328983624614,-0.16584108578572979,-0.18218515529364934,-0.1884535964917443,-0.2544325143220245,1.101762687619266,-0.6418131497883105,1.6937567361306989,-0.6467845920628796,-1.022649264569533,1.022649264569533
-0.19536840286483068,-0.2150048598064566,-0.13175789736915217,-0.19168864860982346,-0.2223416383628082,-0.14922293538096854,-0.17173854094990745,-0.07268568368442707,-0.19743200895440904,-0.15213850411584842,-0.1291432651281093,-0.0846187004880415,-0.9076364731145878,-0.6418131497883105,1.6937567361306989,-0.6467845920628796,-1.022649264569533,1.022649264569533
-0.1739624454488049,-0.23043018103613183,-0.13779124801855608,-0.1827984229383273,-0.2283794388045666,-0.15409896367976314,-0.1842990972525467,-0.06335996413010231,-0.2132696656289128,-0.15241877160243025,-0.10189152360401031,-0.10916936073277148,-0.9076364731145878,1.5580858702097802,-0.5904035559937899,-0.6467845920628796,-1.022649264569533,1.022649264569533
-0.2125985232988869,-0.21828191664024385,-0.13748918674752114,-0.17390207478633937,-0.25832160399912285,-0.17524146235588645,-0.17346682091708698,-0.11695614473083449,-0.1895511778044952,-0.18672708678391534,-0.22714324372040245,-0.06640722007548377,-0.9076364731145878,-0.6418131497883105,-0.5904035559937899,-0.6467845920628796,0.9778523631178014,-0.9778523631178014
-0.11691154484390713,-0.057500814266267325,-0.15556180432054778,-0.20309221218946183,-0.08663915639844488,-0.1086169847852794,-0.25086295975451134,-0.19578411870326606,-0.10275101975755425,-0.17398846912836866,-0.1867587336990967,-0.23784964576488976,1.101762687619266,-0.6418131497883105,-0.5904035559937899,1.546109805755517,0.9778523631178014,-0.9778523631178014
0.1394272339578709,-0.18872667631360196,-0.15567121178023752,-0.16712803292750397,0.001207792771381967,-0.3205148773928816,-0.22186673229867174,-0.6452141423697715,-0.15728888686524206,-0.1591935253367285,-0.2076237707795769,-0.8121819655944065,1.101762687619266,-0.6418131497883105,1.6937567361306989,-0.6467845920628796,-1.022649264569533,1.022649264569533
-0.17877970963967982,-0.11239622602734829,-0.13808018870488617,-0.20620358912322823,-0.19121258111777376,-0.21091825018966387,-0.17832391798601252,-0.12672134138438657,-0.22038804296642897,-0.16353488972311375,-0.15864644644774936,-0.07022458276003138,-0.9076364731145878,-0.6418131497883105,-0.5904035559937899,1.546109805755517,0.9778523631178014,-0.9778523631178014
-0.17965711126198888,-0.10056534639120676,-0.14051474218478008,-0.16683417165964587,-0.2531676108388777,-0.206034998166758,-0.19276057998975135,-0.1134521416985283,-0.264847684315377,-0.15191538674737085,-0.1050295702729113,0.04385691414586059,-0.9076364731145878,-0.6418131497883105,-0.5904035559937899,1.546109805755517,-1.022649264569533,1.022649264569533
-0.12055959764179457,-0.18332226056979595,-0.1677511175816904,-0.13121339503449017,-0.09491625005041979,-0.25491652830952505,0.8227843021582877,-0.272415025838807,-0.18587298009927203,-0.17242582716214905,-0.18086880330619712,-0.21985705294212224,1.101762687619266,-0.6418131497883105,-0.5904035559937899,1.546109805755517,-1.022649264569533,1.022649264569533
-0.20700002686940938,-0.2539039445748335,-0.1437763612243948,-0.1575190209427771,-0.26592130678482556,-0.16642264076604832,5.0631397473298225,-0.13032058414874095,-0.25019294112363494,-0.20267946523791794,-0.21296974201302707,-0.09741151174241124,-0.9076364731145878,1.5580858702097802,-0.5904035559937899,-0.6467845920628796,0.9778523631178014,-0.9778523631178014
-0.10826302758782122,-0.22246191314397598,-0.16336107173469494,-0.1824290337313136,-0.16249882090120693,-0.18695766684180434,-0.2358419238894056,-0.19456120103026495,-0.17194617040186128,-0.19039570012920745,-0.112335366343196,-0.22191374065399583,1.101762687619266,-0.6418131497883105,-0.5904035559937899,-0.6467845920628796,-1.022649264569533,1.022649264569533
-0.1921365314245362,-0.07575949173536493,-0.13178429426706084,-0.22088178559593977,-0.24500338581422973,-0.22880080300456224,-0.17914353506229724,-0.12519449502494523,-0.2174334883674097,-0.18074692049632665,-0.09801480341225652,-0.020656761851135377,-0.9076364731145878,-0.6418131497883105,-0.5904035559937899,1.546109805755517,-1.022649264569533,1.022649264569533
-0.17221368152777258,-0.16407762245276766,-0.16211723348280077,-0.21499887856769834,-0.09740520246403732,-0.12786975669067097,-0.24305017786754413,-0.18991504972038706,-0.16394871449531687,-0.18906901926461914,-0.21205389026415344,-0.2196884707144915,1.101762687619266,-0.6418131497883105,-0.5904035559937899,1.546109805755517,-1.022649264569533,1.022649264569533
-0.2188022076133737,-0.16970336032109476,-0.13218395278069076,-0.21090396525593436,-0.30241729649439153,-0.18373964266071122,-0.1665838500974319,-0.17063845160528657,-0.19529530223582986,-0.18016004333996125,-0.16001001194519707,0.02096573200641537,-0.9076364731145878,-0.6418131497883105,1.6937567361306989,-0.6467845920628796,0.9778523631178014,-0.9778523631178014
-0.11509816573647891,-0.18069805186675453,-0.1521616153938764,-0.21313072231637625,-0.11687406352167942,-0.199894423332954,-0.22884560330205697,-0.19490255431571604,-0.15709945662621438,-0.17112070790160683,-0.0915337127819115,-0.19474096643213595,1.101762687619266,1.5580858702097802,-0.5904035559937899,-0.6467845920628796,-1.022649264569533,1.022649264569533
-0.1834314833442754,-0.05242951802685977,-0.1312334598285168,-0.1792830965912275,-0.1848276488720117,-0.19631874611632272,-0.16351150744126833,-0.1435203640614379,-0.2059150472710762,-0.17155303458438564,-0.21754291690923766,-0.03627595263835877,-0.9076364731145878,1.5580858702097802,-0.5904035559937899,-0.6467845920628796,0.9778523631178014,-0.9778523631178014
-0.17192225684646303,-0.22045322770562753,-0.1371378767073018,-0.21307068780246635,-0.13548607236213944,-0.21593884712311426,-0.17401949607622255,-0.10569383348306301,-0.2286643394586178,-0.1400234034299208,-0.19150370185723561,-0.08016994630192628,-0.9076364731145878,-0.6418131497883105,1.6937567361306989,-0.6467845920628796,0.9778523631178014,-0.9778523631178014
9.379705553303202,-0.09405568814552953,-0.15679966020999433,-0.1918307794899266,-0.16563661218363065,-0.13081844439090223,-0.22886785365406376,-0.1742984893180183,-0.1441244448480806,-0.1495455416443823,-0.11237514650741039,-0.19422091923222384,1.101762687619266,-0.6418131497883105,-0.5904035559937899,1.546109805755517,0.9778523631178014,-0.9778523631178014
-0.1965848200160954,-0.17667082026179545,-0.1391333943754198,-0.1687096119934651,-0.2633981324062485,-0.1919782533623982,-0.17706868504264542,-0.15697438133064104,-0.20302040351815706,-0.18402146771094738,-0.09896840626248037,-0.08274729014669284,-0.9076364731145878,-0.6418131497883105,1.6937567361306989,-0.6467845920628796,-1.022649264569533,1.022649264569533
-0.15675506803916622,-0.2042150042037518,-0.1457466391065589,-0.19733655005607165,-0.19690664431602461,-0.12040331331748175,-0.2058878543663862,-0.08818002175773701,-0.22484900267386113,-0.1736012245509809,-0.17866413297668907,-0.06087130182097566,-0.9076364731145878,1.5580858702097802,-0.5904035559937899,-0.6467845920628796,-1.022649264569533,1.022649264569533
-0.21792975716677213,-0.15198165329119398,-0.13625466090651972,-0.15740817166086954,-0.195054621364944,-0.1457583690048175,-0.177067071454142,-0.10902533125165699,-0.19526792884197428,-0.16486989777236571,-0.05276508029733801,-0.1023072684238592,-0.9076364731145878,-0.6418131497883105,1.6937567361306989,-0.6467845920628796,0.9778523631178014,-0.9778523631178014
-0.10256152121490131,-0.13810923227367294,-0.16555955602946718,-0.20972879252212293,-0.07794906825650598,-0.13243509167809903,-0.2518391343267396,-0.18305796835091082,-0.12166254122054934,-0.16632900993804833,-0.11287470537020589,-0.253178840665799,1.101762687619266,1.5580858702097802,-0.5904035559937899,-0.6467845920628796,0.9778523631178014,-0.9778523631178014
-0.15581745787752643,-0.16638305564367037,-0.14485287137949862,-0.16738257269678142,-0.1681702030961178,-0.17545765760205906,-0.20021477259728687,-0.129843161993364,-0.23532445255407297,-0.17535925609236086,-0.14286197402485656,-0.15605109742888953,-0.9076364731145878,1.5580858702097802,-0.5904035559937899,-0.6467845920628796,0.9778523631178014,-0.9778523631178014
-0.2071453678406366,-0.15242673254736042,-0.12822041810283416,-0.26865764875597775,-0.2842271817788937,-0.21713951814038626,-0.15360856048163438,-0.10926954621046615,-0.19247531308707772,-0.16239578195916168,-0.10649093722626145,0.0637541255173934,-0.9076364731145878,1.5580858702097802,-0.5904035559937899,-0.6467845920628796,0.9778523631178014,-0.9778523631178014
-0.16392937411454037,-0.23735978932509752,-0.12752245523610045,-0.21390414918228007,-0.20548625615417854,-0.21385636382985876,-0.173699484320879,-0.10571646562236169,-0.21998774790094713,-0.16874469428169178,-0.18123207680464215,-0.05795895374689168,-0.9076364731145878,-0.6418131497883105,1.6937567361306989,-0.6467845920628796,0.9778523631178014,-0.9778523631178014
-0.11487990969685632,-0.16293767347799212,-0.16616305182464855,-0.13820000774410807,-0.11940255265754435,-0.18265453030282405,1.5645162765754776,-0.22780371197421212,-0.16959711417713144,-0.19251341249354104,-0.21807649547725386,-0.27177340008286566,1.101762687619266,-0.6418131497883105,-0.5904035559937899,1.546109805755517,-1.022649264569533,1.022649264569533
-0.31261761283917533,-0.23818224235376673,-0.15130419421611213,-0.13172938241523555,-0.25567245588936544,-0.18657650030912246,0.9404781264547292,-0.14611621784657244,-0.22910834569682603,-0.1782454070082098,-0.1493264241540146,-0.12605399280786156,-0.9076364731145878,-0.6418131497883105,1.6937567361306989,-0.6467845920628796,-1.022649264569533,1.022649264569533
-0.21917705625739786,-0.17559483252902988,-0.16126813105609444,-0.15955612646410092,-0.11758340638807496,-0.16784144228275547,-0.24748204021869044,-0.16771699564986592,-0.13754782006264243,-0.15863960416853012,-0.29935398263920804,-0.1297792995782229,1.101762687619266,-0.6418131497883105,-0.5904035559937899,1.546109805755517,0.9778523631178014,-0.9778523631178014
-0.11802508035495486,-0.17338669962871142,-0.1562213238736752,-0.16364634500451022,-0.07977300118190891,-0.24239723483508646,-0.2298185414570546,-0.26442065330961406,-0.12152195774136564,-0.17345506154877163,-0.18612799020489212,-0.2665544119394786,1.101762687619266,-0.6418131497883105,-0.5904035559937899,-0.6467845920628796,-1.022649264569533,1.022649264569533
-0.5361352777468607,-0.12222166524977922,-0.13276733170178226,-0.1937087666712683,-0.24512617913149767,-0.1813372479338763,-0.16153645472697326,-0.11758085835387098,-0.1933063106475226,-0.17189984728485525,-0.22049961721909594,-0.05075383605522238,-0.9076364731145878,-0.6418131497883105,-0.5904035559937899,-0.6467845920628796,0.9778523631178014,-0.9778523631178014
-0.12501908922393015,-0.1523051611693954,-0.15804510178888337,-0.16469536730698553,-0.23244248435641227,-0.215828504253041,-0.2075266744370205,-0.23738307589785212,-0.13226443732925755,-0.14937634539057462,-0.27946723834297565,-0.2423890655954892,1.101762687619266,1.5580858702097802,-0.5904035559937899,-0.6467845920628796,0.9778523631178014,-0.9778523631178014
-0.1508763050267003,-0.21329946646817607,-0.14440627819633353,-0.14606517106682784,-0.13308292012683584,-0.1357892855877296,-0.22531448264885556,-0.23608694789227272,-0.16535177430386724,-0.1995501204450158,-0.20723138013211456,-0.22670476195477604,1.101762687619266,1.5580858702097802,-0.5904035559937899,-0.6467845920628796,0.9778523631178014,-0.9778523631178014
-0.19845445931915168,-0.11769597340646465,-0.1407765149876745,-0.20151963965128755,-0.21455573301500244,-0.12285983198263703,-0.1913219271901061,-0.088770915835341,-0.20566757154947993,-0.1634951476007862,-0.15732648444536554,-0.060839921111281,-0.9076364731145878,-0.6418131497883105,1.6937567361306989,-0.6467845920628796,0.9778523631178014,-0.9778523631178014
-0.18664385744369147,-0.2077568042673246,-0.15013348860056772,-0.1988437671640795,-0.23283246813115255,-0.15731022727463223,-0.19733753282447478,-0.13735947568434845,-0.23161144495289562,-0.1952775520295226,-0.16527923896795357,-0.07033411616253699,-0.9076364731145878,1.5580858702097802,-0.5904035559937899,-0.6467845920628796,0.9778523631178014,-0.9778523631178014
6.354140963137281,4.3463983365169,1.3675067468743263,5.407168294584564,6.0066917033842335,7.5493946528105536,1.2481777553306757,5.264371930087314,4.158292080979113,3.687223480066917,6.8547490102818465,6.544415619641032,1.101762687619266,-0.6418131497883105,-0.5904035559937899,1.546109805755517,0.9778523631178014,-0.9778523631178014
-0.26671293377863814,-0.1702072786802915,-0.1446616033268825,-0.1570073039858327,-0.218019628387876,-0.11744960572712176,-0.19536670683552335,-0.13074374562702504,-0.116313165896258,-0.18314605570187212,-0.2551854035343712,-0.10610596572130593,-0.9076364731145878,-0.6418131497883105,-0.5904035559937899,1.546109805755517,-1.022649264569533,1.022649264569533
-0.20128243549586694,-0.12227171928056786,-0.13056357049479658,-0.15645046153844613,-0.24274310201815258,-0.17948576946862072,-0.1668408724895776,-0.12239503104694484,-0.19384272160139732,-0.16545165843211532,-0.19353900386863432,-0.0877179296210389,-0.9076364731145878,1.5580858702097802,-0.5904035559937899,-0.6467845920628796,-1.022649264569533,1.022649264569533
-0.16166662649464145,-0.16339152160808226,-0.13034694261600469,-0.22896712165534328,-0.20479157047792196,-0.23621780756204536,-0.16657867839107673,-0.11130968994569357,-0.21743874959178,-0.16478176825760085,-0.29277312036957215,-0.0005772586394617951,-0.9076364731145878,1.5580858702097802,-0.5904035559937899,-0.6467845920628796,-1.022649264569533,1.022649264569533
-0.19989877167164902,-0.1375181771929124,-0.14360939039801088,-0.16236840466353958,-0.14188110591426634,-0.11035960465353883,-0.1935942557616345,-0.0904682562499927,-0.2525289467414806,-0.13900461686335253,-0.1947423645390141,-0.10076876825720618,-0.9076364731145878,1.5580858702097802,-0.5904035559937899,-0.6467845920628796,-1.022649264569533,1.022649264569533
-0.2205078515682326,-0.20203058252115114,-0.1415889199953223,-0.15194053400884086,-0.23134587286690467,-0.1543794815040898,-0.18369558692697807,-0.11904317855233795,-0.24482465473967643,-0.1707115410749231,-0.2766922624678767,-0.0725539345420506,-0.9076364731145878,1.5580858702097802,-0.5904035559937899,-0.6467845920628796,0.9778523631178014,-0.9778523631178014
-0.15055415257822907,-0.1560418887723102,-0.15265256471356084,-0.1726505183408134,-0.09944723021522775,-0.1251012504691546,-0.2253074725006137,-0.17255115793678918,-0.1266698831727641,-0.13547187227250443,-0.20840505236477275,-0.20013087501809507,1.101762687619266,-0.6418131497883105,-0.5904035559937899,1.546109805755517,-1.022649264569533,1.022649264569533
-0.15189441438720627,-0.2071469743367038,-0.14833196407354932,-0.09611736870374671,-0.06927279271300156,-0.19202978314983712,-0.22910978794578377,-0.27811353014361984,-0.16985015390980146,-0.1920906793296428,-0.1593317427928876,-0.2968080151395537,1.101762687619266,-0.6418131497883105,-0.5904035559937899,1.546109805755517,0.9778523631178014,-0.9778523631178014
-0.1969781306873609,-0.1327638058978309,-0.1456447396126104,-0.0857917929665893,-0.1593693909773936,-0.050155871320834954,-0.21311811656066812,-0.10890179833657981,-0.22533229736618549,-0.15121178558884568,-0.23054123214195074,-0.17190628549839607,-0.9076364731145878,1.5580858702097802,-0.5904035559937899,-0.6467845920628796,0.9778523631178014,-0.9778523631178014
-0.15500131809557122,-0.23236916254869644,-0.13764723372298027,-0.20827182062698457,-0.16395273022680967,-0.21818541699591693,-0.19083943588194957,-0.134469817620415,-0.25522065937577293,-0.15867570661125663,-0.24927215162798178,-0.08557500601972712,-0.9076364731145878,-0.6418131497883105,-0.5904035559937899,1.546109805755517,0.9778523631178014,-0.9778523631178014
-0.20081974279454567,-0.14432362721884937,-0.14552130364315635,-0.10149218811756482,-0.21528000322556162,-0.1576449453675763,-0.18207901924650394,-0.10375477199703101,-0.20210189988922905,-0.18660844302476556,-0.21645940950215586,-0.14048139131048745,-0.9076364731145878,-0.6418131497883105,-0.5904035559937899,1.546109805755517,0.9778523631178014,-0.9778523631178014
-0.17526388365490236,-0.2782637674505381,-0.14198289327210012,-0.18305515065221178,-0.1922533643389627,-0.26037978430664277,-0.17811897284595385,-0.12879053853263342,-0.2501447034877407,-0.18206992220600696,-0.24243803046523427,-0.12173057794313796,-0.9076364731145878,1.5580858702097802,-0.5904035559937899,-0.6467845920628796,0.9778523631178014,-0.9778523631178014
-0.1461567069585267,-0.1882676810757203,-0.15130130467168967,-0.18138082327222327,-0.15798420960021764,-0.14705899619636367,-0.22090865863811368,-0.20582394128529768,-0.1726476281245484,-0.17567521225725372,-0.21803379618906407,-0.1781549968282409,1.101762687619266,-0.6418131497883105,1.6937567361306989,-0.6467845920628796,-1.022649264569533,1.022649264569533
-0.1618372230248007,-0.15682007414015414,-0.1499408944506731,-0.21806962174629832,-0.15422743187930862,-0.1527110179502707,-0.22353939980847917,-0.20021477338329352,-0.16506034588972385,-0.171869891606614,-0.16061970167976616,-0.12382478170651919,1.101762687619266,1.5580858702097802,-0.5904035559937899,-0.6467845920628796,0.9778523631178014,-0.9778523631178014
-0.13230739160331484,-0.179956146285239,-0.15169208769598116,-0.11865581949825275,-0.0803183009048891,-0.2307360104847413,-0.22978347239793073,-0.2814448258439573,-0.16354094917307957,-0.19182245972842926,-0.1984144288035976,-0.29815877394841617,1.101762687619266,-0.6418131497883105,1.6937567361306989,-0.6467845920628796,0.9778523631178014,-0.9778523631178014
-0.1539860982446771,-0.2578299435234172,-0.13605459334879588,-0.2065402347719353,-0.21118111389283026,-0.21977276228941287,-0.17706081584163802,-0.10839494305087359,-0.20729322369985678,-0.17128180892629433,-0.24092330654172933,-0.09037672249923144,-0.9076364731145878,-0.6418131497883105,-0.5904035559937899,1.546109805755517,-1.022649264569533,1.022649264569533
-0.18669094928349342,-0.1753136318513826,-0.14474331118494813,-0.15093536404683697,-0.1784227356867366,-0.2063003940917512,-0.21716983697478828,-0.11982395651458404,-0.2524269344044775,-0.1743173303309601,-0.1356578913860227,-0.19431199520707132,-0.9076364731145878,-0.6418131497883105,1.6937567361306989,-0.6467845920628796,0.9778523631178014,-0.9778523631178014
-0.23589260562918576,-0.23152692464641442,-0.1351076689529475,-0.09540789346733737,-0.1929149509546147,-0.13210002417547365,-0.1719882775209966,-0.09582376826747659,-0.1754881387069338,-0.16657610238135545,-0.14817379056059177,-0.14996051755669104,-0.9076364731145878,1.5580858702097802,-0.5904035559937899,-0.6467845920628796,0.9778523631178014,-0.9778523631178014
-0.11960303760684127,-0.11905364580987371,-0.15511238302548122,-0.21013192024562818,-0.11135289617124487,-0.13151188611418274,-0.24035175287548258,-0.18779809578473355,-0.10869207748503419,-0.1678115416388798,-0.23153890211642134,-0.19515563482885245,1.101762687619266,-0.6418131497883105,-0.5904035559937899,1.546109805755517,-1.022649264569533,1.022649264569533
-0.13459782438701495,-0.11377350275085217,-0.1529801183155985,-0.08990466876909492,-0.04773200210447404,-0.20321855364425373,-0.23907058608494255,-0.29619618965873107,-0.13841524374087655,-0.20355096754218885,-0.03229287855275075,-0.30120926913890617,1.101762687619266,-0.6418131497883105,-0.5904035559937899,-0.6467845920628796,0.9778523631178014,-0.9778523631178014
-0.1046974152036998,-0.28369700150387955,-0.15401242062978518,-0.14225141384768641,-0.09019009469820459,-0.21238451687161708,-0.2352090944620996,-0.25195632219506614,-0.12678954718745675,-0.1673637645924147,-0.15053321362080493,-0.2813754139484284,1.101762687619266,-0.6418131497883105,-0.5904035559937899,1.546109805755517,0.9778523631178014,-0.9778523631178014
-0.1450806709907988,-0.22772872017850176,-0.15376534531819686,-0.09765571622374059,-0.08671094644027674,-0.18421741228514762,-0.24652181744533574,-0.2812097461061317,-0.1559840643615373,-0.1808986713876835,-0.268347661584553,-0.27229573836478893,1.101762687619266,-0.6418131497883105,-0.5904035559937899,1.546109805755517,-1.022649264569533,1.022649264569533
-0.16695557317795004,-0.06567097543446321,-0.13950286034933398,-0.19359865755971203,-0.2798642018168477,-0.18487807349335098,-0.18286960101704908,-0.12080017833302044,-0.23795888995883493,-0.17046987726546453,-0.1727200426428523,0.01654898600963251,-0.9076364731145878,1.5580858702097802,-0.5904035559937899,-0.6467845920628796,-1.022649264569533,1.022649264569533
-0.1562027235449652,-0.18788864190622948,-0.13452234477337707,-0.2519520352011589,-0.2101269043185669,-0.18468811696840415,-0.1810159990850895,-0.05559113471610969,-0.25162753620513995,-0.14419653612477606,-0.21658341141989956,-0.01716286611840274,-0.9076364731145878,-0.6418131497883105,-0.5904035559937899,1.546109805755517,-1.022649264569533,1.022649264569533
-0.15767801758307243,-0.2529846909732299,-0.1424108147494936,-0.18164670349454967,-0.20201238948154768,-0.18068317440213955,-0.1915294533259763,-0.07971085406015828,-0.2186689291842279,-0.16292219044459672,-0.1441976547042009,-0.05924034792323636,-0.9076364731145878,-0.6418131497883105,-0.5904035559937899,1.546109805755517,-1.022649264569533,1.022649264569533
-0.08307741989940322,-0.21246904330200642,10.184300332333201,-0.13423666138494506,-0.10040902383663058,-0.20364623295944329,-0.22514583617030826,-0.26688176705014943,-0.11861485337499349,-0.18029832936119689,-0.34951039855178095,-0.2877640801563481,1.101762687619266,1.5580858702097802,-0.5904035559937899,-0.6467845920628796,0.9778523631178014,-0.9778523631178014
-0.1801564388672618,-0.1160555466869936,-0.1355728460601996,-0.18259466837419336,-0.19997005252266392,-0.18045801476461487,-0.1710932135697457,-0.11618757413028646,-0.20247098977514094,-0.1787574300965677,-0.22609161900350913,-0.10022846920558952,-0.9076364731145878,1.5580858702097802,-0.5904035559937899,-0.6467845920628796,-1.022649264569533,1.022649264569533
-0.14098413428084722,-0.17781336550171942,-0.1681287074215789,-0.17262925620057643,-0.09765714146872191,-0.18476438703901663,-0.24476243691364374,-0.22380620873364132,-0.17065493966280187,-0.17982284493566342,-0.16366134765014057,-0.24812661307806824,1.101762687619266,1.5580858702097802,-0.5904035559937899,-0.6467845920628796,-1.022649264569533,1.022649264569533
-0.12588799774450088,-0.18147153095958937,-0.1535711785072683,-0.20832722413050964,-0.14198945090301932,-0.14615393989411463,-0.23026129168904982,-0.19437986589772782,-0.16578586390942684,-0.1616278518457524,-0.17312203564855438,-0.1656295149119387,1.101762687619266,-0.6418131497883105,1.6937567361306989,-0.6467845920628796,-1.022649264569533,1.022649264569533
-0.1349690471366071,-0.13694508777352593,-0.16436086863803462,-0.17852666393474878,-0.11501341614001806,-0.15070628336950437,-0.37997521041772103,-0.21949523454865824,-0.1369594482090925,-0.17777044889125912,-0.1731592920914502,-0.24129091831033728,1.101762687619266,-0.6418131497883105,-0.5904035559937899,1.546109805755517,-1.022649264569533,1.022649264569533
-0.11474137129728279,-0.20599416736274162,-0.1601388107008076,-0.1913101797522728,-0.10090660933355591,-0.12228054500718667,-0.23755171820117263,-0.21863308755106403,-0.16237793536320835,-0.17069706463232479,-0.1605663673829026,-0.19318664630867535,1.101762687619266,1.5580858702097802,-0.5904035559937899,-0.6467845920628796,-1.022649264569533,1.022649264569533
-0.08677388031487258,-0.30402905264292246,-0.1675387497041333,-0.1653222302167599,-0.12313924857435711,-0.23148160011542804,-0.20843273868020082,-0.19418286686451092,-0.18045223147415576,-0.16249079109634768,-0.19157468455170817,-0.25628452259349693,-0.9076364731145878,-0.6418131497883105,-0.5904035559937899,-0.6467845920628796,-1.022649264569533,1.022649264569533
-0.21980725825282088,-0.3338719477754428,-0.14827058181865432,-0.09733020608651985,-0.23297154754244173,-0.1330837564793918,5.0631397473298225,-0.1474999299208906,-0.19761073515036595,-0.18336527779778924,-0.1429074529115376,-0.17748222595542004,-0.9076364731145878,1.5580858702097802,-0.5904035559937899,-0.6467845920628796,0.9778523631178014,-0.9778523631178014
-0.16540275638511076,-0.1852527028949742,-0.14373081947948135,-0.16197531780585858,-0.18447595864237631,-0.22885204265398373,-0.18443684957410256,-0.1676552948728299,-0.24905845819578443,-0.18503694843097782,-0.1222609854053722,-0.1628049636345883,-0.9076364731145878,-0.6418131497883105,1.6937567361306989,-0.6467845920628796,-1.022649264569533,1.022649264569533
-0.17838720561083826,-0.17926406858856808,-0.14487666212275077,-0.1357131954465869,-0.22247108697141865,-0.13685582566930374,-0.19515527296893143,-0.12533917706502126,-0.1927976724679861,-0.18909835230826075,-0.17223493677958124,-0.13581034643986764,-0.9076364731145878,1.5580858702097802,-0.5904035559937899,-0.6467845920628796,0.9778523631178014,-0.9778523631178014
-0.2284623200310205,-0.3025230769203373,-0.1566373461987354,-0.041732851694471655,-0.2369899476119917,-0.05884694630565653,-0.20740614328571697,-0.12721536971375413,-0.22417292856592183,-0.19541934811579662,-0.2110352480632627,-0.2085469651922996,-0.9076364731145878,-0.6418131497883105,1.6937567361306989,-0.6467845920628796,0.9778523631178014,-0.9778523631178014
-0.1920142222967462,-0.08880669628251336,-0.15646136103331468,-0.1787373160918042,-0.021712374441068858,-0.17759098428541478,-0.24906409674366475,-0.20517155016719554,-0.1285296178605002,-0.1863414951672982,-0.17766834744741825,-0.24983842901931538,1.101762687619266,-0.6418131497883105,1.6937567361306989,-0.6467845920628796,-1.022649264569533,1.022649264569533
-0.1126674404634051,-0.06314874085333486,-0.14032823417349324,-0.14938846192745495,-0.10135220631653988,-0.2435166977745565,1.5620488448401657,-0.30016499579121925,-0.17627191191666433,-0.19101055677816037,-0.19739973147578346,-0.2751151940876805,1.101762687619266,-0.6418131497883105,-0.5904035559937899,1.546109805755517,-1.022649264569533,1.022649264569533
-0.1949868094914413,-0.14655701558737794,-0.1403456010923924,-0.18371477928152277,-0.25198150366714556,-0.19452023594778664,-0.17773227670396147,-0.1315594938528257,-0.2343119395618985,-0.18255251137162426,-0.2643377572875496,-0.06118467698646706,-0.9076364731145878,1.5580858702097802,-0.5904035559937899,-0.6467845920628796,-1.022649264569533,1.022649264569533
-0.15071513087196065,-0.19553462973990632,-0.1755263048055472,-0.21732611265131027,-0.16994808990112392,-0.12454866024821805,-0.2431785500655714,-0.1300975820180299,-0.1599590736937754,-0.14531284438092393,-0.10008852131906618,-0.10888729789639882,1.101762687619266,-0.6418131497883105,1.6937567361306989,-0.6467845920628796,0.9778523631178014,-0.9778523631178014
-0.15606996691258287,-0.18841277412312912,-0.15048054908972516,-0.12685542890009344,-0.060155578606844264,-0.15709623602710354,-0.23564954629891682,-0.24496207251963487,-0.12831847239416116,-0.17998796917474866,-0.1713797171786562,-0.27181476726644177,1.101762687619266,1.5580858702097802,-0.5904035559937899,-0.6467845920628796,0.9778523631178014,-0.9778523631178014
-0.18789657969529722,-0.18487260341462844,-0.13484699400950467,-0.1896512344582289,-0.25891216128461475,-0.231876847223036,-0.17389870666026572,-0.13954969726877867,-0.21210415321594273,-0.1934004971629549,-0.10800033568572774,-0.056669970738610735,-0.9076364731145878,-0.6418131497883105,-0.5904035559937899,1.546109805755517,0.9778523631178014,-0.9778523631178014
-0.1505903633828448,-0.18707910405818298,-0.1573368680331699,-0.2739924784134028,-0.12338756933250236,-0.12533397772532112,-0.23557438877279,-0.13787101020266737,-0.14828664521404641,-0.14730939061773837,-0.11339603384813744,-0.10126907756589884,1.101762687619266,1.5580858702097802,-0.5904035559937899,-0.6467845920628796,0.9778523631178014,-0.9778523631178014
-0.11071142336192141,-0.17607862988796755,-0.14804688307340003,-0.09246843182856221,-0.1805016097369111,-0.17498305416253593,-0.2173539473716057,-0.24797239744757085,-0.14105344277503934,-0.1937556846987466,-0.10536246364379333,-0.26782829794362006,1.101762687619266,-0.6418131497883105,-0.5904035559937899,1.546109805755517,0.9778523631178014,-0.9778523631178014
-0.20449500687051864,-0.2636169722183582,-0.15041506708326718,-0.1845263545975746,-0.11078397882120379,-0.07468867503939498,-0.23542796845646818,-0.17630606098538315,-0.15379374173071628,-0.1788517140872747,-0.16082266738985995,-0.1688367953273759,1.101762687619266,-0.6418131497883105,1.6937567361306989,-0.6467845920628796,-1.022649264569533,1.022649264569533
-0.15180253690143494,-0.14191539285646484,-0.16083963831367218,-0.1810179917723924,-0.10310660379388155,-0.18492525414465674,-0.24596754488966002,-0.21954700742382172,-0.18869830007168845,-0.17072160960047367,-0.16387487014625446,-0.21840100320039504,1.101762687619266,-0.6418131497883105,-0.5904035559937899,-0.6467845920628796,0.9778523631178014,-0.9778523631178014
3.5070589405976147,3.7718085816583433,2.231912844733732,4.614892203292838,3.984649140368108,6.939928571941212,2.417489056330923,6.579111671279774,5.140607991303566,4.38987087008964,4.182838242739151,6.968767528467106,-0.9076364731145878,-0.6418131497883105,-0.5904035559937899,1.546109805755517,-1.022649264569533,1.022649264569533
-0.150657527130461,-0.1686945958846729,-0.1582682742633719,-0.21576982872109948,-0.12417963890556663,-0.08946596891658634,-0.24670554869118771,-0.18308732313226952,-0.16737080019801057,-0.19081812289520617,-0.08245331787036274,-0.19117734140639975,1.101762687619266,1.5580858702097802,-0.5904035559937899,-0.6467845920628796,-1.022649264569533,1.022649264569533
-0.19326911643313033,-0.17402210176265576,-0.1340600064903413,-0.21295265497160856,-0.21989039091104629,-0.16777164136769482,-0.17596348457217983,-0.09224174977049465,-0.1864770272331404,-0.17648155449280356,-0.09867421515473888,-0.057576869396568524,-0.9076364731145878,-0.6418131497883105,-0.5904035559937899,1.546109805755517,0.9778523631178014,-0.9778523631178014
-0.18120022237803163,-0.19137543573199142,-0.15383576090428253,-0.12287197359812153,-0.20325533485233327,-0.13892351402160444,-0.21133621721810666,-0.15662660980142037,-0.23913630079169879,-0.19700798256800522,-0.21083357906809758,-0.17952662161043267,-0.9076364731145878,1.5580858702097802,-0.5904035559937899,-0.6467845920628796,-1.022649264569533,1.022649264569533
-0.1701428933416275,-0.14948291210608505,-0.14894029700907402,-0.15735476429206582,-0.2019419672787621,-0.17668001554189797,-0.2156041628268492,-0.21593749225890352,-0.22376537383084466,-0.18625221392767843,-0.20052092066706179,-0.1791978348552908,-0.9076364731145878,1.5580858702097802,-0.5904035559937899,-0.6467845920628796,0.9778523631178014,-0.9778523631178014
-0.18311932393458485,-0.09357293933489208,-0.13960122615785567,-0.16136482986881862,-0.2236186751780429,-0.15002080033629278,-0.1830052697851056,-0.14103668267803152,-0.19286320878861063,-0.19201789663503213,-0.1333836499861893,-0.10863100618314828,-0.9076364731145878,-0.6418131497883105,1.6937567361306989,-0.6467845920628796,0.9778523631178014,-0.9778523631178014
-0.11788533430072032,-0.13312558367658717,-0.14319433142927507,-0.19295840234169856,-0.04975214412858127,-0.1354938715234539,-0.24006380342186712,-0.23096916590172914,-0.12039774774900663,-0.17443747236240423,-0.08722253387916866,-0.24757073680563316,1.101762687619266,1.5580858702097802,-0.5904035559937899,-0.6467845920628796,0.9778523631178014,-0.9778523631178014
-0.1858767298058244,-0.19871948890761698,-0.1474739854417681,-0.14853435174622726,-0.19064242682086055,-0.17617466464050155,-0.19666802334499595,-0.10364516931787976,-0.24097831769891667,-0.1728386546837977,-0.09339327024001093,-0.13892758342853537,-0.9076364731145878,1.5580858702097802,-0.5904035559937899,-0.6467845920628796,0.9778523631178014,-0.9778523631178014
-0.18507894276586748,-0.23242287936107492,-0.13871504482364538,-0.24164923184376422,-0.27511375640536506,-0.22225928791612035,-0.17717700456656169,-0.155446753223847,-0.23885089038011653,-0.18462031381395766,-0.17154955137212666,0.0017292888276875574,-0.9076364731145878,-0.6418131497883105,-0.5904035559937899,-0.6467845920628796,0.9778523631178014,-0.9778523631178014
-0.16627597660170895,-0.2252050982946417,-0.14141088438120933,-0.2319483171960186,-0.26804421527237854,-0.2095365547630772,-0.1834420809186458,-0.13915409725518313,-0.25994433820178703,-0.1764549679781686,-0.24397715437038603,-0.012081591688308352,-0.9076364731145878,-0.6418131497883105,-0.5904035559937899,-0.6467845920628796,0.9778523631178014,-0.9778523631178014
4.43202603077824,6.493279737257231,1.7000215549694069,4.264093296671036,4.969210862152649,5.456523103967234,1.5953822706874738,4.053193461572599,6.696735907309893,4.149488085550368,5.832421449621615,8.652229827431531,-0.9076364731145878,-0.6418131497883105,1.6937567361306989,-0.6467845920628796,-1.022649264569533,1.022649264569533
-0.2301725263804495,-0.10623060981722568,-0.14893921169257743,-0.12428037074525607,-0.23242960631490828,-0.06266227390949922,-0.19985311491488367,-0.10002012419259039,-0.17247118826764682,-0.18576760131947265,-0.1452428624747411,-0.13956544206357896,-0.9076364731145878,-0.6418131497883105,1.6937567361306989,-0.6467845920628796,-1.022649264569533,1.022649264569533
-0.11831770570619875,-0.19291052405122558,-0.1444449976317752,-0.13502560247991527,-0.09832084622393875,-0.2795299155981837,-0.2101215234544496,-0.2891020391779368,-0.1548125525222165,-0.16964547414416978,-0.0736769984846894,-0.24340780903348191,1.101762687619266,-0.6418131497883105,1.6937567361306989,-0.6467845920628796,0.9778523631178014,-0.9778523631178014
-0.15123622563739017,-0.16421234196484505,-0.16174799204994897,-0.2516165825012974,-0.17129119271294047,-0.13678791718320726,-0.2327309868038533,-0.13924692819672224,-0.14369233047312313,-0.15780046111979978,-0.09429296889295925,-0.10914932396870924,1.101762687619266,-0.6418131497883105,1.6937567361306989,-0.6467845920628796,0.9778523631178014,-0.9778523631178014
-0.21579689614193875,-0.1867111848634096,-0.13479417695915916,-0.20623675700086042,-0.19718038727870107,-0.15707855163888998,-0.16669130802520551,-0.048976566715588185,-0.20717136804764882,-0.14780653834394644,-0.1387530579031511,-0.020339255656124922,-0.9076364731145878,1.5580858702097802,-0.5904035559937899,-0.6467845920628796,-1.022649264569533,1.022649264569533
-0.12213497539421325,-0.10777833760028921,-0.15290398308785344,-0.26967944680686956,-0.15911058078025905,-0.13827233367742395,-0.25080702843723524,-0.12757651926633498,5.895263273613659,-0.16667043686110478,-0.16002727615692086,-0.15180269393423892,1.101762687619266,-0.6418131497883105,-0.5904035559937899,1.546109805755517,0.9778523631178014,-0.9778523631178014
-0.18058106570607824,-0.19347865146736704,10.184300332333201,-0.1774856735376395,-0.2149753164909929,-0.21385574541939245,-0.18826340880493428,-0.09756462828419792,-0.2352592645008448,-0.17101898220209702,-0.21809460097015385,-0.11966643367956184,-0.9076364731145878,-0.6418131497883105,-0.5904035559937899,1.546109805755517,0.9778523631178014,-0.9778523631178014
-0.16402617606924016,-0.25221009051405757,-0.1442218806273687,-0.15841936123320158,-0.22119193071955198,-0.10221798661713677,-0.21815286543496684,-0.10303347194013232,5.895263273613659,-0.18528226392921107,-0.11310867259715077,-0.15817595676701612,-0.9076364731145878,-0.6418131497883105,-0.5904035559937899,1.546109805755517,0.9778523631178014,-0.9778523631178014
-0.15764597747763198,-0.16820037836216772,-0.14419218992347804,-0.15692436187811976,-0.21219858836709263,-0.1654875205643197,-0.19576455438120138,-0.1291431709927176,-0.23821230036823987,-0.17126937726182515,-0.21221037750193317,-0.12322762428251433,-0.9076364731145878,1.5580858702097802,-0.5904035559937899,-0.6467845920628796,-1.022649264569533,1.022649264569533
-0.19058443466772626,-0.21143865576885504,-0.14286638989866385,-0.1863299486036206,-0.20608936928744698,-0.16888678363409257,-0.1775109512470532,-0.06679914992104609,-0.2229037102272589,-0.1785753704867826,-0.1961905666172969,-0.0811122047140853,-0.9076364731145878,1.5580858702097802,-0.5904035559937899,-0.6467845920628796,-1.022649264569533,1.022649264569533
-0.12021974045847043,-0.2408065071392544,-0.3461085543851249,-0.19152162058946617,-0.12627496602890972,-0.19596378200232362,5.0631397473298225,-0.2152207678650528,-0.1417923372367488,-0.1582419200177523,-0.13645041453937382,-0.18901700895880386,1.101762687619266,-0.6418131497883105,-0.5904035559937899,1.546109805755517,0.9778523631178014,-0.9778523631178014
-0.19881512724472214,-0.2430291015551891,-0.14380694005280065,-0.19809219786763932,-0.2809400014196595,-0.11898172455024517,-0.17877433746350185,-0.1254460770753647,-0.20172984773871908,-0.19195234890739898,-0.12231484081421985,-0.06195035962278939,-0.9076364731145878,-0.6418131497883105,1.6937567361306989,-0.6467845920628796,-1.022649264569533,1.022649264569533
-0.15133069228657334,-0.18105237384524941,-0.1665939940825858,-0.11768089013878662,-0.11547892431414009,-0.17148117507195657,-0.23491669229470277,-0.23819470032151163,-0.1566465728573137,-0.1907486655467935,-0.16622699803126098,-0.24832480025322928,1.101762687619266,-0.6418131497883105,1.6937567361306989,-0.6467845920628796,0.9778523631178014,-0.9778523631178014
-0.21437197740471198,-0.19681948359195323,-0.13805633552599242,-0.15045093952374872,-0.2706327167471667,-0.1718423748367552,-0.16242235139069033,-0.12067918665855933,-0.2114811022812223,-0.19546523535883595,-0.2803388119766186,-0.09724878884978165,-0.9076364731145878,-0.6418131497883105,-0.5904035559937899,1.546109805755517,0.9778523631178014,-0.9778523631178014
-0.2143021809373387,-0.18997818507703984,-0.1373592571143679,-0.17826519533074428,-0.21683953552104915,-0.16567867995261257,-0.16555216522963967,-0.09976088645314941,-0.22897097604540267,-0.15705453404991915,-0.15577043408133312,-0.05097190280850946,-0.9076364731145878,-0.6418131497883105,-0.5904035559937899,-0.6467845920628796,0.9778523631178014,-0.9778523631178014
-0.07674408078273585,-0.13765440796185427,-0.1588265102491831,-0.16381273009711,-0.09716662331340663,-0.2132033293548264,-0.2386645436411401,-0.23421149500282226,-0.13795726097735525,-0.17154697333919627,-0.10013061306375994,-0.2800760833732036,1.101762687619266,1.5580858702097802,-0.5904035559937899,-0.6467845920628796,-1.022649264569533,1.022649264569533
-0.19315176887843,-0.14371697940990721,-0.1356391299069405,-0.22834204104220618,-0.2665454226744605,-0.17206880543928818,-0.19366026416182464,-0.16530827269331239,-0.276553602307914,-0.16464780075582305,-0.0054493353905529784,0.014992610887512251,-0.9076364731145878,-0.6418131497883105,-0.5904035559937899,-0.6467845920628796,0.9778523631178014,-0.9778523631178014
-0.09349210248366983,-0.20798579897525937,-0.16302950616806663,-0.17471984505523794,-0.09219507923597749,-0.20771409147586706,-0.2397177238228467,-0.20534492338296495,-0.17813725219640242,-0.1782602531861641,-0.1208413910504612,-0.2483157237117215,1.101762687619266,-0.6418131497883105,1.6937567361306989,-0.6467845920628796,-1.022649264569533,1.022649264569533
-0.13233782925391752,-0.16044461346239353,-0.16394052503692255,-0.14889526290530994,-0.04729034124666393,-0.1560242791960689,-0.25804439944244073,-0.23444221764458673,-0.1446313978894494,-0.18177858655508122,-0.07849034335821588,-0.3262220982695962,1.101762687619266,-0.6418131497883105,1.6937567361306989,-0.6467845920628796,0.9778523631178014,-0.9778523631178014
-0.13382857512213855,0.18805160394701623,-0.26915357247089744,-0.14873206132400446,-0.15258988565650095,-0.17985254108817444,-0.2722620585307254,-0.541522409691898,-0.18621080695298486,-0.15821833903240523,-0.05920053736480994,-0.9022633542341735,1.101762687619266,-0.6418131497883105,1.6937567361306989,-0.6467845920628796,-1.022649264569533,1.022649264569533
-0.13644898149203177,-0.20189165139486023,-0.16876275744527938,-0.16205064333275898,-0.030694309646827685,-0.12600103360645118,5.0631397473298225,-0.22605691118896698,-0.12096169278478447,-0.1751281882614505,-0.1536862651138398,-0.27569078096256455,1.101762687619266,1.5580858702097802,-0.5904035559937899,-0.6467845920628796,-1.022649264569533,1.022649264569533
-0.3759742774859582,-0.07688267532944489,-0.0761464019199055,0.2696979315301617,-0.6108122915741926,-0.15655699130556058,0.060016387620453124,-0.04864125804750465,-0.3844306550939428,0.07176623730112573,0.6055157895894321,-0.06700519128843205,-0.9076364731145878,1.5580858702097802,-0.5904035559937899,-0.6467845920628796,-1.022649264569533,1.022649264569533
-0.17200541239612094,-0.11882159008193417,-0.13017228683697965,-0.23841256516562662,-0.2180606500846063,-0.2124917656261554,-0.16657648765911065,-0.1159782905025597,-0.1964102379492267,-0.1650019600916825,-0.04668300051946211,-0.03263559512796196,-0.9076364731145878,-0.6418131497883105,1.6937567361306989,-0.6467845920628796,0.9778523631178014,-0.9778523631178014
-0.13050796804616768,-0.12005604514409987,-0.172429536411479,-0.1721193580271406,-0.12654856220746377,-0.21820243516925852,-0.23156757125777996,-0.21470346974721863,-0.11840884197124486,-0.3904744902244071,-0.18308954910847353,-0.2389501837805813,1.101762687619266,-0.6418131497883105,-0.5904035559937899,1.546109805755517,0.9778523631178014,-0.9778523631178014
-0.15492383844382135,-0.1531265190771864,-0.14218846371151214,-0.1462548775129777,-0.2204158866952645,-0.19735120791311345,-0.1773227003376966,-0.12470232699250547,-0.22607162416214155,-0.1765365144606328,-0.0862339568221212,-0.16089689329003032,-0.9076364731145878,-0.6418131497883105,-0.5904035559937899,1.546109805755517,-1.022649264569533,1.022649264569533
-0.14847440672931148,-0.16156130915928543,-0.13922085444653887,-0.17933668678351386,-0.12198519598502464,-0.09286946706432868,-0.24054514065314495,-0.20084355367316897,-0.15891547749419935,-0.18187420011334643,-0.19388501364767952,-0.21874797164984397,1.101762687619266,-0.6418131497883105,-0.5904035559937899,1.546109805755517,-1.022649264569533,1.022649264569533
-0.20238096268679764,-0.1768750967584387,-0.13887445508702592,-0.1647404058776602,-0.19932844001001473,-0.19118205877152,-0.1787454599571088,-0.10188554623049435,-0.2544318264864927,-0.16606378976367758,-0.1192189876187383,-0.09274176516786845,-0.9076364731145878,-0.6418131497883105,-0.5904035559937899,-0.6467845920628796,0.9778523631178014,-0.9778523631178014
-0.06357942374445953,-0.1588168537323162,-0.15766629319392786,-0.11562343000078898,-0.1513627029431428,-0.26797016621580977,-0.21780256688416455,-0.27182659857014024,-0.1417907335306035,-0.14890410144394622,-0.16984432187160511,-0.25907754176020376,1.101762687619266,-0.6418131497883105,1.6937567361306989,-0.6467845920628796,0.9778523631178014,-0.9778523631178014
-0.11770745780142561,-0.12792344711048517,-0.14219625017786594,-0.17018550518094128,-0.08362139565618121,-0.1613713036451074,-0.22989950277481988,-0.2037785320314423,-0.1479031212184733,-0.182609293512495,-0.19421455307712085,-0.2446210830485199,1.101762687619266,-0.6418131497883105,1.6937567361306989,-0.6467845920628796,-1.022649264569533,1.022649264569533
-0.06170448985278295,-0.17658900611173273,-0.14514597183990513,-0.11310727661612816,-0.02908224473862547,-0.22065190212915212,-0.23969002234723813,-0.27824188322280397,-0.16075568732247533,-0.19116749884460313,-0.05261802654784548,-0.37957333066815585,1.101762687619266,-0.6418131497883105,-0.5904035559937899,1.546109805755517,0.9778523631178014,-0.9778523631178014
-0.19130205624575877,-0.18132702586960092,-0.14116942460997842,-0.1544061490706504,-0.1672331327803618,-0.17151232887916423,-0.17863365230287653,-0.07015279837036274,-0.18933864037185902,-0.164961263933697,-0.09790790068556966,-0.11334249336787262,-0.9076364731145878,1.5580858702097802,-0.5904035559937899,-0.6467845920628796,0.9778523631178014,-0.9778523631178014
-0.15856310052269107,-0.14912713168335712,-0.15223729368641487,-0.20535656857463103,-0.13182457748362317,-0.22280509331291753,-0.37405284263408295,-0.23181752476764608,-0.1787881120850919,-0.16737709182564214,-0.16731804982919807,-0.16244075979653033,1.101762687619266,-0.6418131497883105,1.6937567361306989,-0.6467845920628796,0.9778523631178014,-0.9778523631178014
-0.1722321188271293,-0.03087581209757061,-0.16238546099404533,-0.22123559369732163,-0.08594803511199813,-0.09487786110973179,-0.25583317046586196,-0.15887724034990358,-0.1713678395507391,-0.2094070122349743,-0.2140038207963754,-0.22662973489182495,1.101762687619266,-0.6418131497883105,-0.5904035559937899,1.546109805755517,0.9778523631178014,-0.9778523631178014
-0.18561447697851152,-0.2867949004351205,-0.1400701156857053,-0.18344251946042014,-0.2476949983531948,-0.21234295050131213,-0.18146610334515498,-0.15473129894569054,-0.2217066378228266,-0.17940673872045232,-0.16785001960271165,-0.046787566205019185,-0.9076364731145878,-0.6418131497883105,-0.5904035559937899,1.546109805755517,-1.022649264569533,1.022649264569533
-0.14352970201787657,-0.3021798595737603,-0.15990671051047586,-0.1693019479801224,-0.15706699743304053,-0.23363357077029173,-0.24132080842072856,-0.21721528779767457,-0.1808336350299641,-0.18195768079156088,-0.16599883513737484,-0.21687989383522008,1.101762687619266,1.5580858702097802,-0.5904035559937899,-0.6467845920628796,0.9778523631178014,-0.9778523631178014
-0.14168211055590943,-0.13415621980855372,-0.14210353911605839,-0.22827596344147935,-0.2083201490715543,-0.19506192276129516,-0.18911424565991952,-0.10594001494965608,-0.27428041506462936,-0.16909582611053608,-0.1399880144642199,-0.06319482852498358,-0.9076364731145878,1.5580858702097802,-0.5904035559937899,-0.6467845920628796,-1.022649264569533,1.022649264569533
-0.1597713131609935,-0.15723412757929872,-0.15647381675924057,-0.16776975028633895,-0.10194197883897037,-0.1375345387003785,-0.23603672508030693,-0.1970819520763969,-0.15954530337861028,-0.1704126873399694,-0.18695664595976608,-0.2136337622855436,-0.9076364731145878,-0.6418131497883105,-0.5904035559937899,1.546109805755517,-1.022649264569533,1.022649264569533
-0.22074021419555664,-0.21235198079182782,-0.1297895511678933,-0.1833105014859905,-0.26364802996763564,-0.20254868013336758,-0.15251809980482395,-0.10472200802510179,-0.13925502549995686,-0.18681058116574673,-0.07402312176189128,-0.09506663162616263,-0.9076364731145878,1.5580858702097802,-0.5904035559937899,-0.6467845920628796,-1.022649264569533,1.022649264569533
-0.14614591377186084,-0.13669849302305198,-0.15514236853580138,-0.2049198019405694,-0.17423826825861363,-0.14710051215731754,-0.22000516805513995,-0.172364640475171,-0.14695931850029353,-0.14419558282526126,-0.13105703952099224,-0.1486447793703153,1.101762687619266,1.5580858702097802,-0.5904035559937899,-0.6467845920628796,-1.022649264569533,1.022649264569533
-0.2074663506805203,-0.21910839787421313,-0.14760112571737705,-0.10834007798920273,-0.2331480313820811,-0.15219623226047632,-0.18505590406352848,-0.1318432767493824,-0.2075675578034971,-0.20002071614358755,-0.17014341811318792,-0.15643130084007512,-0.9076364731145878,-0.6418131497883105,-0.5904035559937899,1.546109805755517,0.9778523631178014,-0.9778523631178014
-0.19600065179208515,-0.2454401955008002,-0.13962652168841733,-0.18664940856622647,-0.22380129604032767,-0.18750158839140288,-0.18046212640199397,-0.13488192815630984,-0.2226297896127363,-0.17674487384736248,-0.11343515740373895,-0.07862277153970353,-0.9076364731145878,1.5580858702097802,-0.5904035559937899,-0.6467845920628796,-1.022649264569533,1.022649264569533
-0.17185445312619754,-0.19479405628782637,-0.15021264891135477,-0.1846552672188683,-0.2261478738509105,-0.16684147988235354,-0.19835959541403209,-0.1062691676246238,-0.26236805815948827,-0.18133596833311064,-0.17404409875954366,-0.09970089802840122,-0.9076364731145878,-0.6418131497883105,-0.5904035559937899,1.546109805755517,-1.022649264569533,1.022649264569533
-0.18430435935367143,-0.1724091634788804,-0.13576529942645923,-0.25700211207509444,-0.20199641963466144,-0.15251604588720383,-0.17697254967726633,-0.10920337213806298,-0.17812634773602443,-0.15545378229268061,-0.22155440771073437,-0.023953227839698426,-0.9076364731145878,-0.6418131497883105,-0.5904035559937899,1.546109805755517,-1.022649264569533,1.022649264569533
-0.21031036213545184,-0.16410856282677283,-0.13445240023955388,-0.14738732686094583,-0.21918773542158848,-0.14780162433096186,-0.16956672546596338,-0.05845514682761917,-0.2062418088705557,-0.15525174490270455,-0.1960912990918472,-0.123778266925587,-0.9076364731145878,1.5580858702097802,-0.5904035559937899,-0.6467845920628796,0.9778523631178014,-0.9778523631178014
-0.22642135991767362,-0.16678295682454847,-0.1506355609105677,-0.07139507326975107,-0.2232051213945108,-0.11086572606358969,-0.19913320363998382,-0.15846792105759136,-0.23224564775523235,-0.18344348297299137,-0.2000072488976109,-0.11260337589825535,-0.9076364731145878,-0.6418131497883105,-0.5904035559937899,1.546109805755517,0.9778523631178014,-0.9778523631178014
-0.12731980253172728,-0.19012501709475538,-0.14477500069778412,-0.15531228234063363,-0.056505027594331673,-0.13223925561638067,-0.24267325117104513,-0.22796020812645665,-0.3618667147656343,-0.18987116113955702,-0.14594953578141603,-0.27856105412316623,1.101762687619266,-0.6418131497883105,-0.5904035559937899,1.546109805755517,0.9778523631178014,-0.9778523631178014
-0.15644984743079743,-0.0918311155480301,-0.17551829735608163,-0.20674171201205538,-0.12317546416524526,-0.15644063224502983,-0.2532686848832786,-0.19108961214378353,-0.17001419974851847,-0.17229957618859149,-0.15107859478840904,-0.2251813417131982,1.101762687619266,-0.6418131497883105,-0.5904035559937899,-0.6467845920628796,0.9778523631178014,-0.9778523631178014
-0.15792807436469783,-0.1977642957515143,-0.16007498460539313,-0.23387998898480444,-0.0938202960430441,-0.1584879913552486,-0.2417553037983544,-0.19193344115056973,-0.1442321290404237,-0.1630441928987939,-0.23360567209890343,-0.17096972060655166,1.101762687619266,1.5580858702097802,-0.5904035559937899,-0.6467845920628796,-1.022649264569533,1.022649264569533
-0.230284454444669,-0.25731831870772665,-0.13996370691766377,-0.11523718310272899,-0.2103379456850685,-0.1476882414979452,-0.16840756204456417,-0.055683914090287945,-0.16042942536689211,-0.18281455612861267,-0.16151850299317785,-0.1661792821398405,-0.9076364731145878,1.5580858702097802,-0.5904035559937899,-0.6467845920628796,-1.022649264569533,1.022649264569533
-0.15163669557767945,-0.21863934735023022,-0.15067757123782097,-0.17192999173894477,-0.10924081335158804,-0.15931724077253615,-0.23292192976801948,-0.22804250800026288,-0.1380589353817706,-0.1755438296197591,-0.16684425261732208,-0.23768447572028142,1.101762687619266,1.5580858702097802,-0.5904035559937899,-0.6467845920628796,0.9778523631178014,-0.9778523631178014
-0.17990309258265066,-0.15496062863736582,-0.14544085347653585,-0.15181544840533973,-0.15782083425023233,-0.17360691730895794,-0.18591627408344658,-0.11656623274767458,-0.976790601897595,-0.1614482080865388,-0.1897033640976979,-0.13376366068400994,-0.9076364731145878,-0.6418131497883105,1.6937567361306989,-0.6467845920628796,-1.022649264569533,1.022649264569533
-0.17987649887053372,-0.19491813819184867,-0.14497779864261412,-0.17331195766987642,-0.24303964715662696,-0.1981820596928946,-0.1900103759379017,-0.09793679073717419,-0.2121633616343059,-0.18340528572555148,-0.17722617733440357,-0.10186195099978797,-0.9076364731145878,-0.6418131497883105,-0.5904035559937899,1.546109805755517,-1.022649264569533,1.022649264569533
-0.13435697110708222,-0.2232190282101158,-0.17380055350447673,-0.1734012710904576,-0.14509685923979196,-0.2227455543347722,-0.2394764659644802,-0.23741282975174466,-0.2061769411841522,-0.18423208302066518,-0.16730333245176293,-0.2266067063610715,-0.9076364731145878,-0.6418131497883105,-0.5904035559937899,-0.6467845920628796,0.9778523631178014,-0.9778523631178014
-0.19659501684432207,-0.1547726322345554,-0.13648585424438384,-0.22311385079998386,-0.2811803032208592,-0.20025146219715012,-0.17527395134827417,-0.1342882564785154,-0.22317656128832888,-0.19069749727429025,-0.07143856469933559,-0.018982998782334348,-0.9076364731145878,-0.6418131497883105,1.6937567361306989,-0.6467845920628796,-1.022649264569533,1.022649264569533
-0.15026955034529868,-0.1756064325930392,-0.168743296085525,-0.19322976363287486,-0.04428762170972258,-0.1329624151631578,-0.25976785583597684,-0.20858177413448784,-0.12584333933293512,-0.18041148130365656,-0.10143053547659234,-0.2780983718549581,-0.9076364731145878,-0.6418131497883105,-0.5904035559937899,-0.6467845920628796,0.9778523631178014,-0.9778523631178014
-0.19010002462392298,-0.26290453960462523,-0.13431693291623778,-0.2349531943631132,-0.29099697654092976,-0.16229581773363147,-0.17014443303427781,-0.10735479940847677,-0.18818656605787618,-0.17026878228526415,-0.14229761203631242,0.02507223095321404,-0.9076364731145878,-0.6418131497883105,-0.5904035559937899,-0.6467845920628796,0.9778523631178014,-0.9778523631178014
-0.17048039400618317,-0.18753489265574685,-0.14469237469369017,-0.17632445184302958,-0.23588490312323906,-0.20855330316796944,-0.19090760269940438,-0.14233339286990151,-0.23696128934157334,-0.18868932884164344,-0.18759204851557548,-0.06421522266718471,-0.9076364731145878,1.5580858702097802,-0.5904035559937899,-0.6467845920628796,0.9778523631178014,-0.9778523631178014
-0.15790254981625937,-0.14871424777644468,-0.15715070907991452,-0.16873146110121193,-0.11791676795672457,-0.13220635288293325,-0.23508447449673855,-0.21452480902751064,-0.13748704628168953,-0.17433422396348536,-0.12723225963865148,-0.21651575396421321,1.101762687619266,-0.6418131497883105,1.6937567361306989,-0.6467845920628796,0.9778523631178014,-0.9778523631178014
-0.16771934464134108,-0.2265491608114367,10.184300332333201,-0.21750474155752295,-0.10919329687879895,-0.06399066417007668,-0.2450607255288822,-0.15988857092983466,-0.12322335212022147,-0.17764699928721348,-0.10796366059684193,-0.17831125869261752,1.101762687619266,-0.6418131497883105,1.6937567361306989,-0.6467845920628796,-1.022649264569533,1.022649264569533
-0.16062205037496788,-0.029408264526656153,-0.14588103919162987,-0.08937749787178269,-0.18134554483350235,-0.18214249495805548,-0.19738254498911773,-0.15563716756669313,-0.2306020094096614,-0.19131498266125987,-0.135248005929188,-0.22533809815227399,-0.9076364731145878,1.5580858702097802,-0.5904035559937899,-0.6467845920628796,0.9778523631178014,-0.9778523631178014
-0.19958511742652735,-0.07146565952766948,-0.1363409467413944,-0.17079126677458056,-0.18246092140161144,-0.14405424777211578,-0.1703914722588727,-0.0926734634927499,-0.1918051186427261,-0.15814688842444116,-0.13214906609763102,-0.1009245111238292,-0.9076364731145878,-0.6418131497883105,-0.5904035559937899,1.546109805755517,0.9778523631178014,-0.9778523631178014
-0.20299773374276595,-0.1949208757165108,-0.13602664067347,-0.16224551520149152,-0.2572504023682579,-0.24954271658542138,-0.19067344939263778,-0.1614771939255248,-0.21202630218466,-0.17797960061913695,-0.15246855948348337,-0.13443042371859262,-0.9076364731145878,-0.6418131497883105,1.6937567361306989,-0.6467845920628796,0.9778523631178014,-0.9778523631178014
-0.1156658954937425,-0.1869120757289213,-0.17130411151771802,-0.18452149902434317,-0.0845231382529578,-0.22471759137194167,-0.23636473690843102,-0.23247097832143937,-0.13194414313171798,-0.16336095506956158,-0.13738717577663645,-0.26008108308503186,1.101762687619266,-0.6418131497883105,-0.5904035559937899,1.546109805755517,0.9778523631178014,-0.9778523631178014
-0.1613138202126772,-0.17551292459840104,-0.1647836041194652,-0.13461552662816595,-0.09042752095665921,-0.15308937811061268,-0.24614658691017888,-0.23815549087658922,-0.15109557334740592,-0.19905747156674194,-0.26667473105850975,-0.2796854497471614,1.101762687619266,1.5580858702097802,-0.5904035559937899,-0.6467845920628796,0.9778523631178014,-0.9778523631178014
-0.15010522105126728,-0.20534499914138105,-0.15795952279483472,-0.14566736989917123,-0.08882098410816028,-0.258256434708117,-0.21972754401340508,-0.2715659751181336,-0.14831331343549645,-0.14904634906269565,-0.1516337009162828,-0.22247849566164427,1.101762687619266,-0.6418131497883105,-0.5904035559937899,-0.6467845920628796,-1.022649264569533,1.022649264569533
-0.24298905783423488,-0.18329668655912373,-0.13941559933213446,-0.2053583118868208,-0.289714452257276,-0.1099889045150844,-0.18102517391121892,-0.1330833425387482,-0.16479881413696731,-0.41193764505068414,-0.06714529466517946,-0.004248703328638617,-0.9076364731145878,-0.6418131497883105,1.6937567361306989,-0.6467845920628796,-1.022649264569533,1.022649264569533
-0.17758519265311037,-0.14809197523462084,-0.13853283103901767,-0.18682292200310643,-0.12422400264292321,-0.09957449083241719,-0.22418921596478902,-0.20171585875235012,-0.1404027655950972,-0.16250877795674837,-0.19363146169218587,-0.1445231750787836,1.101762687619266,-0.6418131497883105,-0.5904035559937899,1.546109805755517,0.9778523631178014,-0.9778523631178014
-0.2051244480421852,-0.14247455156128058,-0.14171407971552571,-0.1545633238476078,-0.2439117652116034,-0.05105240865174164,-0.22059671268022293,-0.1273940969568565,-0.1894731810031736,-0.18714618907910704,-0.15905846396208,-0.10145554012002933,-0.9076364731145878,-0.6418131497883105,-0.5904035559937899,1.546109805755517,0.9778523631178014,-0.9778523631178014
-0.14844124848686835,-0.11051001735802271,-0.1594899501040187,-0.17302079275758134,-0.09984336129359936,-0.15335658831247154,-0.24231506244699888,-0.1990792922126235,-0.15040890414660588,-0.19529660326787263,-0.19868024512948942,-0.19401653188852835,1.101762687619266,-0.6418131497883105,1.6937567361306989,-0.6467845920628796,-1.022649264569533,1.022649264569533
-0.1683654878710262,-0.20882400202274254,-0.16702422426061528,-0.2514874351786555,-0.1890251961841041,-0.14271976690149993,-0.22763759898749486,-0.16022200404022482,-0.16766370527722166,-0.174418515738016,-0.10433290519287279,-0.08548779879106375,1.101762687619266,-0.6418131497883105,1.6937567361306989,-0.6467845920628796,-1.022649264569533,1.022649264569533
-0.18901120918921194,-0.21707154639096848,-0.15095409750065952,-0.09680518160725307,-0.2292633264502657,-0.0835902538902806,-0.20832542979945515,-0.14222072548549142,-0.24923217595844344,-0.1811775809457027,-0.14640523127479507,-0.11157618027637563,-0.9076364731145878,1.5580858702097802,-0.5904035559937899,-0.6467845920628796,0.9778523631178014,-0.9778523631178014
-0.1784597427239881,-0.2547452530241104,-0.1442329338908696,-0.11528887243470173,-0.2119737281556679,-0.2119226174852195,-0.17894441364161914,-0.10840080807239523,-0.20843351163715018,-0.20261643769673734,-0.13414204661692317,-0.19682636647318905,-0.9076364731145878,-0.6418131497883105,-0.5904035559937899,1.546109805755517,0.9778523631178014,-0.9778523631178014
-0.13849682666912563,-0.11464474715643201,-0.15495600507135496,-0.1504236544512057,-0.08848391083502626,-0.17587426050840396,-0.2419849371035846,-0.22927662836253052,-0.1374273605054088,-0.1740583833982851,-0.09891417012368801,-0.29213737012389396,1.101762687619266,1.5580858702097802,-0.5904035559937899,-0.6467845920628796,-1.022649264569533,1.022649264569533
-0.12908212218232365,-0.13102880753016571,-0.1491816611990097,-0.1860149612580985,-0.1786772215830477,-0.18321924428665465,-0.22245171532907862,-0.15732236131772107,-0.27483056991626065,-0.180109474077589,-0.10506552214755932,-0.11097174970407533,-0.9076364731145878,-0.6418131497883105,1.6937567361306989,-0.6467845920628796,0.9778523631178014,-0.9778523631178014
-0.07460109317867195,-0.06596648381737105,-0.1584530683206666,-0.09555730281970821,-0.13559520148023993,-0.2729124589493923,-0.21997943302350387,-0.2570866236845529,-0.15261691257946466,-0.17893987350010643,-0.17864136624286958,-0.2567194633954663,1.101762687619266,-0.6418131497883105,1.6937567361306989,-0.6467845920628796,-1.022649264569533,1.022649264569533
-0.14219878822180954,-0.15432552672239208,-0.14204887010954226,-0.14752704615010245,-0.09312355590457254,-0.1538080612532321,-0.2385025492252241,-0.243234490338036,-0.13992059529117726,-0.197703845006939,-0.2272519645903079,-0.2532342010308268,1.101762687619266,-0.6418131497883105,-0.5904035559937899,1.546109805755517,0.9778523631178014,-0.9778523631178014
-0.18590484783376737,-0.14729709363261773,-0.1393946979796485,-0.17641344610284312,-0.24714779520863425,-0.1665443025226251,-0.187151376585552,-0.14297327872119173,-0.21218494772674756,-0.18178302207814,-0.0807120734468817,-0.07432082850529398,-0.9076364731145878,1.5580858702097802,-0.5904035559937899,-0.6467845920628796,-1.022649264569533,1.022649264569533
-0.21776486681890492,-0.3865471009683158,-0.12963124517328248,-0.22841053963158986,-0.3461762441782443,-0.20761675062922869,-0.1569217767815021,-0.18916554211899364,-0.20615276741764685,-0.19440024878645318,-0.07091389257562378,-0.055172042258873046,-0.9076364731145878,1.5580858702097802,-0.5904035559937899,-0.6467845920628796,-1.022649264569533,1.022649264569533
-0.15819408023602732,-0.19499807811094524,-0.15568646504511385,-0.22855688025375892,-0.12715894224123467,-0.09864352490088256,-0.23190904916422858,-0.16294708817271703,-0.13656039730582228,-0.16628014120266543,-0.2013534393962167,-0.15056206547030027,1.101762687619266,-0.6418131497883105,-0.5904035559937899,1.546109805755517,-1.022649264569533,1.022649264569533
-0.13694914259168725,-0.07938851996721437,-0.15928403186170623,-0.18911324237055668,-0.15599154932091777,-0.14728873614030813,-0.2245569464756134,-0.22264875895441252,-0.16587963795134816,-0.17174519446353192,-0.1766471276276614,-0.1837924381026616,-0.9076364731145878,1.5580858702097802,-0.5904035559937899,-0.6467845920628796,-1.022649264569533,1.022649264569533
-0.23041434478090825,-0.19973274395889745,-0.1333072090938605,-0.16447516389575137,-0.2886843876791269,-0.23522698409021295,-0.23354780140224538,-0.15006232273587766,-0.1353977767229552,-0.18122229561899744,-0.20700988245488455,0.005062988790502286,1.101762687619266,1.5580858702097802,-0.5904035559937899,-0.6467845920628796,-1.022649264569533,1.022649264569533
-0.18963532543722342,-0.22382790555776866,-0.1385279053359802,-0.12112164860158078,-0.22064541977201715,-0.18984644295014755,-0.18771850352381397,-0.13753930570549192,-0.2105618381439031,-0.18927177301329112,-0.23695875844646308,-0.10614548517773209,-0.9076364731145878,1.5580858702097802,-0.5904035559937899,-0.6467845920628796,0.9778523631178014,-0.9778523631178014
-0.1303152372613366,-0.18495869088106454,-0.16182218050520414,-0.12724017775918642,-0.07689402744174137,-0.19540289783712403,-0.24543078948448524,-0.26565258315617907,-0.17310194050396044,-0.19355887318172496,-0.19373114822389978,-0.2982012091687045,1.101762687619266,1.5580858702097802,-0.5904035559937899,-0.6467845920628796,-1.022649264569533,1.022649264569533
-0.14765599125080567,-0.12021207907423903,-0.15602862681958254,-0.1883650485775439,-0.1259193013423692,-0.1670564590934974,-0.23702407461840377,-0.23952044831113797,-0.15741386197523233,-0.17583478262632785,-0.2472219207441986,-0.23649096016363008,1.101762687619266,-0.6418131497883105,1.6937567361306989,-0.6467845920628796,0.9778523631178014,-0.9778523631178014
-0.17906307541551247,-0.26235545501145974,-0.1553219630933757,-0.19769520970723906,-0.0851829956832179,-0.11459370070183252,-0.24308975304577055,-0.19235115848858206,-0.16124675069009195,-0.18207223110925908,-0.31020968646551267,-0.21041957038908002,1.101762687619266,-0.6418131497883105,-0.5904035559937899,1.546109805755517,-1.022649264569533,1.022649264569533
-0.19135984525180796,-0.04951532884711058,-0.13691619536389457,-0.1849773665547153,-0.2446920851314056,-0.2679734440734589,-0.16522590520571623,-0.1238301416298439,-0.25413276638666404,-0.16836231130622348,-0.11007757951324307,-0.08159119000039235,-0.9076364731145878,-0.6418131497883105,1.6937567361306989,-0.6467845920628796,0.9778523631178014,-0.9778523631178014
-0.42777764642976607,-0.2951087841626624,-0.14069078773476473,-0.21543241312474282,-0.2434339439119891,-0.21398906378778726,-0.17203323642261295,-0.1147090085271894,-0.2721271109259451,-0.17694840127145917,-0.13180691335743108,-0.029961833115084865,-0.9076364731145878,-0.6418131497883105,1.6937567361306989,-0.6467845920628796,0.9778523631178014,-0.9778523631178014
-0.1720179880227501,-0.09629001390657509,-0.15221207251416632,-0.1500041920140654,-0.09321858488886335,-0.11018277753447793,-0.23125052146694944,-0.22342733042668672,-0.14236473478716305,-0.1714923774911142,-0.08414135974132222,-0.20263080997231148,1.101762687619266,-0.6418131497883105,1.6937567361306989,-0.6467845920628796,0.9778523631178014,-0.9778523631178014
9.379705553303202,-0.1379102297454033,10.184300332333201,-0.11080878751080604,-0.06910524819057813,-0.16781308463803968,-0.2447911678594423,-0.2794989844172443,-0.13280036637074188,-0.19546272494603778,-0.23425975921530298,-0.20742092045940558,1.101762687619266,-0.6418131497883105,-0.5904035559937899,-0.6467845920628796,-1.022649264569533,1.022649264569533
-0.09313440572809456,-0.23597094033556046,-0.1590915762155966,-0.1824125479171327,-0.1342549157485997,-0.18520724478737294,-0.22802801899584463,-0.2018577694691127,-0.1333520685798782,-0.1483756170295986,-0.16351731195644698,-0.22167046551095893,1.101762687619266,-0.6418131497883105,-0.5904035559937899,-0.6467845920628796,0.9778523631178014,-0.9778523631178014
-0.15284920475352207,-0.2732890764946527,-0.16570009466588378,-0.2108855239325386,-0.1395552784421235,-0.24164455597494208,5.124150996802995,-0.23582361299836568,-0.980942330150319,-0.18281402667648153,-0.14497190582085892,-0.17919453455297962,1.101762687619266,1.5580858702097802,-0.5904035559937899,-0.6467845920628796,0.9778523631178014,-0.9778523631178014
-0.20089474183902425,-0.11593518793759747,-0.13404129754457023,-0.19099204510386636,-0.2333896538544349,-0.1776847425951848,-0.19270382807126746,-0.09544279360863078,-0.23602022335697576,-0.16650579700800264,-0.11759907734126618,-0.07605708121815517,-0.9076364731145878,-0.6418131497883105,-0.5904035559937899,1.546109805755517,0.9778523631178014,-0.9778523631178014
-0.16070367416171266,-0.2326399743908288,-0.14166093163299306,-0.15875512243292625,-0.19580102707599564,-0.1484721051272687,-0.20005013100526195,-0.1377486445275157,-0.21059437720398605,-0.1791530811145479,-0.12408586111360559,-0.14226337112783832,-0.9076364731145878,-0.6418131497883105,-0.5904035559937899,1.546109805755517,-1.022649264569533,1.022649264569533
-0.09215073613951312,-0.25150070788793505,-0.14024812008045331,-0.06933061659140942,-0.0365442672999141,-0.2322373230677524,-0.2219082967530272,-0.3365555578038978,-0.12928537864689693,-0.15892427049429037,-0.13034936842065914,-0.33451407390740656,1.101762687619266,-0.6418131497883105,-0.5904035559937899,1.546109805755517,-1.022649264569533,1.022649264569533
-0.17627242544430644,-0.06151981173322941,-0.1457219093675376,-0.1388932469803293,-0.17180065167185532,-0.18590556220874166,-0.19802994233093152,-0.07767844349722818,-0.23917647464973027,-0.17857740425839425,-0.2133202927513833,-0.1925795253217071,-0.9076364731145878,-0.6418131497883105,1.6937567361306989,-0.6467845920628796,-1.022649264569533,1.022649264569533
-0.14838613944284845,-0.15327659621605852,-0.17363994438049787,-0.18584286303577657,-0.148185234078944,-0.18727729287634146,-0.24437904684854214,-0.22583117900189775,-0.18847258891708696,-0.21278808154097445,-0.14383815685218487,-0.1905374626317867,1.101762687619266,-0.6418131497883105,-0.5904035559937899,1.546109805755517,0.9778523631178014,-0.9778523631178014
-0.17977447006760272,-0.19509378258199148,-0.14682737357350636,-0.13008618798558086,-0.16737442525987906,-0.11170954834207257,-0.19804613577530558,-0.052206406810797405,-0.21383178023721217,-0.16070971913931334,-0.20557104144653282,-0.17536559887398898,-0.9076364731145878,-0.6418131497883105,-0.5904035559937899,1.546109805755517,-1.022649264569533,1.022649264569533
-0.2025963421552835,-0.20116452702402762,-0.14853557972227552,-0.14100076869804576,-0.17629298842749097,-0.09382476209808392,-0.2129939535528096,-0.16451605583395673,-0.20639311542463426,-0.15957803911270058,-0.15072768828017805,-0.1930698717688779,-0.9076364731145878,-0.6418131497883105,-0.5904035559937899,-0.6467845920628796,0.9778523631178014,-0.9778523631178014
-0.1873292163576094,-0.1529539958873354,-0.13968912630404756,-0.2554056872741804,-0.2570740036857178,-0.19657853600553757,-0.17382617329241037,-0.10436035896514795,-0.2032485672639448,-0.17546371394008708,-0.1980242678383851,-0.006144245433472923,-0.9076364731145878,-0.6418131497883105,1.6937567361306989,-0.6467845920628796,0.9778523631178014,-0.9778523631178014
-0.1545874450116391,-0.14536200621835407,-0.1502529674834804,-0.18168259756886304,-0.11691233046997529,-0.16087894406252862,-0.22367885503664425,-0.2186902816433123,-0.14644462995048854,0.12299466652316951,-0.20476791074112527,-0.1896784751789707,1.101762687619266,1.5580858702097802,-0.5904035559937899,-0.6467845920628796,0.9778523631178014,-0.9778523631178014
-0.1858449844841319,-0.2027745746737501,-0.13711822574488167,-0.2051831496963123,-0.2888723829306327,-0.21568710854809275,-0.17315749787961163,-0.12089212553361157,-0.20889841734906683,-0.18785368164133798,-0.2513001971320826,-0.033635351515305396,-0.9076364731145878,-0.6418131497883105,-0.5904035559937899,-0.6467845920628796,-1.022649264569533,1.022649264569533
-0.2005141068931114,-0.21370700704026796,-0.13475915585298615,-0.1598084177609008,-0.264324299600976,-0.18535526644820416,-0.16163798418799744,-0.10965991888400693,-0.19475506947036408,-0.17882740059000243,-0.1927457361718382,-0.0655222807363179,-0.9076364731145878,1.5580858702097802,-0.5904035559937899,-0.6467845920628796,-1.022649264569533,1.022649264569533
-0.17922368728919383,-0.07775635460026245,-0.15654170658992864,-0.1509252897350561,-0.10335644012245132,-0.17434860507307928,-0.22246095357530185,-0.2547124724140881,-0.15004808237101258,-0.17693090836473438,-0.25639926430157967,-0.21776894392137894,-0.9076364731145878,-0.6418131497883105,1.6937567361306989,-0.6467845920628796,-1.022649264569533,1.022649264569533
-0.12873984376537706,-0.1739834796328232,-0.1596011928347036,-0.17324967291870041,-0.10716391625496657,-0.23675978166989292,-0.23008666357103824,-0.24190827697994732,-0.18061597481012404,-0.18227126146654746,-0.14714632213505774,-0.2342237239471023,1.101762687619266,1.5580858702097802,-0.5904035559937899,-0.6467845920628796,0.9778523631178014,-0.9778523631178014
-0.23212299842490597,-0.23586876053751613,-0.13800825269873984,-0.15961455108000602,-0.22726663679792913,-0.14686012175275442,-0.1732577487852273,-0.1134337551115325,-0.21191090043194255,-0.16656507949442345,-0.03366255543829634,-0.09701556591345477,-0.9076364731145878,-0.6418131497883105,1.6937567361306989,-0.6467845920628796,-1.022649264569533,1.022649264569533
-0.4726728772977581,-0.21326467261979412,-0.16561313813680012,-0.16465820187252078,-0.13612114206139714,-0.17323808179121528,-0.23287516003175787,-0.1973723777838532,-0.15922648995123256,-0.1573052066275791,-0.1300596863700401,-0.20268530443047417,1.101762687619266,1.5580858702097802,-0.5904035559937899,-0.6467845920628796,0.9778523631178014,-0.9778523631178014
-0.19280620883784197,-0.17870773442734098,-0.14993957300176555,-0.11891349840624293,-0.20242640012382035,-0.16206540261050198,-0.18323527547666568,-0.12627988752877936,-0.17927250023370453,-0.19060242925702944,-0.10563405030348025,-0.16891660089701258,-0.9076364731145878,-0.6418131497883105,-0.5904035559937899,1.546109805755517,-1.022649264569533,1.022649264569533
-0.17717786246038783,-0.19130525614381008,-0.1313462113823168,-0.24875826267407136,-0.2875006526428657,-0.20323876707037844,-0.16490549712765798,-0.11263590969045029,-0.18823167441213073,-0.40473488176467426,-0.2125691104772188,0.00983943016406092,-0.9076364731145878,-0.6418131497883105,-0.5904035559937899,1.546109805755517,0.9778523631178014,-0.9778523631178014
4.142566200015026,5.791531058671633,1.8761174439628803,7.232453845576352,5.471661199736442,4.335841970980671,1.8867853568974962,3.991476849369291,5.038014955178498,4.326734614922762,5.461151120679099,5.748917241014678,-0.9076364731145878,-0.6418131497883105,-0.5904035559937899,-0.6467845920628796,0.9778523631178014,-0.9778523631178014
-0.16279749246092431,-0.20236117764289735,-0.14336814910046441,-0.1407159426324744,-0.09122885069696911,-0.24443214663071802,-0.23760642914592975,-0.2220722050528827,-0.1467838425100119,-0.17593707059123778,-0.2785948390347811,-0.20885931987655443,1.101762687619266,1.5580858702097802,-0.5904035559937899,-0.6467845920628796,-1.022649264569533,1.022649264569533
-0.07843797642329774,-0.22307625984581012,-0.15836920249815029,-0.14653601938193245,-0.1505619564904058,-0.21594945320784417,-0.22479972471734777,-0.22959448958563855,1.0641441742453117,1.3089370279610346,-0.14605516927623322,-0.2378446382621135,1.101762687619266,-0.6418131497883105,-0.5904035559937899,-0.6467845920628796,-1.022649264569533,1.022649264569533
-0.1683877798117009,-0.15967933411934057,-0.14254306768614877,-0.16991210670953968,-0.15701394842361832,-0.15102295756106432,-0.19039207924988036,-0.09196975647676968,-0.2446458306597387,-0.1524380121229052,-0.16338246927490868,-0.12258825592689042,-0.9076364731145878,-0.6418131497883105,-0.5904035559937899,-0.6467845920628796,0.9778523631178014,-0.9778523631178014
-0.13756114434931443,-0.27275970136204314,-0.15795465470882883,-0.14960100544827182,-0.1256154743677051,-0.1721105290620129,-0.2359031346455438,-0.24177963963329405,-0.16083290964120073,-0.18286356932530642,-0.16146922464196817,-0.23454380528967297,1.101762687619266,-0.6418131497883105,-0.5904035559937899,1.546109805755517,-1.022649264569533,1.022649264569533
-0.10894812068499575,-0.145742476270058,-0.15998111630158748,-0.19956387891813515,-0.11967895501241954,-0.1722489963461667,-0.24527152135546892,-0.19300520075810793,-0.15020406628032168,-0.179049070522299,-0.06706210289091241,-0.2522257749327023,1.101762687619266,-0.6418131497883105,1.6937567361306989,-0.6467845920628796,0.9778523631178014,-0.9778523631178014
-0.10748575129181832,-0.16925548713784047,-0.14685747829953605,-0.04187740581045426,0.02670332981236582,-0.29287757805554065,-0.23306323965122974,-0.2934861796966585,-0.11927251971520657,-0.18338778897862523,-0.14755523924327923,-0.42948468916676136,1.101762687619266,1.5580858702097802,-0.5904035559937899,-0.6467845920628796,0.9778523631178014,-0.9778523631178014
-0.15876461981872306,-0.10127186813327882,-0.15598185853280058,-0.155264678931102,-0.11503715906414604,-0.1579610351351214,-0.23859071160059217,-0.2503553104212879,-0.17458322711252397,-0.1913656472938038,-0.22162164414048205,-0.22552607339045036,1.101762687619266,-0.6418131497883105,-0.5904035559937899,1.546109805755517,0.9778523631178014,-0.9778523631178014
-0.18604636317872777,-0.24344346732836694,-0.14591904356055235,-0.16242461770028235,-0.23445959062017305,-0.21678227882967743,-0.18488596884526703,-0.16061937178979016,-0.24821281681486448,-0.2038232789490631,-0.11523999861620378,-0.0950469439544799,-0.9076364731145878,-0.6418131497883105,-0.5904035559937899,-0.6467845920628796,-1.022649264569533,1.022649264569533
1.7694761863570003,-0.22113871056404938,-0.1623927104614455,-0.17455525883196815,-0.09171762769936428,-0.13994638348271232,-0.25146939224941484,-0.1868785039314337,-0.14099786697652134,-0.18438835406881454,-0.12825251054245435,-0.24645703080906492,1.101762687619266,1.5580858702097802,-0.5904035559937899,-0.6467845920628796,0.9778523631178014,-0.9778523631178014
-0.17393309641443833,-0.19703691459123351,-0.13671187728329456,-0.1951331576712871,-0.15148195785844307,-0.16622780848374286,-0.18730174183972706,-0.10737054174160221,-0.20024217115546278,-0.17912218423629106,-0.20447433519989475,-0.10579608800606723,-0.9076364731145878,-0.6418131497883105,-0.5904035559937899,-0.6467845920628796,-1.022649264569533,1.022649264569533
-0.20927303240167042,-0.11511385562297022,-0.12723137675711033,-0.16154472319593693,-0.25181805950635516,-0.19360542147622403,-0.14008260974820733,-0.14293680649667917,-0.24562229362700544,-0.17835408684914023,-0.10592713760029754,0.008080760537091988,-0.9076364731145878,-0.6418131497883105,-0.5904035559937899,1.546109805755517,0.9778523631178014,-0.9778523631178014
-0.22949357961457684,-0.20054975628923472,-0.14083476417603316,-0.15509766372461722,-0.20421719320241816,-0.1419975805697997,-0.17733683535386008,-0.11079245168283364,-0.18975354905623742,-0.1794115524603432,-0.1565066591143607,-0.10760211804718291,-0.9076364731145878,-0.6418131497883105,1.6937567361306989,-0.6467845920628796,0.9778523631178014,-0.9778523631178014
-0.8483048387915015,-0.17629219465627258,-0.151688769503013,-0.15722587746100608,-0.1899084815284408,-0.15369530594817665,-0.20771403653552659,-0.2301664525404257,-0.1725511235886294,-0.6195984587939757,-0.299020833880676,-0.16795060853052393,1.101762687619266,1.5580858702097802,-0.5904035559937899,-0.6467845920628796,0.9778523631178014,-0.9778523631178014
-0.1907095054359649,-0.14210934479509646,-0.14687267431637396,-0.20023246190586913,-0.0981710524383233,-0.11566868752753584,-0.2274612836310123,-0.18410008015366178,-0.1474146951971143,0.1270974162764847,-0.20686015367531702,-0.15003001433197435,1.101762687619266,-0.6418131497883105,1.6937567361306989,-0.6467845920628796,0.9778523631178014,-0.9778523631178014
-0.14189628675741095,-0.07636716277048938,-0.14417045324369318,-0.17781513886777794,-0.0628364618228518,-0.11825461119559412,-0.24259356684341715,-0.21755188459751462,-0.13533855353068447,-0.17355822085551842,-0.22837486160208534,-0.23619604653340334,1.101762687619266,-0.6418131497883105,-0.5904035559937899,1.546109805755517,0.9778523631178014,-0.9778523631178014
-0.14177024530358645,-0.20057612778946277,-0.16011468781384156,-0.2256228038339989,-0.1109250332148815,-0.10880063613336814,-0.24570415955060243,-0.18668003330633107,-0.15517473096762244,-0.16429477389535907,-0.07557191854575,-0.17398405382807866,1.101762687619266,-0.6418131497883105,1.6937567361306989,-0.6467845920628796,-1.022649264569533,1.022649264569533
-0.18343280478878923,-0.2178068496636884,-0.1389649587343165,-0.1778434489622785,-0.18347239234302443,-0.1929867145180016,-0.20661665196660253,-0.13307072342349607,-0.19606752149824452,-0.1895770977068115,-0.22946643064876704,-0.13715429793506448,-0.9076364731145878,1.5580858702097802,-0.5904035559937899,-0.6467845920628796,0.9778523631178014,-0.9778523631178014
-0.14747509709239007,-0.2045484774825352,-0.15896562126932381,-0.17318505198847864,-0.111373707733863,-0.1495145158231737,-0.2432401441432571,-0.20886887289738257,-0.18730174222167545,-0.18342353926959282,-0.16373963089662147,-0.22751498010299523,1.101762687619266,-0.6418131497883105,1.6937567361306989,-0.6467845920628796,-1.022649264569533,1.022649264569533
-0.15593280767563814,-0.1313069679808916,-0.16351091835085857,-0.1415156334125049,-0.06863212579259195,-0.10411528388733521,-0.2592484497138615,-0.2484843922246004,-0.13364474022713932,-0.20524654664855335,-0.14536109271755313,-0.31319269316580506,1.101762687619266,-0.6418131497883105,1.6937567361306989,-0.6467845920628796,0.9778523631178014,-0.9778523631178014
4.429572196149128,5.830130067779671,2.2772452503105556,6.68317066422239,3.360845891739833,3.537792158962904,0.8305150592416443,4.333534618317184,2.527108794045561,4.031575411562469,4.773985349581342,3.6834124019868573,1.101762687619266,-0.6418131497883105,1.6937567361306989,-0.6467845920628796,0.9778523631178014,-0.9778523631178014
-0.18892384754905844,-0.2223385044611043,-0.13249651363329815,-0.20043201078742723,-0.2346470640017369,-0.18397800033298617,-0.17511077425552432,-0.11867920441635567,-0.2238866025470317,-0.15803987262417857,-0.24952619085215125,-0.020400105302242667,-0.9076364731145878,1.5580858702097802,-0.5904035559937899,-0.6467845920628796,-1.022649264569533,1.022649264569533
-0.12190640941570868,-0.14001240203309676,-0.15341472286213742,-0.15661112760969095,-0.1557921213693346,-0.10248605487292906,1.5734908803606509,-0.18341662192726807,-0.1358492585284621,-0.10065660539713342,-0.16166950325098287,-0.21057091222754012,1.101762687619266,1.5580858702097802,-0.5904035559937899,-0.6467845920628796,-1.022649264569533,1.022649264569533
-0.13105759063317177,-0.13741947676183325,-0.1481982006207658,-0.18473677364673338,-0.12381097425828455,-0.18144988035425594,-0.23257815259119488,-0.20726411135811149,-0.12123432332627872,-0.17329396760746935,-0.15576939883528962,-0.1996027506814026,-0.9076364731145878,-0.6418131497883105,-0.5904035559937899,1.546109805755517,0.9778523631178014,-0.9778523631178014
-0.13058888938291388,-0.14442207691248193,-0.15248555843879485,-0.13935350872341695,-0.0640799544017256,-0.12641819321086623,-0.24559786561347305,-0.24780657678412954,-0.14482181305837946,-0.17614635257075822,-0.032797897162322426,-0.27241408649032905,1.101762687619266,-0.6418131497883105,-0.5904035559937899,-0.6467845920628796,0.9778523631178014,-0.9778523631178014
-0.32557998605877814,-0.20706763031045894,-0.1502646117620774,-0.08194310417910439,-0.2108273937244165,-0.1317005883381484,0.943639341406869,-0.13236103064398416,-0.2596116975292455,-0.1861240341769962,-0.07471405118778178,-0.11104660142242459,-0.9076364731145878,-0.6418131497883105,1.6937567361306989,-0.6467845920628796,0.9778523631178014,-0.9778523631178014
-0.19315821228161967,-0.35467940337338527,-0.14194232611129184,-0.06704054532426754,-0.13323739714742044,-0.1713288938986709,-0.1900221230983584,-0.11723767541859388,-0.2574426223482033,-0.16318277486979876,-0.19522973709940158,-0.21784114825354922,-0.9076364731145878,-0.6418131497883105,-0.5904035559937899,-0.6467845920628796,0.9778523631178014,-0.9778523631178014
-0.15613871068105584,-0.11524596360841019,-0.1640108836818241,-0.19353099020817532,-0.10944059988703543,-0.1706967587072273,-0.24106780694455152,-0.2279619727239495,-0.16691706297875222,-0.1883532039773757,-0.1618368015807672,-0.2100530899124823,1.101762687619266,1.5580858702097802,-0.5904035559937899,-0.6467845920628796,0.9778523631178014,-0.9778523631178014
-0.1504014440336329,-0.059303931901023815,-0.15962787115108842,-0.14846470322403227,-0.13397859720244562,-0.16321995769512987,8.768744774670092,-0.23714706090200277,-0.14770266517973066,-0.1777646979742167,-0.240014763001992,-0.24231131242056878,1.101762687619266,1.5580858702097802,-0.5904035559937899,-0.6467845920628796,-1.022649264569533,1.022649264569533
-0.19333138349396373,-0.18447099349498347,-0.1440913393935663,-0.18206482238893087,-0.22454836457744642,-0.16947549380139698,-0.18972616035672252,-0.12078601553070455,-0.20879391779741036,-0.3945178387058621,0.01475270148611768,-0.10715937581644748,-0.9076364731145878,1.5580858702097802,-0.5904035559937899,-0.6467845920628796,0.9778523631178014,-0.9778523631178014
-0.16396405652613927,-0.1798423181234069,-0.14288326569135587,-0.18740034327131846,-0.2292058329854982,-0.22864351226633828,-0.18215745869058578,-0.1351587922496644,-0.22294041843455512,-0.1918744670066623,-0.20765994354735443,-0.11361818959583789,-0.9076364731145878,-0.6418131497883105,1.6937567361306989,-0.6467845920628796,-1.022649264569533,1.022649264569533
-0.17726987347646025,-0.10518607416056563,-0.14950495364782962,-0.16391087227107987,-0.1528079859635838,-0.111223032079585,-0.2333478842770688,-0.17192384025622995,-0.17553423197378415,-0.20134948289998886,-0.2468142170327027,-0.1441827505633229,1.101762687619266,-0.6418131497883105,-0.5904035559937899,1.546109805755517,-1.022649264569533,1.022649264569533
-0.15967271007874015,-0.20416919318015514,-0.1699324797402298,-0.23030677537955258,-0.09485344666780464,-0.1432619549813966,-0.2530959195659646,-0.14628178764254118,-0.17492979681067145,-0.17013880685656899,-0.16910608783458705,-0.178479340022905,1.101762687619266,1.5580858702097802,-0.5904035559937899,-0.6467845920628796,-1.022649264569533,1.022649264569533
-0.13882433125214302,-0.247147140201413,-0.13768789684034635,-0.10942888117888278,-0.11393544464846518,-0.12186968008837808,-0.22565643991792989,-0.2435006853622473,-0.1580821645457616,-0.1787594900597688,-0.18756031698633707,-0.2384449090483093,1.101762687619266,1.5580858702097802,-0.5904035559937899,-0.6467845920628796,0.9778523631178014,-0.9778523631178014
-0.19206771776851275,-0.19119532415013601,-0.15093663118137443,-0.05997782724370773,-0.09877716700888313,-0.07025032179890849,-0.21411664759773774,-0.06150186276785075,-0.18359918507474215,-0.1702846544847501,-0.1953309520395468,-0.2971025452668651,-0.9076364731145878,-0.6418131497883105,-0.5904035559937899,1.546109805755517,0.9778523631178014,-0.9778523631178014
-0.16518880618318832,-0.1446989322885725,-0.1374190437767227,-0.19263343840167313,-0.18519907067017982,-0.14213079116735874,-0.1943143117651242,-0.05124339737037894,-0.21107083935359444,-0.3980198256480427,-0.2781865338307081,-0.11433214463517002,-0.9076364731145878,-0.6418131497883105,-0.5904035559937899,1.546109805755517,-1.022649264569533,1.022649264569533
-0.09614278673368153,-0.26758692281262103,-0.16501111809585164,-0.13502333793138444,-0.08733731837300919,-0.19330403740840793,-0.2542456418697878,-0.25658353236229603,-0.18489701740218273,-0.2078073437620966,-0.1422286894609256,-0.3295979624633873,1.101762687619266,-0.6418131497883105,1.6937567361306989,-0.6467845920628796,-1.022649264569533,1.022649264569533
-0.23130321511636173,-0.12462180161329613,-0.14358131336829952,-0.2008142378024004,-0.31224742800609817,-0.1530985638632616,-0.17696411960844544,-0.13264950085226943,-0.22499844365989385,-0.188099854539979,-0.10699926354303195,0.0031017171302644146,-0.9076364731145878,1.5580858702097802,-0.5904035559937899,-0.6467845920628796,0.9778523631178014,-0.9778523631178014
-0.11069740839182762,-0.07682006516939797,-0.15259679304048343,-0.18109533838604042,-0.17991100872731558,-0.20667495569044106,-0.2239965922502901,-0.20396181345851522,-0.15014022787552475,-0.16682932598099318,-0.20882347125685383,-0.17340815446515495,1.101762687619266,1.5580858702097802,-0.5904035559937899,-0.6467845920628796,0.9778523631178014,-0.9778523631178014
-0.18723745581166,-0.17563790503953844,-0.13519234681085268,-0.16552794601000995,-0.2107113650861012,-0.15007393472587904,-0.1819897130284421,-0.08718202422468282,-0.21596064606632637,-0.15181190691429258,-0.23911490685043274,-0.09408880070762762,-0.9076364731145878,-0.6418131497883105,1.6937567361306989,-0.6467845920628796,0.9778523631178014,-0.9778523631178014
-0.15847524621593875,-0.1844773291148701,-0.16696327602292912,-0.14943147387957792,-0.09122803269517935,-0.12077005775811327,-0.25447873330936327,-0.21034292029535132,-0.15943869963484233,-0.19856298769769004,-0.11051066568763428,-0.2825271625529728,1.101762687619266,-0.6418131497883105,-0.5904035559937899,1.546109805755517,0.9778523631178014,-0.9778523631178014
-0.14604594270868274,-0.11536598963205441,-0.15015317514081006,-0.18632428340245905,-0.0943780724633834,-0.16781193403781516,-0.2337096153729616,-0.20272246391025192,-0.1349152007154732,-0.1725588916104051,-0.17254332550644672,-0.22477766575755753,1.101762687619266,-0.6418131497883105,-0.5904035559937899,-0.6467845920628796,-1.022649264569533,1.022649264569533
-0.22451112405008344,-0.18881842413596767,-0.1480977987195859,-0.14504425650391986,-0.2693267034977323,-0.09807468017704575,-0.19030501364343932,-0.10763319188031065,-0.18821403466001665,-0.18666526516799642,-0.2874992829789548,-0.09607005492289354,-0.9076364731145878,-0.6418131497883105,-0.5904035559937899,-0.6467845920628796,0.9778523631178014,-0.9778523631178014
-0.14136745256433458,-0.10029020244022445,-0.14832376938448388,-0.17592571531395765,-0.02169868101356726,-0.09331905653262632,-0.25325424153235887,-0.17439757864309546,-0.1284102303961615,-0.16527797157087118,-0.15843614981965798,-0.2204182221536946,1.101762687619266,-0.6418131497883105,1.6937567361306989,-0.6467845920628796,0.9778523631178014,-0.9778523631178014
-0.2066298115966002,-0.17466505079217828,-0.1382763896528417,-0.16642739773980963,-0.2320731231062366,-0.16069258291265096,0.8669277304346835,-0.11868846559045897,-0.20278843169227903,1.3089370279610346,-0.20456531424198035,-0.07381983028456472,-0.9076364731145878,-0.6418131497883105,-0.5904035559937899,-0.6467845920628796,0.9778523631178014,-0.9778523631178014
-0.08839801598103661,-0.25306949786375166,-0.14577241058372292,-0.1455253878298978,-0.13198496646155278,-0.1627216041763536,-0.22589955479175947,-0.21127638729482012,-0.15481726532066203,-0.1638878062828166,-0.10834102608798651,-0.23078275709210005,1.101762687619266,-0.6418131497883105,-0.5904035559937899,1.546109805755517,-1.022649264569533,1.022649264569533
-0.3649056849697957,-0.8070122898770491,-0.08274028507591982,0.24064240960104813,-0.7158204652333257,-0.6052227212983091,0.1723223248385534,0.08349890210193535,-0.2820937340137871,-0.05582518678329617,0.4796331989254875,0.09496280596950986,-0.9076364731145878,-0.6418131497883105,-0.5904035559937899,-0.6467845920628796,-1.022649264569533,1.022649264569533
-0.22095102811288306,-0.15114579893966223,-0.17541874889096928,-0.2433218123386655,-0.06071719901738922,-0.13582774290682473,-0.2730085946715937,-0.17046211391160404,-0.1440916434374212,-0.1987629477706157,-0.19920513102959356,-0.2070228712541442,1.101762687619266,-0.6418131497883105,1.6937567361306989,-0.6467845920628796,-1.022649264569533,1.022649264569533
-0.12900742520684214,-0.17394916220229334,-0.15773525633282884,-0.17203681808916715,-0.20681323518507863,-0.17129777862000914,-0.21832553364870963,-0.17548759716854376,-0.15607577865536362,-0.17258888022869395,-0.24342333828361867,-0.1707523097883138,1.101762687619266,-0.6418131497883105,1.6937567361306989,-0.6467845920628796,-1.022649264569533,1.022649264569533
-0.1860531215947411,-0.20465655656831533,-0.13780356537708824,-0.19173790714151295,-0.2254437695659583,-0.16777391752989404,-0.18487579545139549,-0.13744192675704095,-0.23565451597785647,-0.1771183596702421,-0.32811474281820796,-0.08349579345898109,-0.9076364731145878,1.5580858702097802,-0.5904035559937899,-0.6467845920628796,0.9778523631178014,-0.9778523631178014
-0.1737934582746321,-0.17477016166938003,-0.14184720609220816,-0.169690593689579,-0.21403741870609955,-0.18733985662608507,-0.19470854794541262,-0.17458797069936904,-0.22135969293414415,-0.17503569159010046,-0.16793720087851652,-0.13872198946778166,-0.9076364731145878,1.5580858702097802,-0.5904035559937899,-0.6467845920628796,-1.022649264569533,1.022649264569533
-0.16344362159792802,-0.2191240006347556,-0.15481651531747181,-0.17762792642497877,-0.17902754955138828,-0.19572133339191478,-0.21772802944361164,-0.21373972260718416,-0.22881036414077727,-0.40450785255928096,-0.21492335978785437,-0.1613013075776731,-0.9076364731145878,-0.6418131497883105,-0.5904035559937899,-0.6467845920628796,0.9778523631178014,-0.9778523631178014
-0.20921804083455314,-0.19262599076522807,-0.12012935461308918,-0.25444914843995353,-0.2584984874105307,-0.2122475363754045,-0.1714350077231075,-0.0923715024762169,-0.19493209641319975,-0.1409322654795866,-0.1575561392213698,-0.04416936779957777,-0.9076364731145878,1.5580858702097802,-0.5904035559937899,-0.6467845920628796,0.9778523631178014,-0.9778523631178014
-0.18391013202370482,-0.18425804141842964,10.184300332333201,-0.23031322969865092,-0.11309574410730829,-0.09654836653736097,-0.2261743369462021,-0.15350932020325636,-0.19531078811534475,-0.174471179320615,-0.2341986964857111,-0.12979720684789303,1.101762687619266,-0.6418131497883105,-0.5904035559937899,-0.6467845920628796,-1.022649264569533,1.022649264569533
-0.20138963618428501,-0.16398349313540064,-0.13885756754308778,-0.17162126538735833,-0.22960354388127585,-0.16447329636065652,-0.17724975430496884,-0.10297402307994745,-0.17021534533465968,-0.18289981024472168,-0.10610054309343112,-0.1075268418148891,-0.9076364731145878,1.5580858702097802,-0.5904035559937899,-0.6467845920628796,-1.022649264569533,1.022649264569533
5.971018252926981,4.181881182433608,1.3316304560816175,3.1036176057937372,6.277208893274789,5.326648016013459,2.039762266108878,5.265990556159441,6.368978562782025,3.7885709040255335,7.398416084725097,9.303390696608968,-0.9076364731145878,-0.6418131497883105,-0.5904035559937899,1.546109805755517,0.9778523631178014,-0.9778523631178014
-0.12483356529925792,-0.14861347186385646,-0.1531492739503157,-0.1697620551594814,-0.0735003889441365,-0.1790956147892419,-0.23970571566647006,-0.21905608501722548,-0.13827508231603505,-0.18259516641270154,-0.22723224378803875,-0.2405959540422589,-0.9076364731145878,-0.6418131497883105,-0.5904035559937899,1.546109805755517,0.9778523631178014,-0.9778523631178014
-0.16148154390499275,-0.14361604229783154,-0.15535379468282448,-0.1992965107127266,-0.08695124051192273,-0.12629060963677802,1.5591287254848545,-0.17812495416654567,-0.1779744603037051,-0.18620045911901287,-0.21223022515702694,-0.2093266522031608,-0.9076364731145878,1.5580858702097802,-0.5904035559937899,-0.6467845920628796,0.9778523631178014,-0.9778523631178014
4.493621537658988,5.295507499645399,2.155820041936286,5.8488270852841895,5.481308141323415,6.5213084155761285,1.575826507624032,8.338808889189345,4.715708069314777,6.409669316193189,3.3941122303559474,4.665179744629493,-0.9076364731145878,-0.6418131497883105,-0.5904035559937899,-0.6467845920628796,-1.022649264569533,1.022649264569533
-0.13449366130973436,-0.2547040576425678,-0.15448183957415906,-0.1364714349044827,0.0029597447529233606,-0.2160146761649788,-0.24961253127685237,-0.2879443179006399,-0.14869416063714316,-0.20735732526431064,-0.10450546983094709,-0.3625506500095362,1.101762687619266,1.5580858702097802,-0.5904035559937899,-0.6467845920628796,0.9778523631178014,-0.9778523631178014
-0.11815318550459307,-0.13152581804688812,-0.1531911867925794,-0.18072554324810458,-0.11058388973318539,-0.16875388973119776,-0.231078973680176,-0.2004911126694054,-0.12384606561790806,-0.1717387917702962,-0.0876589133888452,-0.231354311114568,1.101762687619266,-0.6418131497883105,-0.5904035559937899,1.546109805755517,0.9778523631178014,-0.9778523631178014
-0.16952363867488965,-0.2114823367089173,-0.12990175093710868,-0.2201861555762899,-0.1732271481437557,-0.23096812077035167,5.0631397473298225,-0.11779249379736707,-0.23991278262593851,-0.1457894152337428,-0.2551892585034877,-0.042102553505903056,-0.9076364731145878,-0.6418131497883105,1.6937567361306989,-0.6467845920628796,0.9778523631178014,-0.9778523631178014
-0.309694984621581,-0.10520041660894618,-0.14250480596210174,-0.21941552605220693,-0.23736707906115598,-0.12791831694309388,-0.20038064002275416,-0.14585814115106252,-0.09628229546709641,-0.15980818656957116,-0.20987595319898858,-0.0032102003427700735,-0.9076364731145878,-0.6418131497883105,1.6937567361306989,-0.6467845920628796,-1.022649264569533,1.022649264569533
-0.1648385838579358,-0.22178822957920324,-0.13749693932562132,-0.2060298283891567,-0.19823122493906414,-0.17697254334094192,-0.18455070537584867,-0.085426331085583,-0.23181121150982217,-0.15654223725219693,-0.2246633759208296,-0.07088847662178638,-0.9076364731145878,-0.6418131497883105,-0.5904035559937899,-0.6467845920628796,-1.022649264569533,1.022649264569533
-0.2623600655584379,-0.4941861330807518,-0.1717006545576427,0.25652315632300343,-0.3565852664730222,0.1418466115494653,-0.11630721309705556,0.6754299625961752,-0.2493952027145685,-0.06380342729089081,-1.047312885958052,-0.22776749604569352,-0.9076364731145878,1.5580858702097802,-0.5904035559937899,-0.6467845920628796,0.9778523631178014,-0.9778523631178014
-0.14881209364694375,-0.15440817956527333,-0.15409769714440225,-0.19247510942962548,-0.09443583669559309,-0.21844705288066577,-0.2284765490342432,-0.20226982900026208,-0.1397779490356244,-0.16806429166434034,-0.13312718864374737,-0.1764706447967755,1.101762687619266,1.5580858702097802,-0.5904035559937899,-0.6467845920628796,0.9778523631178014,-0.9778523631178014
-0.20614949188814766,-0.16507395520760398,-0.13455144422637116,-0.19603530503903213,-0.22608135169321383,-0.21221179687915373,-0.1603920734991239,-0.10808929132322277,-0.21431163240983167,-0.18843127553045,-0.2053281583882476,-0.06339103003425832,-0.9076364731145878,-0.6418131497883105,1.6937567361306989,-0.6467845920628796,0.9778523631178014,-0.9778523631178014
-0.16978057588988574,-0.18941002516315825,-0.14490373959638708,-0.16249887385204195,-0.1933284472896009,-0.16609545570109133,-0.19762719251587943,-0.12726886265440138,-0.22393156889160967,-0.17282917471918957,-0.14714917819193465,-0.12771403166405604,-0.9076364731145878,-0.6418131497883105,-0.5904035559937899,1.546109805755517,-1.022649264569533,1.022649264569533
-0.1862737107280769,-0.1276331539309367,-0.13864651267394992,-0.18202991655366912,-0.18834410185828732,-0.16373196706429527,-0.18610570077330887,-0.09546890725108068,-0.23865226896833872,-0.17895169586715828,-0.19757590582351262,-0.07903281728809053,-0.9076364731145878,-0.6418131497883105,-0.5904035559937899,1.546109805755517,0.9778523631178014,-0.9778523631178014
-0.18315387307692482,-0.27058579921778164,-0.14704181950018752,-0.14892174160509358,-0.21665804694927907,-0.11615940524122856,-0.1994232574528618,-0.11484391484744202,-0.18800684769916878,-0.18106422557664753,-0.17450049000631415,-0.1470246326323959,-0.9076364731145878,1.5580858702097802,-0.5904035559937899,-0.6467845920628796,0.9778523631178014,-0.9778523631178014
-0.15270747301927445,-0.19299520301803308,-0.15526183539594482,-0.18183858057879138,-0.06210399400499197,-0.14849259530164113,-0.24321347885625014,-0.21695740681079376,-0.14020324998853204,-0.16133871888869847,-0.19195844294948125,-0.21432530741093567,1.101762687619266,-0.6418131497883105,-0.5904035559937899,-0.6467845920628796,-1.022649264569533,1.022649264569533
-0.20366530983886438,-0.061664278407149116,-0.13512962201548592,-0.18469796855834772,-0.230094759114868,-0.1962060025269389,-0.17222891209956112,-0.16566002839020796,-0.21860845619721597,-0.17895969224195224,-0.12150631013191633,-0.09622930763748841,-0.9076364731145878,1.5580858702097802,-0.5904035559937899,-0.6467845920628796,0.9778523631178014,-0.9778523631178014
-0.10860488002420851,-0.17660586154592403,10.184300332333201,-0.13454289632377806,-0.12414647384761637,-0.1539790072170069,-0.2249221959474388,-0.25785617814305745,-0.14472316306371258,-0.18802297176423807,-0.1937374857020179,-0.2340012206418285,1.101762687619266,-0.6418131497883105,-0.5904035559937899,1.546109805755517,-1.022649264569533,1.022649264569533
-0.13317994112668816,-0.2178372413027289,-0.15181268408478257,-0.1730681192231431,-0.15107077375157713,-0.17094253892057873,-0.21718199960095136,-0.2049956808553307,-0.15956852219817502,-0.15595707172896217,-0.15258905777215978,-0.19829370943204444,1.101762687619266,-0.6418131497883105,-0.5904035559937899,1.546109805755517,-1.022649264569533,1.022649264569533
-0.21091750517985666,-0.1763370185468353,-0.14056254385118536,-0.17495684044768187,-0.2402934398957766,-0.18861436533359022,5.0631397473298225,-0.131777027726523,-0.1928432619645661,0.11772207231072435,-0.19126831560109406,-0.10125708945643828,-0.9076364731145878,-0.6418131497883105,-0.5904035559937899,1.546109805755517,-1.022649264569533,1.022649264569533
-0.1925863153294886,-0.14103595518769874,-0.16264269492187353,-0.20229959390911903,-0.08022149698336646,-0.09789049274276773,-0.24317660905470517,-0.19476128508122956,-0.11785026988084768,-0.17762886037914796,-0.19480050780843672,-0.20827072194451254,1.101762687619266,1.5580858702097802,-0.5904035559937899,-0.6467845920628796,0.9778523631178014,-0.9778523631178014
-0.16314548778995858,-0.19171774448855355,-0.13299290772874672,-0.22770504550129333,-0.18829399549697823,-0.27295883083285205,-0.18809112875288128,-0.13008835318050732,-0.23861452108272635,-0.16997436740824154,-0.22175465355955545,-0.11775594384192649,-0.9076364731145878,-0.6418131497883105,-0.5904035559937899,-0.6467845920628796,-1.022649264569533,1.022649264569533
-0.11921900983037549,-0.1681224313828594,-0.16888483857074238,-0.20553272895329422,-0.19431695737434784,-0.13956686842650418,-0.23508769466280857,-0.1448708092537222,-0.17159087042152918,-0.16525095574223242,-0.2549742395331997,-0.16274779100398998,1.101762687619266,-0.6418131497883105,-0.5904035559937899,1.546109805755517,0.9778523631178014,-0.9778523631178014
-0.1536748175955802,-0.2055626016231386,-0.17581828114947867,-0.29675917011377717,-0.12763359540623753,-0.09259320042512859,-0.2409680495547049,-0.09253368859981229,-0.1681066306233684,-0.1673396266310955,-0.16920977126189976,-0.05659116380063839,1.101762687619266,1.5580858702097802,-0.5904035559937899,-0.6467845920628796,-1.022649264569533,1.022649264569533
-0.14527109100648392,-0.20522542062176555,-0.16089675750869079,-0.14526130191421796,-0.15405671275110325,-0.1395442215454129,-0.22151113461405822,-0.1959301130604091,-0.15953514395226648,-0.17320679855685317,-0.17062172287194996,-0.18005573272000086,1.101762687619266,-0.6418131497883105,-0.5904035559937899,1.546109805755517,0.9778523631178014,-0.9778523631178014
-0.11242334093038717,-0.20186150596153557,-0.164195697361404,-0.1638071146146507,-0.08530826379565701,-0.1994415008138756,-0.23079435613956434,-0.23381340103922774,-0.1591337779484802,-0.16626312221217834,-0.06774317307602314,-0.2215769452037929,1.101762687619266,1.5580858702097802,-0.5904035559937899,-0.6467845920628796,-1.022649264569533,1.022649264569533
-0.20477065452009158,-0.18058147910693684,-0.1469768841467161,-0.11256417201296554,-0.22449158810078693,-0.17299532359684985,-0.18738668516511145,-0.10864115302319167,-0.20232060533868956,-0.17416352139330107,-0.11347681020802797,-0.16925434150173668,-0.9076364731145878,1.5580858702097802,-0.5904035559937899,-0.6467845920628796,0.9778523631178014,-0.9778523631178014
-0.14222872735534373,-0.13871600658559227,-0.15448662533760282,-0.20781478201421388,-0.12445613971799868,-0.1210189840553164,-0.23472246852371034,-0.17957757249478873,-0.15051941283716824,-0.15880207177769445,-0.005160730300464445,-0.19346297348714386,1.101762687619266,-0.6418131497883105,-0.5904035559937899,-0.6467845920628796,0.9778523631178014,-0.9778523631178014
-0.20091386146581558,-0.20331590360249963,-0.13885191158072602,-0.1704380282998666,-0.1921043802755655,-0.18350006428205914,0.8670089480204846,-0.14211698884255664,-0.2160566831872494,-0.18027373330348348,-0.15311396828554322,-0.10883919921507368,-0.9076364731145878,-0.6418131497883105,-0.5904035559937899,-0.6467845920628796,-1.022649264569533,1.022649264569533
-0.13652215463200726,-0.2507046718154986,-0.1673869512374538,-0.22383677689799963,-0.19860996728894798,-0.11428855029193898,-0.23345740154109118,-0.15682529871708759,-0.15333378691196115,-0.1558088051087877,-0.14877830979326187,-0.12781384161357978,1.101762687619266,-0.6418131497883105,-0.5904035559937899,1.546109805755517,0.9778523631178014,-0.9778523631178014
-0.20057232033936395,-0.1106783889032261,-0.1315275415144808,-0.24559326150606478,-0.25920239236182574,-0.20115369851915826,-0.1616980592671332,-0.12005215151205563,-0.20423432948606762,-0.17142198987578436,-0.19120935022073593,-0.0017304188489490288,-0.9076364731145878,1.5580858702097802,-0.5904035559937899,-0.6467845920628796,0.9778523631178014,-0.9778523631178014
-0.18035365055288222,-0.16172843554601124,-0.15614598507115854,-0.21666728680040256,-0.09175154945993653,-0.1437066018679889,-0.23915869646873703,-0.1765010247161837,-0.1567718439123771,-0.18374507735171142,-0.08023803308653964,-0.15352776461321133,1.101762687619266,-0.6418131497883105,1.6937567361306989,-0.6467845920628796,0.9778523631178014,-0.9778523631178014
-0.19941009879921698,-0.15935896692976217,-0.14966944495914997,-0.10762663784312387,-0.24779369910006374,-0.17553211971351393,-0.19503366938551403,-0.14149657065446095,-0.2660160273796923,-0.20782158321682898,-0.1939274821060345,-0.15347926390867428,-0.9076364731145878,-0.6418131497883105,1.6937567361306989,-0.6467845920628796,0.9778523631178014,-0.9778523631178014
-0.13654203799384823,-0.15312515645968322,-0.1423802144945699,-0.21683792575982833,-0.16234560176263588,-0.22451715847386575,-0.19664285480900773,-0.11768652666532019,-0.2379959088103144,-0.16662790033264915,-0.19071611759777146,-0.10760656588059125,-0.9076364731145878,-0.6418131497883105,1.6937567361306989,-0.6467845920628796,-1.022649264569533,1.022649264569533
-0.1336543524361349,-0.15435750580170662,-0.1640366803252721,-0.16967627009793845,-0.10191726810722095,-0.14459686861031293,-0.24403797398409063,-0.19793332966996785,-0.13878683527182362,-0.17742196142238081,-0.2112080983245964,-0.23906241237684334,1.101762687619266,-0.6418131497883105,1.6937567361306989,-0.6467845920628796,-1.022649264569533,1.022649264569533
-0.08482893533408145,-0.23209198957274207,-0.1598589360524826,-0.1487923665520753,-0.09910735287889946,-0.23144885294362616,-0.2372912054223712,-0.2504514829929517,-0.15282248493361766,-0.18488614569538256,-0.20742896561573326,-0.2970679955945855,1.101762687619266,-0.6418131497883105,1.6937567361306989,-0.6467845920628796,-1.022649264569533,1.022649264569533
-0.5256069243998205,-0.16971841221503944,-0.14324335864298354,-0.14846594181089967,-0.2229326920523993,-0.1427362290624907,-0.19113413199105803,-0.11653746109961494,-0.5322881839120861,-0.18053471169678403,-0.1513629524231238,-0.12089310557969932,-0.9076364731145878,-0.6418131497883105,1.6937567361306989,-0.6467845920628796,-1.022649264569533,1.022649264569533
-0.12605202812490302,-0.13567036945991034,-0.1612799717207109,-0.15040883923479464,-0.06632354850356734,-0.18740858163457516,-0.2453892918436145,-0.2172092206948169,-0.13622568194811951,-0.15324105605427743,-0.17068505387150043,-0.26414246907962957,1.101762687619266,-0.6418131497883105,1.6937567361306989,-0.6467845920628796,-1.022649264569533,1.022649264569533
-0.1955276206615308,-0.18654876284520283,-0.1659597058231159,-0.21025896626203186,-0.10539793389118433,-0.1134345241466701,-0.2463380943058455,-0.16822988586700713,-0.16250154951020568,-0.17141516128491482,-0.16394518857373294,-0.20714911143465337,1.101762687619266,-0.6418131497883105,-0.5904035559937899,1.546109805755517,0.9778523631178014,-0.9778523631178014
-0.20599781648895685,-0.16091380381170475,-0.1412191600883963,-0.15877614335328855,-0.21383338897752072,-0.1709424321359195,-0.18210468385433007,-0.15581577032447885,-0.20097755232664483,-0.17402335296751925,-0.18992120898227452,-0.09107293189240132,-0.9076364731145878,-0.6418131497883105,-0.5904035559937899,-0.6467845920628796,-1.022649264569533,1.022649264569533
-0.21207535832924124,-0.11344061466203884,-0.1430785392116683,-0.15712969281764766,-0.25349431751355783,-0.1168487176201546,-0.19235154906113341,-0.10252714951695838,-0.20451777756271258,-0.19282412696622336,-0.1347189370078356,-0.12904608783427374,-0.9076364731145878,-0.6418131497883105,-0.5904035559937899,1.546109805755517,-1.022649264569533,1.022649264569533
-0.10693927272231504,-0.08907253107442412,-0.1526314047475007,-0.15857422105842833,-0.19788662259667775,-0.16527512677254685,-0.21810287376512338,-0.19360321351139348,-0.17294961497021324,-0.1661503340485569,-0.19419808800632726,-0.1705663477901264,1.101762687619266,1.5580858702097802,-0.5904035559937899,-0.6467845920628796,0.9778523631178014,-0.9778523631178014
-0.0244737039194027,-0.8642164352048444,-0.19997643246129976,0.3838675980815955,0.22766748178164206,-0.48062507490317397,-0.3158582440870214,-0.6486577797803585,-0.10780236431890748,-0.17563905282474002,0.35896270954649995,-0.7932551013827478,1.101762687619266,-0.6418131497883105,-0.5904035559937899,1.546109805755517,-1.022649264569533,1.022649264569533
-0.18964360324732782,-0.19829178962957095,-0.1414904057074367,-0.17640845715225595,-0.21292290460943755,-0.15997949468972916,-0.1791430918343603,-0.058570160866935485,-0.20320416548132375,-0.16631533132580384,-0.1121009665852792,-0.11286729730255,-0.9076364731145878,-0.6418131497883105,-0.5904035559937899,1.546109805755517,0.9778523631178014,-0.9778523631178014
-0.13546009233720321,-0.15182813762197986,-0.16307340908528728,-0.18712576131151668,-0.18234583348274727,-0.16715376320744013,-0.20052121583438598,-0.1893469302181776,-0.23406016571661065,-0.1820706626187304,-0.2016153278927685,-0.1755271289365276,-0.9076364731145878,-0.6418131497883105,-0.5904035559937899,-0.6467845920628796,-1.022649264569533,1.022649264569533
-0.17777018225933716,-0.17048916862656227,-0.13848919419362438,-0.22581176395003244,-0.23766432658469214,-0.16182392695940706,-0.1791836514345562,-0.07025401585789254,-0.20786630637855533,-0.1564551424718528,-0.15506736174698676,-0.055081775422611036,-0.9076364731145878,-0.6418131497883105,1.6937567361306989,-0.6467845920628796,-1.022649264569533,1.022649264569533
-0.22508349629573668,-0.2313720800796771,-0.14975552814835388,-0.0993472677721657,-0.21743416853581116,-0.12335219879483632,-0.1925288223849843,-0.07848494853896194,-0.20120920334434872,-0.17995898693189438,-0.06139449383522188,-0.16628714229217537,-0.9076364731145878,-0.6418131497883105,-0.5904035559937899,1.546109805755517,0.9778523631178014,-0.9778523631178014
-0.1916228024424995,-0.16052843345685247,-0.1459650790459176,-0.1756644662749055,-0.20375958446847878,-0.14432388818983763,-0.18650432188287733,-0.073934650470278,-0.18840982343729454,-0.18460120070094413,-0.19294633763946634,-0.11820251887150757,-0.9076364731145878,-0.6418131497883105,-0.5904035559937899,1.546109805755517,-1.022649264569533,1.022649264569533
-0.10387347989035166,-0.14457253974325956,-0.17965022166795652,-0.17104192130999932,-0.10477580590215907,-0.239150683428015,-0.25058381854008144,-0.23271086162355395,-0.1834029107288965,-0.18094194442609818,-0.17502963959214196,-0.24119455158481318,1.101762687619266,-0.6418131497883105,-0.5904035559937899,-0.6467845920628796,-1.022649264569533,1.022649264569533
-0.10644451951940846,-0.12170362814620989,10.184300332333201,-0.16282152871150285,-0.20063706201407175,-0.2204608588261996,-0.21823037930226516,-0.2240456912130602,-0.15398728264548892,-0.1750586390892508,-0.12263308704025366,-0.1958764109133973,1.101762687619266,1.5580858702097802,-0.5904035559937899,-0.6467845920628796,0.9778523631178014,-0.9778523631178014
-0.19072620946148688,-0.1762687393039898,-0.15293319388031756,-0.16571497884885353,-0.06300449048525872,-0.13812384782795273,-0.23881625505078868,-0.22778249997028746,-0.12486944576602589,-0.17309159411083036,-0.20449520054719167,-0.2044367761937827,1.101762687619266,1.5580858702097802,-0.5904035559937899,-0.6467845920628796,-1.022649264569533,1.022649264569533
-0.12934679530821014,-0.127060743024738,-0.15118913845138104,-0.16855580921920915,-0.093000456880547,-0.17259400950540807,0.8148061155728337,-0.2724569650560833,-0.1517720799469047,-0.18260842547070108,-0.14836703147636973,-0.31709888506480827,1.101762687619266,-0.6418131497883105,1.6937567361306989,-0.6467845920628796,-1.022649264569533,1.022649264569533
-0.14926927119387498,-0.15560790001510943,-0.1607869459309534,-0.20252352343114602,-0.09516646534697304,-0.14219283910889957,-0.24137879201807338,-0.18837012018927457,-0.14442763240067635,-0.18471516479291433,-0.2282608590924975,-0.22022898023789728,1.101762687619266,-0.6418131497883105,-0.5904035559937899,1.546109805755517,0.9778523631178014,-0.9778523631178014
-0.20178510400038244,-0.0879917828591268,-0.1362597615583355,-0.24504851860114915,-0.29349640498520513,-0.2043690575806819,-0.1669609974874426,-0.12353034153940588,-0.2245213237745893,-0.18481681947163153,-0.10538882457006025,0.008738330967942956,-0.9076364731145878,-0.6418131497883105,1.6937567361306989,-0.6467845920628796,-1.022649264569533,1.022649264569533
-0.19007092919966082,-0.17207015600466047,-0.14321279381497806,-0.21332648808188692,-0.2936001006657123,-0.21429636529351967,-0.1888219214374977,-0.19728268823665404,-0.27234992516479284,-0.19328568966522516,-0.0943763093167188,-0.016681819499052734,-0.9076364731145878,-0.6418131497883105,1.6937567361306989,-0.6467845920628796,-1.022649264569533,1.022649264569533
-0.13483149558594784,-0.15413138244589705,-0.1578748998331137,-0.1498536594685395,-0.022800491221551426,-0.18334013347315292,-0.2511594549797048,-0.2563525490258815,-0.14273087715176325,-0.199637161401066,-0.19180330379543054,-0.2782304961428964,1.101762687619266,-0.6418131497883105,-0.5904035559937899,1.546109805755517,0.9778523631178014,-0.9778523631178014
-0.14897822956634219,-0.14830255752770602,-0.15795517377732293,-0.215405489850807,-0.12588702844552224,-0.123770389143539,-0.23154997167895663,-0.16480228280444262,-0.16403406559732497,-0.1721093257665328,-0.25451127961742404,-0.12767006189936256,1.101762687619266,-0.6418131497883105,-0.5904035559937899,-0.6467845920628796,-1.022649264569533,1.022649264569533
-0.1753044168634636,-0.255889376238836,-0.13928635638828535,-0.20144600869561785,-0.20086599478914738,-0.1474799043657863,-0.1650474348670851,-0.07140919043296386,-0.2088434065302848,-0.16185228900355322,-0.23331641382804566,-0.07983541024458293,-0.9076364731145878,1.5580858702097802,-0.5904035559937899,-0.6467845920628796,-1.022649264569533,1.022649264569533
-0.1524275226047276,-0.21118086392173643,-0.1705926161883423,-0.15391846318489957,-0.10708181106636362,-0.18889458147037108,-0.24459414947541375,-0.23135906632534933,-0.16917273790394696,-0.1841576097661496,-0.14562193534599505,-0.2669906049594333,1.101762687619266,-0.6418131497883105,-0.5904035559937899,1.546109805755517,0.9778523631178014,-0.9778523631178014
-0.1915076813329525,-0.2591935144881207,-0.14429761861179338,-0.1588605671945033,-0.21701259609357396,-0.15707164118054054,-0.18175542738396172,-0.1367948515196753,-0.22608654966895844,-0.19081505708426302,-0.1499814731758205,-0.13208359044245968,-0.9076364731145878,-0.6418131497883105,-0.5904035559937899,1.546109805755517,0.9778523631178014,-0.9778523631178014
-0.13282511640104183,-0.18736990248962293,-0.13364651312100898,-0.26402168258722036,-0.2104759324959287,-0.19662370132606022,-0.1892662124000062,-0.07618486376058073,-0.22044253541657075,-0.15047656335435092,-0.23147857340265543,-0.054756777387300434,-0.9076364731145878,-0.6418131497883105,-0.5904035559937899,1.546109805755517,0.9778523631178014,-0.9778523631178014
-0.16775225291195048,-0.13422750102977285,-0.16027957310903782,-0.1209935678145209,-0.11260535684165116,-0.21764316511049028,-0.22289287214336118,-0.2244665339437322,-0.16863345213504055,-0.17751930358103912,-0.12725965375479714,-0.2500302260997897,1.101762687619266,-0.6418131497883105,-0.5904035559937899,1.546109805755517,0.9778523631178014,-0.9778523631178014
-0.2187040932917447,-0.1117678369426088,-0.14156809097668316,-0.13059157600511104,-0.21752470651436814,-0.09522104707265598,-0.1901403791287316,-0.10681261269914102,-0.2218912675175607,-0.17118105579904408,-0.23502158763052414,-0.12185787468126927,-0.9076364731145878,-0.6418131497883105,1.6937567361306989,-0.6467845920628796,-1.022649264569533,1.022649264569533
-0.14257885137335632,-0.10941625478093826,-0.14370659472903308,-0.1276051531288672,-0.024123497009050275,-0.18983907048874318,-0.23168108462289955,-0.26626461763269177,1.0635708645053354,-0.16911430439016992,-0.07864842394292006,-0.289543131022165,1.101762687619266,1.5580858702097802,-0.5904035559937899,-0.6467845920628796,-1.022649264569533,1.022649264569533
-0.45390167394395065,-0.946980856917551,-0.03214748077646735,-0.37513239697719253,-0.8391494174337626,-1.060225033023441,0.4311334631544879,0.07609226063625191,-0.18952909683501776,-0.4055342911243242,0.7079827723811223,0.7417681479381755,-0.9076364731145878,-0.6418131497883105,-0.5904035559937899,1.546109805755517,0.9778523631178014,-0.9778523631178014
-0.13614548206038263,-0.13906500471699107,-0.15811900243002563,-0.20231190291668377,-0.051350365386242464,-0.13881885005808445,-0.23369535809975633,-0.20453076862693598,-0.16938181530435245,-0.16812650309259336,-0.28642718632178066,-0.16921732764325367,1.101762687619266,-0.6418131497883105,-0.5904035559937899,1.546109805755517,-1.022649264569533,1.022649264569533
-0.17550798622415303,-0.14973358249997257,-0.1576675310369989,-0.22551033328389097,-0.1362084198800288,-0.10771376336047081,-0.2375494816829653,-0.14146397559989554,-0.16618191429106619,-0.17028552492853438,-0.006452518982573786,-0.15337938454953673,1.101762687619266,-0.6418131497883105,-0.5904035559937899,1.546109805755517,-1.022649264569533,1.022649264569533
-0.1858531079473885,-0.18617173240746798,10.184300332333201,-0.14584791270099173,-0.21616698904288953,-0.22578950043646798,-0.17608418699390452,-0.13364294382162853,-0.22446943589049614,-0.1916092071441246,-0.24905101344947567,-0.14239737200217967,-0.9076364731145878,-0.6418131497883105,1.6937567361306989,-0.6467845920628796,-1.022649264569533,1.022649264569533
-0.1907754630240887,-0.18024530582577222,-0.14460248218777072,-0.1520284513755111,-0.21211829070301286,-0.1629307085576471,-0.18991616821379176,-0.1295136895400802,-0.23008164058639374,-0.18168956082310678,-0.19125777170907857,-0.17267710152050705,-0.9076364731145878,-0.6418131497883105,-0.5904035559937899,1.546109805755517,-1.022649264569533,1.022649264569533
-0.1982903280241774,-0.25016359123494963,-0.1445311367598429,-0.1680957922731558,-0.2346748522172835,-0.18229264744290088,-0.18561730789418374,-0.1371237424222948,-0.24173601158737967,-0.1896950839874703,-0.08784339207300094,-0.11626066025823895,-0.9076364731145878,-0.6418131497883105,-0.5904035559937899,-0.6467845920628796,0.9778523631178014,-0.9778523631178014
-0.15226554732824518,-0.1283812892496714,-0.16453755517192648,-0.157282007240612,-0.13234503334757344,-0.18934892793335167,-0.2351168760046039,-0.22664726659066187,-0.17917475763860558,-0.19264415707345384,-0.22697091182106774,-0.23691478719811596,1.101762687619266,-0.6418131497883105,-0.5904035559937899,1.546109805755517,-1.022649264569533,1.022649264569533
-0.1782985191233729,-0.16228381674945394,-0.13974027511539874,-0.16172551303483934,-0.1437792588841908,-0.18610741348616752,-0.1921523911782091,-0.09388261295783895,-0.23052846436271243,-0.17072905374375275,-0.1836358580947613,-0.14292396560213133,-0.9076364731145878,-0.6418131497883105,1.6937567361306989,-0.6467845920628796,0.9778523631178014,-0.9778523631178014
-0.1595215647573847,-0.23751211510130857,-0.14197692777643808,-0.19911867845185371,-0.14056189748450623,-0.1664848290041448,-0.21670206820144122,-0.232402806038827,-0.13840849174500194,-0.17492809786174693,-0.2119880474850647,-0.18368439193161418,1.101762687619266,-0.6418131497883105,-0.5904035559937899,-0.6467845920628796,0.9778523631178014,-0.9778523631178014
-0.17892455825344006,-0.18572201735768115,-0.1416509568762632,-0.22058822549170728,-0.23525120142338807,-0.19028060524785534,-0.18229288806248745,-0.13650064900370587,-0.21739566590792975,-0.18753457723472106,-0.23653630669705014,-0.06700469834558104,-0.9076364731145878,-0.6418131497883105,-0.5904035559937899,1.546109805755517,0.9778523631178014,-0.9778523631178014
-0.12739201155572286,-0.09563258519740653,-0.15509018213447964,-0.14620676569312088,-0.06272662728638491,-0.1773545229369299,-0.23910114409393604,-0.23757069268710693,-0.1398887230888082,-0.165736035240316,-0.0576403754624324,-0.27112926113172947,1.101762687619266,-0.6418131497883105,-0.5904035559937899,1.546109805755517,0.9778523631178014,-0.9778523631178014
-0.1462638745746866,-0.1636721042566195,-0.16730251382891448,-0.14854411669722614,-0.1437876774620643,-0.12973186062126235,-0.24356985249517296,-0.20525306314967726,-0.18105308849569088,-0.1815783122748159,-0.17947622759592075,-0.23239402526919384,1.101762687619266,-0.6418131497883105,-0.5904035559937899,1.546109805755517,-1.022649264569533,1.022649264569533
-0.19726380503177984,-0.2837486950593146,-0.14423332333169608,-0.18336753240495354,-0.24869190427602905,-0.24586653616631796,-0.1799948248324749,-0.17765437621899752,-0.2595998667531546,-0.20101480763801904,-0.08315426618675868,-0.07757648803621052,-0.9076364731145878,-0.6418131497883105,1.6937567361306989,-0.6467845920628796,0.9778523631178014,-0.9778523631178014
-0.13946809266817733,-0.16052897803078992,-0.15631804503283303,-0.15483699442308602,-0.03896479152585168,-0.17876837513024718,-0.23147275338284004,-0.23236035803711236,-0.13788386769362454,-0.17829166731516624,-0.1920901666017057,-0.2614954510248671,-0.9076364731145878,1.5580858702097802,-0.5904035559937899,-0.6467845920628796,0.9778523631178014,-0.9778523631178014
4.653198330095618,4.112661179297953,2.2595702350429225,6.6353423024707725,4.6620770741926405,7.297271742966061,2.48350564705382,4.614720669684903,4.5910047115148656,4.685469993857575,4.073105028904578,4.267265044243962,-0.9076364731145878,-0.6418131497883105,1.6937567361306989,-0.6467845920628796,-1.022649264569533,1.022649264569533
-0.18805868218435967,-0.11043670645591572,-0.139752973257868,-0.11265564680272538,-0.11478378762722029,-0.1522624160838575,-0.1919198547951915,-0.08203677374167641,-0.18610847325774443,-0.16042743890667718,-0.0969447930150574,-0.20764656219138522,-0.9076364731145878,-0.6418131497883105,1.6937567361306989,-0.6467845920628796,-1.022649264569533,1.022649264569533
-0.1939697101392241,-0.12926353178612013,-0.13663636967817394,-0.1920331637605849,-0.2779635768973463,-0.17026668584605842,-0.1740471921839884,-0.12085299861302055,-0.20405067858227996,-0.179061420624221,-0.12987939277477115,-0.014934154360235317,-0.9076364731145878,-0.6418131497883105,-0.5904035559937899,-0.6467845920628796,0.9778523631178014,-0.9778523631178014
-0.18640841370039019,-0.14570952916395352,-0.15659707982373788,-0.1862606843407306,-0.10608337027677518,-0.14565295424952632,-0.25074548544629016,-0.17183030488135478,1.044064475805226,-0.17917295370875316,-0.11290581988488388,-0.19857723012123543,1.101762687619266,-0.6418131497883105,-0.5904035559937899,1.546109805755517,-1.022649264569533,1.022649264569533
1.7712737118924913,-0.23395037220045642,-0.1430974084851202,-0.08997183847872929,-0.08998808884333617,-0.2728172971200536,-0.21581091072630607,-0.3086925093813613,-0.15982279181676545,-0.16703185243418736,-0.26577017410062537,-0.30089649036705973,1.101762687619266,1.5580858702097802,-0.5904035559937899,-0.6467845920628796,-1.022649264569533,1.022649264569533
-0.16606691527275863,-0.15854295425595724,-0.3487088514891811,-0.05611043382969466,-0.2861997134680539,-0.31213639867980836,-0.2992014953389564,-0.1920478322613373,-0.20560586034125458,0.02978729703982635,-0.04456751920972843,-0.16817693577096507,1.101762687619266,-0.6418131497883105,-0.5904035559937899,1.546109805755517,0.9778523631178014,-0.9778523631178014
-0.14495879304802922,-0.21260810734384183,-0.14615033886048168,-0.1625748176484748,-0.10045516147493878,-0.10868656523550989,-0.2396280066608726,-0.1570538033243246,-0.13305228951125045,-0.173457552119793,-0.12693777116477112,-0.1561560435712261,-0.9076364731145878,-0.6418131497883105,-0.5904035559937899,1.546109805755517,0.9778523631178014,-0.9778523631178014
-0.18973878376405348,-0.1488223767014065,-0.1360949118002325,-0.2054741191663653,-0.23783471566533,-0.14820042981162435,-0.17616527684602465,-0.07125733173508167,-0.18683676292046852,-0.16361876521580027,-0.1455103674303973,-0.05221768564820412,-0.9076364731145878,-0.6418131497883105,-0.5904035559937899,1.546109805755517,0.9778523631178014,-0.9778523631178014
-0.1410176616649044,-0.2149328910084455,-0.15496609457424804,-0.11090422762731958,-0.04886499463897832,-0.15205369913097347,-0.2483383225716526,-0.268660958082481,-0.10966921125329636,-0.18524723489549474,-0.12245731497563052,-0.33012973916558314,1.101762687619266,-0.6418131497883105,1.6937567361306989,-0.6467845920628796,0.9778523631178014,-0.9778523631178014
-0.19101330048684623,-0.13147438849222606,-0.14938594094882882,-0.17329597033351438,-0.2771388665667465,-0.15878864506243923,-0.18172070429567647,-0.11816698762011943,-0.228282695998232,-0.1700772538955901,-0.09470446510568109,-0.12831307375753587,-0.9076364731145878,-0.6418131497883105,-0.5904035559937899,-0.6467845920628796,0.9778523631178014,-0.9778523631178014
-0.8520490070415574,-0.17833366353472915,-0.338006890617129,-0.1786380351087296,-0.14142221768895566,-0.17162923427934415,6.258022693576504,-0.23078031174430813,-0.16347149244471404,-0.199487948169253,-0.20776135040464538,-0.2995460367400889,1.101762687619266,-0.6418131497883105,1.6937567361306989,-0.6467845920628796,-1.022649264569533,1.022649264569533
-0.201087709559289,-0.1632838319034685,-0.13474758313123764,-0.19294806413019458,-0.28023078811727004,-0.16170131991392844,-0.17669814688024846,-0.10079264890270838,-0.17626208052708411,-0.17677490745110258,-0.30274415978628993,-0.03988704851030228,-0.9076364731145878,1.5580858702097802,-0.5904035559937899,-0.6467845920628796,0.9778523631178014,-0.9778523631178014
-0.1738466186968418,-0.12403328006925661,-0.14952122899183234,-0.09872837512433696,-0.14243609841755336,-0.1755912144636314,-0.19275668965052553,-0.063494188037723,-0.25432727418177253,-0.1714213534185107,-0.18458215246478307,-0.22730767851160108,-0.9076364731145878,1.5580858702097802,-0.5904035559937899,-0.6467845920628796,0.9778523631178014,-0.9778523631178014
-0.060080489501757525,-0.10054171271012613,-0.15614514223711093,-0.10850592162180255,-0.056414630107900154,-0.2245401435718025,-0.2401768894860144,-0.2609745725508715,-0.14723407409153688,-0.17524277591413118,-0.1338074492233012,-0.35969569385496053,1.101762687619266,-0.6418131497883105,-0.5904035559937899,-0.6467845920628796,-1.022649264569533,1.022649264569533
-0.11899597133116735,-0.04606761507859377,-0.1658599883644085,-0.2016869322069126,-0.12317359594773714,-0.19882091956232303,-0.23608247794232212,-0.20171991930595912,-0.16281735750623957,-0.150884561387439,-0.017140842363531875,-0.1861254370043549,1.101762687619266,-0.6418131497883105,1.6937567361306989,-0.6467845920628796,-1.022649264569533,1.022649264569533
-0.1776383196298459,-0.22089524204524802,-0.14116526204254976,-0.1609104806675902,-0.22509511662812565,-0.22864501175750224,-0.17439679799348978,-0.13705150209847436,-0.19693620987107266,-0.1970683343326375,-0.08086781433295875,-0.1461627327651044,-0.9076364731145878,-0.6418131497883105,1.6937567361306989,-0.6467845920628796,0.9778523631178014,-0.9778523631178014
-0.18318735490507262,-0.14095644097322338,-0.13428491691744643,-0.16024017787407022,-0.13891884192671242,-0.18207396387729322,-0.17981868224443143,-0.07839698614145517,-0.20122453903154666,-0.1557484479208135,-0.1678348020139658,-0.14867205311249548,-0.9076364731145878,-0.6418131497883105,1.6937567361306989,-0.6467845920628796,-1.022649264569533,1.022649264569533
-0.18165567336180935,-0.1828465912211825,-0.12895738686698374,-0.19044929788150425,-0.19729420392301442,-0.15495480349465288,-0.17130847564747376,-0.0908839409243805,-0.17970486654864523,-0.14801739195933683,-0.26419922205438134,-0.08416964009273,-0.9076364731145878,-0.6418131497883105,-0.5904035559937899,-0.6467845920628796,0.9778523631178014,-0.9778523631178014
-0.20584862984061478,-0.17328061647071652,-0.13943720843712487,-0.13756697526681583,-0.1717616410847285,-0.12996884591640537,-0.18756043624130778,-0.08808799024556559,-0.2013977020212854,-0.1600310298893272,-0.1790317486108717,-0.13672774373021096,-0.9076364731145878,1.5580858702097802,-0.5904035559937899,-0.6467845920628796,0.9778523631178014,-0.9778523631178014
-0.18040076655644335,-0.2010729058120347,-0.14007080859010007,-0.1814617073610629,-0.1917692852737419,-0.16788170255564716,-0.19270139181384843,-0.13313801700736028,-0.2212547620654458,-0.1499582903905556,-0.25129846705193487,-0.06418666571304588,-0.9076364731145878,-0.6418131497883105,-0.5904035559937899,-0.6467845920628796,0.9778523631178014,-0.9778523631178014
-0.17580905079903372,-0.17533457288213114,-0.13906215795923463,-0.23035085683061773,-0.19907715863225384,-0.1879392056556748,-0.18734424201876324,-0.11035143940254273,-0.21104728568558057,-0.16806599370995992,-0.2403699973949882,-0.06103995406822996,-0.9076364731145878,1.5580858702097802,-0.5904035559937899,-0.6467845920628796,-1.022649264569533,1.022649264569533
-0.1227009183250941,-0.16605227292593858,-0.15617724875364408,-0.18734815111373226,-0.09769041161741931,-0.22264630413143915,-0.22424906260904504,-0.20621373845228932,-0.14851709093131685,-0.14760390557660963,-0.11135390993559534,-0.19101257757398596,1.101762687619266,-0.6418131497883105,-0.5904035559937899,1.546109805755517,0.9778523631178014,-0.9778523631178014
-0.17314312113190528,-0.1200288179233924,-0.15274761584770666,-0.20515214309031876,-0.0855208825540483,-0.06122572538762491,-0.25091196676513816,-0.16654038915614564,-0.13250315634782434,-0.2000765208364566,-0.08365950812930759,-0.22293911718276788,1.101762687619266,1.5580858702097802,-0.5904035559937899,-0.6467845920628796,0.9778523631178014,-0.9778523631178014
-0.1728669945426603,-0.10452883316691333,-0.13811525507023145,-0.21255659362821896,-0.2404987928056282,-0.17543609847705768,-0.1826928152217005,-0.11333226446044586,-0.21019164880500346,-0.172808711794375,0.04883295551768472,-0.05113554062223278,-0.9076364731145878,1.5580858702097802,-0.5904035559937899,-0.6467845920628796,-1.022649264569533,1.022649264569533
-0.1742966841373814,-0.17797022244262675,-0.1388276215852929,-0.15276168976686424,-0.1403197714104915,-0.13724976107959175,-0.18729232972277426,-0.06964186282516972,-0.22000132169489955,-0.13289437356430006,-0.13840638618689974,-0.1207812299010153,-0.9076364731145878,-0.6418131497883105,-0.5904035559937899,-0.6467845920628796,-1.022649264569533,1.022649264569533
-0.10592330074898411,-0.127931408839371,-0.14822662451145288,-0.1542952997180884,-0.09407000860249716,-0.24413419314266624,-0.2216572237427631,-0.3096592797884236,-0.13126309073022163,-0.17816244884284493,-0.15304752768358135,-0.31615961273525256,1.101762687619266,-0.6418131497883105,-0.5904035559937899,-0.6467845920628796,0.9778523631178014,-0.9778523631178014
-0.09453541491025609,-0.07080622360243866,-0.15892372765971013,-0.21939023573856745,-0.18903065711299916,-0.22320950638021378,-0.21410252988859788,-0.18561793343113267,-0.12839345878959996,-0.1410369563812958,-0.2323740923234261,-0.13781158158974288,1.101762687619266,-0.6418131497883105,-0.5904035559937899,1.546109805755517,-1.022649264569533,1.022649264569533
-0.21373734594101895,-0.1718692117957864,-0.13238239672334007,-0.2265056042894787,-0.24218494135893984,-0.1618614562152375,-0.15546140423807694,-0.09812689884982853,-0.17570646655504735,-0.1621405107311138,-0.10363708264944733,-0.00885923413577365,-0.9076364731145878,-0.6418131497883105,1.6937567361306989,-0.6467845920628796,0.9778523631178014,-0.9778523631178014
-0.17923446537684518,-0.13480652866594642,-0.15060213038561554,-0.20622036392249324,-0.035355260632680185,-0.130481478064132,-0.23678831220232685,-0.1793162352195821,-0.12911711133115375,-0.15113268378072256,-0.1985658754493496,-0.19540090021307066,1.101762687619266,-0.6418131497883105,1.6937567361306989,-0.6467845920628796,-1.022649264569533,1.022649264569533
-0.1949025730010202,-0.19014096545089493,-0.14600441129216776,-0.1399394266070216,-0.24843520572412445,-0.14626335880802574,-0.19408637543335558,-0.10729567350363958,-0.23886568541320682,-0.1926629548694749,-0.11229285491232292,-0.13262913257788125,-0.9076364731145878,1.5580858702097802,-0.5904035559937899,-0.6467845920628796,0.9778523631178014,-0.9778523631178014
-0.15068432876054264,-0.28555333053546644,-0.16832732910750664,-0.14530538214398236,-0.11555118954684995,-0.1781671310016797,-0.241932988842829,-0.23403990183356385,-0.16626416753154474,-0.18160994856186927,-0.14852549049999628,-0.2539399050051132,1.101762687619266,-0.6418131497883105,-0.5904035559937899,1.546109805755517,-1.022649264569533,1.022649264569533
-0.20662525110440205,-0.11480071967941766,-0.13832641952735833,-0.14750954785845177,-0.18447857159788533,-0.12943607683204786,-0.1798769080332243,-0.09799866856644907,-0.2062778398391237,-0.17452695762906695,-0.18990159331706424,-0.11770698424802309,-0.9076364731145878,-0.6418131497883105,-0.5904035559937899,1.546109805755517,0.9778523631178014,-0.9778523631178014
-0.21359901482826713,-0.04898323226970958,-0.14429013979133237,-0.10598537158190247,-0.25406115573172156,-0.08281753902344557,-0.19432364043656247,-0.13286174530093686,-0.22139308697901247,-0.17253150128861686,-0.18083418269410817,-0.10590668978520151,-0.9076364731145878,-0.6418131497883105,1.6937567361306989,-0.6467845920628796,-1.022649264569533,1.022649264569533
-0.19630650070040528,-0.22180581438508357,-0.13771046816060456,-0.1462092460609518,-0.1900159263863928,-0.13840580114883877,-0.1799899193359013,-0.0885049906024151,-0.18257899071086345,-0.167277795266166,-0.1784747296243606,-0.13084233845623158,-0.9076364731145878,-0.6418131497883105,-0.5904035559937899,-0.6467845920628796,0.9778523631178014,-0.9778523631178014
-0.13642457918233314,-0.20652940232133626,-0.15406472563797738,-0.16987058887012768,-0.16527946079941344,-0.20512113557709863,-0.21656002280470266,-0.21178217813230676,-0.16987713208024882,-0.17500034855347038,-0.16282275915029149,-0.18481608397317914,1.101762687619266,1.5580858702097802,-0.5904035559937899,-0.6467845920628796,-1.022649264569533,1.022649264569533
-0.22923774691538276,-0.281926764441564,-0.1399666818916096,-0.1707935409851638,-0.2939549697935323,-0.1473580956800261,-0.1790360683775295,-0.14215430923859743,-0.20755488739194117,-0.19230292513370256,-0.133981897469117,-0.05030596642117959,-0.9076364731145878,-0.6418131497883105,1.6937567361306989,-0.6467845920628796,0.9778523631178014,-0.9778523631178014
-0.11089543413353703,-0.18588962103256387,-0.15737343729400358,-0.12658767601683396,-0.10134138049708176,-0.22286571537041214,-0.23154780283208495,-0.2787203855700835,-0.14987170862064939,-0.1898915165051968,-0.12164479306526568,-0.2701048425691024,1.101762687619266,-0.6418131497883105,-0.5904035559937899,-0.6467845920628796,-1.022649264569533,1.022649264569533
-0.11216001680503523,-0.2118879438532525,-0.15494469889095117,-0.18480205445087586,-0.05212163503143279,-0.15728792518754423,-0.23831332653831766,-0.20064576950436114,-0.1490072485819891,-0.16320931932492513,-0.1766147389316226,-0.22466912436939662,1.101762687619266,-0.6418131497883105,-0.5904035559937899,1.546109805755517,0.9778523631178014,-0.9778523631178014
4.855881187076167,5.37120127911603,2.5228504783726082,4.928397729755033,4.345442447437597,4.469193000046062,2.6303497878547346,7.266403103451566,3.9693219090772605,6.213563817816743,8.10775669154039,5.0312536284136495,-0.9076364731145878,-0.6418131497883105,-0.5904035559937899,1.546109805755517,-1.022649264569533,1.022649264569533
-0.19468827878947784,-0.11644114116228513,-0.175051410503171,-0.250953499341826,-0.14656088001714843,-0.1802463824344446,-0.24391924114118033,-0.1733148655800684,-0.1904503387034612,-0.16226404584492804,-0.1839940698986661,-0.14166938810997687,1.101762687619266,-0.6418131497883105,-0.5904035559937899,-0.6467845920628796,-1.022649264569533,1.022649264569533
-0.12426173641697882,-0.12611426977750956,1.919854783552043,-0.16386907997581412,-0.2007221504004691,-0.1772707137191289,-0.21115993047286769,-0.19054043881332966,-0.2900064586182593,-0.19732020234390377,-0.1962029730534327,-0.16516451732814685,-0.9076364731145878,-0.6418131497883105,-0.5904035559937899,1.546109805755517,0.9778523631178014,-0.9778523631178014
-0.16588084313938894,-0.18504392154854474,-0.1688332799917975,-0.19367932693605747,-0.1301133766648252,-0.09017168629660066,-0.2543086646227207,-0.2087632820349611,-0.16024647263362746,-0.20055390511606327,-0.19728577442309062,-0.22112191915237445,1.101762687619266,1.5580858702097802,-0.5904035559937899,-0.6467845920628796,0.9778523631178014,-0.9778523631178014
-0.419153404281349,-0.21964797914837092,-0.13782441463484382,-0.21704243696483302,-0.2152129076757908,-0.12140548869084876,-0.18992244443995154,-0.1285234569264512,-0.16214920318755366,-0.1771231613875461,-0.21509529063016136,-0.04225964131670339,-0.9076364731145878,1.5580858702097802,-0.5904035559937899,-0.6467845920628796,-1.022649264569533,1.022649264569533
-0.22619859302785836,-0.19387485829298187,-0.1379441860195937,-0.179050445915565,-0.27312349063801467,-0.17593601444228263,-0.17091981322246397,-0.13343787146563557,-0.22101781615728916,-0.18095093270359935,-0.2686999490500818,-0.031247032710389644,-0.9076364731145878,-0.6418131497883105,-0.5904035559937899,-0.6467845920628796,0.9778523631178014,-0.9778523631178014
-0.19788608279472816,-0.34000125369840334,-0.11590969705443932,-0.12603305295476658,-0.09303995232697973,2.291245891193361,-0.20191499737601137,-0.2404093115848433,-0.2546409073917284,-0.17247350397562689,-0.7387839184798924,-0.1586831749473417,-0.9076364731145878,1.5580858702097802,-0.5904035559937899,-0.6467845920628796,-1.022649264569533,1.022649264569533
-0.12365872108145483,-0.14455463764063925,-0.16676381438341986,-0.14633445201449474,-0.12527616418658605,-0.27110250886147796,-0.23027969584511132,-0.2710424063209211,-0.15825638845749324,-0.19291885365826789,-0.19607481907398652,-0.272200040670503,1.101762687619266,-0.6418131497883105,-0.5904035559937899,-0.6467845920628796,0.9778523631178014,-0.9778523631178014
-0.20245661211558597,-0.12117569291983417,-0.14094810410629613,-0.14878711441649292,-0.20722533531894716,-0.19073260725945823,-0.18470788614163205,-0.15535912713825062,-0.21540579047472797,-0.1787277078342619,-0.2345791476351315,-0.10956782311509461,-0.9076364731145878,-0.6418131497883105,-0.5904035559937899,1.546109805755517,0.9778523631178014,-0.9778523631178014
-0.22514985569624565,-0.12361767839361587,-0.13364022613622042,-0.16772683876653227,-0.24557536846601286,-0.1419261932291474,-0.1689036007758316,-0.08760446223682918,-0.1604799848600621,-0.16715311170572922,-0.18169244992065828,-0.042540968432163435,-0.9076364731145878,-0.6418131497883105,-0.5904035559937899,1.546109805755517,-1.022649264569533,1.022649264569533
-0.17132411611871667,-0.125418968933496,-0.1423865148028593,-0.22402292787407418,-0.25771235871766246,-0.24117152493865016,-0.1782460553778886,-0.13996760724047896,-0.2307095997580336,-0.19646697070118257,-0.0379437707319171,-0.06037184719395487,-0.9076364731145878,-0.6418131497883105,1.6937567361306989,-0.6467845920628796,-1.022649264569533,1.022649264569533
-0.16104360206678367,-0.1980625199906337,-0.1475874529678662,-0.2122072724994229,-0.17823241946240556,-0.18137609967263013,-0.1918303121812211,-0.11205573981665803,-0.21553632509174114,-0.17320302064727777,-0.2146349535745066,-0.11532166579888019,-0.9076364731145878,-0.6418131497883105,-0.5904035559937899,1.546109805755517,0.9778523631178014,-0.9778523631178014
-0.13158762691197226,-0.1135852546720044,-0.16076215935510094,-0.13259670732376952,-0.08754050692627433,-0.1804259193217366,-0.2346917707396514,-0.23694210348146585,-0.14277937336515467,-0.16103264192269956,-0.2026848475037315,-0.2687813072708417,1.101762687619266,1.5580858702097802,-0.5904035559937899,-0.6467845920628796,0.9778523631178014,-0.9778523631178014
-0.14414985463875096,-0.1614576772669939,-0.16286705613307118,-0.19591810300227597,-0.04291060907271685,-0.1599483249654125,-0.25302085801253743,-0.21216064423040876,-0.16378377708035782,-0.19716309495989473,-0.1854611811360402,-0.2645252639066868,1.101762687619266,1.5580858702097802,-0.5904035559937899,-0.6467845920628796,-1.022649264569533,1.022649264569533
-0.18580026790930948,-0.1465085318365789,-0.15200164342353675,-0.15852542096810426,-0.20466933568913753,-0.148331928882409,-0.2022648114844656,-0.12580086557086972,-0.2346344782457993,-0.18660563765413637,-0.18352775961415277,-0.1155617826160144,-0.9076364731145878,-0.6418131497883105,-0.5904035559937899,-0.6467845920628796,0.9778523631178014,-0.9778523631178014
-0.15184871397176644,-0.23977320540016894,-0.15820754680899363,-0.2368244164838568,-0.13227004301226808,-0.12824646540694074,-0.23605879019117326,-0.15627756550275104,-0.1585940693232144,-0.1647057835095414,-0.12367617979430744,-0.14230869740865462,1.101762687619266,-0.6418131497883105,1.6937567361306989,-0.6467845920628796,0.9778523631178014,-0.9778523631178014
-0.15514638241681583,-0.20311610391418755,-0.1508198764407374,-0.16827823572512676,-0.12498034631818064,-0.2171847781537898,-0.23098447217082085,-0.25288935573004445,-0.13426154379222205,-0.16698182942442732,-0.1956334368990651,-0.23584817147049952,1.101762687619266,1.5580858702097802,-0.5904035559937899,-0.6467845920628796,0.9778523631178014,-0.9778523631178014
-0.12068884377570907,-0.2044527228461128,-0.15995848937985108,-0.17093080999230004,-0.11437785795177068,-0.18847040202733792,-0.23952660005741877,-0.2232624011499049,-0.18382354495385822,-0.19138290601162217,-0.2512185296048854,-0.24607993274978712,1.101762687619266,-0.6418131497883105,-0.5904035559937899,1.546109805755517,-1.022649264569533,1.022649264569533
-0.17486024746353923,-0.16502870767333586,-0.14704667912464567,-0.17412179340736528,-0.1861497371308294,-0.14579351254580972,-0.20169132907318613,-0.08729865179640163,-0.5136920054369324,-0.1722227269764998,-0.3159812408973951,-0.10511876695626599,-0.9076364731145878,1.5580858702097802,-0.5904035559937899,-0.6467845920628796,0.9778523631178014,-0.9778523631178014
-0.1333599348182207,-0.19718713131685822,-0.16220400588744097,-0.1793999257736173,-0.14466736958006243,-0.21953002803681695,-0.22033834389191764,-0.17600134382831348,-0.17949412325963524,-0.15264574745629134,-0.1776248237406246,-0.17331786436162588,1.101762687619266,-0.6418131497883105,-0.5904035559937899,-0.6467845920628796,-1.022649264569533,1.022649264569533
3.415503273697061,6.75447243851953,1.1378374594004586,7.530077497467307,6.9325650386004805,4.614766586001949,0.9036437194285519,4.616964808054442,3.621963382276264,8.218377172063326,4.714553721937717,4.627881343283839,1.101762687619266,-0.6418131497883105,-0.5904035559937899,1.546109805755517,0.9778523631178014,-0.9778523631178014
-0.14513499417150635,-0.1883427582232169,-0.17409278172651682,-0.22669192648218323,-0.15719500461774563,-0.142383203920784,-0.2259209081296047,-0.1735622857711572,-0.15274511566728724,-0.15609889966637172,-0.1859004952926454,-0.16772850931170433,1.101762687619266,-0.6418131497883105,1.6937567361306989,-0.6467845920628796,-1.022649264569533,1.022649264569533
-0.1419833222958959,-0.12807366825274122,-0.14477657441702635,-0.2086523641241854,-0.22311993039855066,-0.18361010114473683,-0.20695524062953385,-0.14686058346804687,-0.240197576687939,-0.1712052427392402,-0.13781749702209514,-0.1371779982751406,-0.9076364731145878,-0.6418131497883105,-0.5904035559937899,-0.6467845920628796,0.9778523631178014,-0.9778523631178014
-0.14448394608735293,-0.2318202212424535,-0.1423682310711174,-0.13798520524469476,-0.03606401701726176,-0.2177827776267305,-0.22888057076589988,-0.3083249579216188,-0.11246777151491526,-0.18736086698902815,-0.056969755481004546,-0.30180144480282206,1.101762687619266,-0.6418131497883105,1.6937567361306989,-0.6467845920628796,0.9778523631178014,-0.9778523631178014
-0.19192571259328,-0.08588145021789143,-0.1413078730566278,-0.16709553384374456,-0.19940577350339497,-0.23115835373788512,-0.15986334433662874,-0.1462016935358182,-0.18041625314184567,-0.1643386245493498,-0.05580146987259292,-0.08571950972605877,-0.9076364731145878,-0.6418131497883105,1.6937567361306989,-0.6467845920628796,-1.022649264569533,1.022649264569533
-0.10976680669085226,-0.18810604040918852,-0.14393011744487802,-0.1241402293954396,-0.06108762298122093,-0.2180463646341042,-0.22739957654297815,-0.268065620382395,-0.16196524796833012,-0.18456970442475776,-0.19991104499910792,-0.302440747833778,1.101762687619266,-0.6418131497883105,1.6937567361306989,-0.6467845920628796,0.9778523631178014,-0.9778523631178014
-0.23181048593153875,-0.9461869520680158,-0.2565363644022614,-0.08673898712548886,-0.022205538889436643,-0.40813269615489794,-0.24481729641271868,-0.22392594017475398,-0.12409025413405572,-0.0527709749585092,-0.19081674095505757,-0.2657185999712127,1.101762687619266,-0.6418131497883105,1.6937567361306989,-0.6467845920628796,-1.022649264569533,1.022649264569533
4.254567510869017,6.102705572033763,1.4461436240360621,3.875738436614732,4.487050457694754,3.5571569416466304,1.184240226996892,5.35045570525042,4.28555401694842,8.452789274989252,5.482629234112413,3.4089494266899654,1.101762687619266,-0.6418131497883105,-0.5904035559937899,1.546109805755517,-1.022649264569533,1.022649264569533
0.14586327216931044,-0.30461216142657144,-0.3229059066962088,0.5369420978261955,0.02147103753832019,-0.5146036407107802,-0.32377421226132574,-0.696721921403699,-0.17176188512451226,-0.14137528659960993,0.16043444134677656,-0.26076884549968393,-0.9076364731145878,-0.6418131497883105,1.6937567361306989,-0.6467845920628796,-1.022649264569533,1.022649264569533
3.482778275908381,6.790619153103428,1.2814003470873498,5.314716795748678,4.9456672150159235,7.165387268395582,0.9962062081973331,4.790548814436313,3.2176776335489166,4.962161721851355,4.617756365190916,4.364464344151924,-0.9076364731145878,-0.6418131497883105,1.6937567361306989,-0.6467845920628796,0.9778523631178014,-0.9778523631178014
-0.21241776397375023,-0.12338009726400428,-0.14299469906569828,-0.14474612062391845,-0.21255197915087523,-0.18238568167435718,-0.1987273077182349,-0.11060693104443729,-0.20583375562427017,-0.1908077148648303,-0.24785345872778167,-0.1825141377020262,-0.9076364731145878,1.5580858702097802,-0.5904035559937899,-0.6467845920628796,-1.022649264569533,1.022649264569533
-0.1302856373377952,-0.1266949033130607,-0.17063879992332737,-0.17381636601847938,-0.08008804826727998,-0.17009941352155827,-0.2569885252051875,-0.22215378909091577,-0.1526596116046411,-0.19581597595194955,-0.17986510194382258,-0.29490320860316394,1.101762687619266,1.5580858702097802,-0.5904035559937899,-0.6467845920628796,0.9778523631178014,-0.9778523631178014
-0.19803454474966695,-0.2042793855086857,-0.15142202936971588,-0.09625831233253568,-0.21805275634694626,-0.1575857893725147,-0.1895788821208473,-0.08588957124374647,-0.19739353393958264,-0.20364922386089598,-0.18679020294455753,-0.16010004826050994,-0.9076364731145878,-0.6418131497883105,1.6937567361306989,-0.6467845920628796,-1.022649264569533,1.022649264569533
-0.15152478037317632,-0.16720077520306845,-0.17046101526964158,-0.2174166139077417,-0.1106264457309006,-0.11229534203198979,-0.251716197123284,-0.14949187563671779,-0.1670185367581259,-0.18508127063573093,-0.1863514690822168,-0.2031883753559588,1.101762687619266,-0.6418131497883105,-0.5904035559937899,1.546109805755517,0.9778523631178014,-0.9778523631178014
-0.16365303578295162,-0.19878723368865484,-0.12924609140779003,-0.24058057148730044,-0.19936343682934987,-0.22394824264777038,-0.1702742823738226,-0.09179478801393263,-0.22023192266123642,-0.14826811855712835,-0.1922756234684605,-0.030131973100803403,-0.9076364731145878,-0.6418131497883105,-0.5904035559937899,1.546109805755517,-1.022649264569533,1.022649264569533
-0.39966537416613446,-0.15141268617359752,-0.15329214585244988,-0.2774748593669181,0.24017590995185523,0.8133604033096707,-0.49002941151025375,0.3005888230602302,0.06331647600367832,-0.2993849998968469,-0.1598171836051328,-0.8013734627057603,1.101762687619266,-0.6418131497883105,-0.5904035559937899,1.546109805755517,0.9778523631178014,-0.9778523631178014
-0.16903357016640774,-0.19198655154090663,-0.15762269571778878,-0.14910136032317356,-0.030986038794944867,-0.16573584890475124,-0.24832248442302718,-0.24475956055507375,-0.15452912043775785,-0.20239144805914602,-0.1547950027253808,-0.30263862584562023,1.101762687619266,1.5580858702097802,-0.5904035559937899,-0.6467845920628796,-1.022649264569533,1.022649264569533
-0.10684236375048259,-0.11940783545404654,-0.1572170786402245,-0.09732964505904937,-0.13703969072017427,-0.2654007990243665,-0.21892449564369398,-0.29800000780783736,-0.15063332336768054,-0.17491844492922964,-0.20948805078692279,-0.2806980639426896,1.101762687619266,1.5580858702097802,-0.5904035559937899,-0.6467845920628796,0.9778523631178014,-0.9778523631178014
-0.10439395524190137,-0.15912405205496769,-0.15871709783170776,-0.15355628492277273,-0.07733522594411059,-0.1732629810201443,-0.24472871585850556,-0.23558567007744252,-0.1255643381833893,-0.1972927692912771,-0.17962685156180688,-0.2697482344450502,1.101762687619266,-0.6418131497883105,-0.5904035559937899,-0.6467845920628796,-1.022649264569533,1.022649264569533
-0.13587652094161837,-0.17263931953531975,-0.14817511175029996,-0.16116573285037644,-0.07638776332532421,-0.20295323323062534,-0.23252814778310515,-0.2212414508189975,-0.13606600021836623,-0.1782969453465588,-0.23128352349830456,-0.24387974798252568,1.101762687619266,-0.6418131497883105,-0.5904035559937899,1.546109805755517,-1.022649264569533,1.022649264569533
-0.13001506765083173,-0.22032571453923444,-0.16270128122355138,-0.11814891508970604,-0.1320063596321316,-0.15865726072014397,-0.23607813466168648,-0.24697856551831648,-0.20207270688185827,-0.20841201011000393,-0.2649791000738182,-0.2802004763135024,1.101762687619266,-0.6418131497883105,-0.5904035559937899,1.546109805755517,-1.022649264569533,1.022649264569533
-0.11633623670143642,-0.023147905115615177,-0.1603804138816749,-0.18289942785980542,-0.12832085013252362,-0.16192825453219156,-0.24355274238007635,-0.20758319250282634,-0.17812783094938933,-0.19755079544626938,-0.13796155121337042,-0.23979388335246032,1.101762687619266,-0.6418131497883105,1.6937567361306989,-0.6467845920628796,0.9778523631178014,-0.9778523631178014
-0.11760497527028539,-0.18735409897175628,-0.14678754794462065,-0.1432023199181568,-0.0417346321438538,-0.18800365714651782,-0.23451955442938371,-0.3147109286263037,-0.1895850017760147,-0.17421172797793402,-0.14727241825647402,-0.310533411283336,1.101762687619266,-0.6418131497883105,-0.5904035559937899,1.546109805755517,-1.022649264569533,1.022649264569533
-0.16471328120962409,-0.1566259284922329,-0.16282351174973528,-0.1521464995961254,-0.10718598182550912,-0.15400008895019732,-0.23757178530723,-0.22440112833525777,-0.13975143558581085,-0.17501762816422364,-0.18468437369450724,-0.23965278006392282,1.101762687619266,-0.6418131497883105,-0.5904035559937899,-0.6467845920628796,-1.022649264569533,1.022649264569533
-0.13187533267417864,-0.06979480656160639,-0.1558298983028371,-0.18070057007016208,-0.20417034783486263,-0.22836019924641832,-0.21356909906116683,-0.21094439403239484,-0.1728315380364579,-0.17104196315763723,-0.12945231614841363,-0.21773784331983112,1.101762687619266,1.5580858702097802,-0.5904035559937899,-0.6467845920628796,-1.022649264569533,1.022649264569533
-0.12953119750959022,-0.0923355919943808,-0.1620214282541428,-0.14930332295782267,-0.206244245889973,-0.18714244472179198,-0.1981683094006248,-0.2145577342586585,-0.20455856239207942,-0.1861591685491275,-0.18539099206634946,-0.19259177966818736,-0.9076364731145878,1.5580858702097802,-0.5904035559937899,-0.6467845920628796,0.9778523631178014,-0.9778523631178014
-0.22920963622454343,-0.2428669533627641,-0.14244688649018739,-0.14872375753356115,-0.25035928560415954,-0.09836405703781605,8.768744774670092,-0.11457817462706721,-0.17023699357261612,-0.17877558450128053,-0.20025328788326205,-0.09563499702397593,-0.9076364731145878,-0.6418131497883105,-0.5904035559937899,1.546109805755517,0.9778523631178014,-0.9778523631178014
-0.17800617934391033,-0.19062605494382223,-0.16358766790881996,-0.19117133844454617,-0.1386621326764419,-0.13231709175998368,-0.2372824029594114,-0.19012237768407458,-0.1569615739276344,-0.19299282852723937,-0.1720624887617301,-0.19316264232927943,1.101762687619266,-0.6418131497883105,-0.5904035559937899,1.546109805755517,-1.022649264569533,1.022649264569533
-0.14781162291255634,-0.16920706654284795,-0.16432462367207631,-0.18422494722022667,-0.08880880041589377,-0.1776250487298735,-0.23473114265573353,-0.21394213600420103,-0.16897733641611945,-0.17718573172192642,-0.17932836048369175,-0.2644401620798467,1.101762687619266,-0.6418131497883105,1.6937567361306989,-0.6467845920628796,-1.022649264569533,1.022649264569533
-0.12980758062656247,-0.11879899229503019,-0.16719467660400905,-0.17175243835110093,-0.1657563656127517,-0.17545019601300088,-0.2295181140049289,-0.20431387847637797,-0.14931786519591456,-0.16773144046274596,-0.1621583830159431,-0.20448203073189014,1.101762687619266,-0.6418131497883105,1.6937567361306989,-0.6467845920628796,-1.022649264569533,1.022649264569533
-0.17182103493531456,-0.20923237324955146,-0.15745302717351645,-0.08961242259628151,-0.2013643674103645,-0.06940568162307782,-0.23535902509933265,-0.19613729612827716,-0.27832848234880236,-0.1845985206307388,-0.07414009975416426,-0.1800559723164463,-0.9076364731145878,-0.6418131497883105,1.6937567361306989,-0.6467845920628796,0.9778523631178014,-0.9778523631178014
-0.10508474747900876,-0.17440105632157127,-0.15567017130423857,-0.1971095450462443,-0.17730778561563695,-0.2030513157742552,-0.22434880763004852,-0.2153879810825561,-0.12848621582436598,-0.16708824934218894,-0.07858025762515736,-0.19888536601583828,1.101762687619266,1.5580858702097802,-0.5904035559937899,-0.6467845920628796,-1.022649264569533,1.022649264569533
-0.1453133254334375,-0.1487202093105644,-0.16394150791691875,-0.18432545677171255,-0.12619977290584639,-0.2187822693725381,-0.23802706536122487,-0.2226214799819274,-0.1482223532160972,-0.16835697694771565,-0.2903577905207374,-0.20003196670264012,1.101762687619266,-0.6418131497883105,1.6937567361306989,-0.6467845920628796,0.9778523631178014,-0.9778523631178014
-0.14719899380800366,-0.11461310782050055,-0.14499377676779068,-0.16526012127564713,-0.05516021708330254,-0.16313915600673645,-0.23710197288091797,-0.23141788120211115,-0.1328475103249211,-0.1764645173603806,-0.1805950089084476,-0.24621207488847544,1.101762687619266,-0.6418131497883105,-0.5904035559937899,1.546109805755517,0.9778523631178014,-0.9778523631178014
-0.11503031507281841,-0.15803136339900511,-0.1513057905988391,-0.18628493455212436,-0.08493649629078048,-0.13279601892078058,-0.23525591441801508,-0.1380663495761697,-0.1282458929544092,-0.12576239724081606,-0.13085320439649048,-0.13349076883043998,1.101762687619266,-0.6418131497883105,-0.5904035559937899,1.546109805755517,-1.022649264569533,1.022649264569533
-0.17240814667277002,-0.22073074621778763,-0.133520202203851,-0.2617911800269881,-0.2552876934157573,-0.2218921610448092,-0.16452476157046347,-0.11361927144435306,-0.1819164836040717,-0.16303629680652615,-0.1258395860694137,0.02185584362494413,-0.9076364731145878,-0.6418131497883105,-0.5904035559937899,1.546109805755517,0.9778523631178014,-0.9778523631178014
-0.13933801000632468,-0.13724423515983342,-0.1628025058197705,-0.12394193986330651,-0.12970794325797372,-0.1816272363813415,-0.22993585899159422,-0.23203974769602875,-0.17150462100510178,-0.1661404046934825,-0.24618529636983802,-0.229464317699448,1.101762687619266,1.5580858702097802,-0.5904035559937899,-0.6467845920628796,-1.022649264569533,1.022649264569533
-0.5283406940249069,-0.21871932418668372,-0.13447120171828358,-0.2101109926250296,-0.2038562868646798,-0.15423846862049087,-0.1660343132798761,-0.09665383272064443,-0.2452713156531873,-0.1569654331678972,-0.24505066558490463,-0.04333241758501487,-0.9076364731145878,-0.6418131497883105,-0.5904035559937899,1.546109805755517,-1.022649264569533,1.022649264569533
-0.19320671464762507,-0.24676216269665496,-0.13271098934119985,-0.1947605026707431,-0.20844762958000373,-0.12195083590775337,-0.18456026782123294,-0.09214613446405906,-0.20434037347811618,-0.14901592519506102,-0.18100720527607386,-0.036375324664244583,-0.9076364731145878,1.5580858702097802,-0.5904035559937899,-0.6467845920628796,0.9778523631178014,-0.9778523631178014
-0.10989352422849823,-0.11795922730362134,-0.1491067173130106,-0.15301341083634723,-0.19285115148714127,-0.16816721326501943,-0.2144957138096924,-0.2171110763239619,-0.1265648326197224,-0.16434386190102382,-0.2535758573197775,-0.19801470402623467,1.101762687619266,1.5580858702097802,-0.5904035559937899,-0.6467845920628796,0.9778523631178014,-0.9778523631178014
-0.19569855829958777,-0.19324000931068747,-0.14148742226222932,-0.20560440779917524,-0.21438949786845668,-0.19829233898056745,-0.18430096871739277,-0.1427890099589507,-0.2314023094159663,-0.18664168733973172,-0.20203165932151215,-0.11567027325044975,-0.9076364731145878,1.5580858702097802,-0.5904035559937899,-0.6467845920628796,-1.022649264569533,1.022649264569533
-0.14258433479014881,-0.05289084568746768,-0.1578422229097209,-0.17038928331143557,-0.11457463170778526,-0.17366226541355856,-0.3792883278156143,-0.21786916927314348,-0.13975682401509204,-0.18264863883596505,-0.04563397933277051,-0.2587383914582066,1.101762687619266,1.5580858702097802,-0.5904035559937899,-0.6467845920628796,-1.022649264569533,1.022649264569533
-0.2102042852451822,-0.1499118165955286,-0.13896993772031593,-0.11607240309986533,-0.1708332796923546,-0.12766682129613333,-0.19264512509885026,-0.08679378977722824,-0.19984132208679004,-0.1665417038915481,-0.2673991409176599,-0.1500893460649174,-0.9076364731145878,-0.6418131497883105,1.6937567361306989,-0.6467845920628796,-1.022649264569533,1.022649264569533
-0.14104996955255727,-0.07903301486897843,-0.15958578613076113,-0.15848637545917948,-0.16103819396427443,-0.1942056771565922,-0.22399005587285137,-0.22800699223318419,-0.1850378757196542,-0.17579745830332444,-0.24610147925148368,-0.18700398865658555,1.101762687619266,1.5580858702097802,-0.5904035559937899,-0.6467845920628796,-1.022649264569533,1.022649264569533
-0.1880605053325336,-0.16273167290577958,-0.13483232031764325,-0.15919985625969915,-0.24980157123610383,-0.18504312342677834,-0.17500764131799,-0.12483305623485738,-0.2055516980405525,-0.17870425917811547,-0.16087328713505844,-0.04688441836586606,-0.9076364731145878,1.5580858702097802,-0.5904035559937899,-0.6467845920628796,-1.022649264569533,1.022649264569533
-0.15230571985783303,-0.19873598457465969,-0.15631907998099565,-0.20347840881701887,-0.11743547249169113,-0.17590487196684979,-0.22607870978359038,-0.21961680695289792,-0.14620521013713364,-0.20114124531822375,-0.13288950921376624,-0.20414896430628954,1.101762687619266,-0.6418131497883105,1.6937567361306989,-0.6467845920628796,-1.022649264569533,1.022649264569533
-0.1634838373825617,-0.29457508480144107,-0.14709363761542946,-0.1340150972764088,-0.0771200057172429,-0.19824588307460345,-0.23167308015486687,-0.27144878249752025,-0.217254134160427,-0.18847235798797746,-0.11835319021892589,-0.27705161675153167,-0.9076364731145878,1.5580858702097802,-0.5904035559937899,-0.6467845920628796,-1.022649264569533,1.022649264569533
-0.16575005094636563,-0.17684488300759219,-0.1555502890716881,-0.21617365982414313,-0.13365745569617002,-0.1292918955868583,-0.23344417308968352,-0.16658802251297083,5.895263273613659,1.3089370279610346,-0.19291097970181048,-0.16648177342320764,1.101762687619266,-0.6418131497883105,1.6937567361306989,-0.6467845920628796,0.9778523631178014,-0.9778523631178014
-0.19051829849381355,-0.13534700387545695,-0.13759446632343894,-0.1640241599570547,-0.2364962278264028,-0.15093320921674375,-0.17717988642206223,-0.1003320522828154,-0.21056604139665228,-0.16522502654001014,-0.20644592478029117,-0.08961461747165685,-0.9076364731145878,1.5580858702097802,-0.5904035559937899,-0.6467845920628796,0.9778523631178014,-0.9778523631178014
-0.14468456268199406,-0.22670094024112158,-0.16166626326471886,-0.15900914545652697,-0.12168201632002419,-0.20242637592068288,-0.24638245291415617,-0.2299784510217736,-0.17705240442910497,-0.18576456307999992,-0.11922198769650182,-0.215172566551342,1.101762687619266,-0.6418131497883105,-0.5904035559937899,1.546109805755517,0.9778523631178014,-0.9778523631178014
-0.21130529029408276,-0.15683008995222017,-0.13444072522999112,-0.14865915232210003,-0.21090190173875492,-0.2063006502487365,-0.19228015864879025,-0.12236236594356506,-0.21208195302534158,-0.1722405857390939,-0.16232805800029318,-0.101066688812913,-0.9076364731145878,-0.6418131497883105,1.6937567361306989,-0.6467845920628796,-1.022649264569533,1.022649264569533
-0.10331171415182058,-0.2028923017347474,-0.16527590969018707,-0.1750907955011295,-0.16480553536313208,-0.15866854300028146,-0.23958365557629557,-0.19650483637567884,-0.15218373589726444,-0.17798216741502895,-0.07932463750244091,-0.2387122313096091,1.101762687619266,1.5580858702097802,-0.5904035559937899,-0.6467845920628796,-1.022649264569533,1.022649264569533
-0.14739164066096233,-0.1195732359803501,-0.1691610448514317,-0.19605979008544525,-0.10690617965921852,-0.18222767821130587,-0.24792296882660628,-0.21750795925037653,-0.16782624862948237,-0.17754091171743774,-0.10659477306416147,-0.22541136959101982,1.101762687619266,-0.6418131497883105,-0.5904035559937899,-0.6467845920628796,0.9778523631178014,-0.9778523631178014
-0.1538628781518589,-0.16278261455007162,-0.14048774776259168,-0.1800296400147677,-0.2665756447327702,-0.21037055851778114,-0.1847292751028983,-0.15563142654583614,-0.22401206869426626,-0.19065156458027546,-0.14071912466504757,-0.060379590894957154,-0.9076364731145878,-0.6418131497883105,1.6937567361306989,-0.6467845920628796,-1.022649264569533,1.022649264569533
-0.20744039024065516,-0.17033696718859626,-0.1413115478594681,-0.1372281045974995,-0.20306361149323213,-0.15704207948417734,-0.186072456761711,-0.056315911741833605,-0.1712244993587887,-0.1699066922824768,-0.0865553692484489,-0.14494329405712317,-0.9076364731145878,-0.6418131497883105,-0.5904035559937899,-0.6467845920628796,-1.022649264569533,1.022649264569533
-0.13216967391852782,-0.1730743698451318,-0.15901082422209808,-0.16573377233306283,-0.18132051118709405,-0.17923726697476808,-0.2250987171572859,-0.2215204110133586,-0.13860276444409447,-0.17724433377001017,-0.18467087486472314,-0.1547301129576067,1.101762687619266,-0.6418131497883105,-0.5904035559937899,1.546109805755517,0.9778523631178014,-0.9778523631178014
-0.2340780033823316,-0.19782996106542963,-0.12624246812348544,-0.16417201822273814,-0.16993278815603116,-0.1954144275543722,-0.15459330660907863,-0.0702796761950905,-0.19804041341484607,-0.13984043441939945,-0.24108010107931818,-0.06525168667616477,-0.9076364731145878,-0.6418131497883105,-0.5904035559937899,-0.6467845920628796,-1.022649264569533,1.022649264569533
-0.15944617972424643,0.7839466677887376,-0.18801950790257077,-0.011215829347834782,-0.13286983107433908,0.007587508146925562,-0.2496203912277168,-0.2510251299473463,-0.15994775132467856,-0.18314569819046925,-0.167148999601534,-0.2702232270638458,1.101762687619266,1.5580858702097802,-0.5904035559937899,-0.6467845920628796,-1.022649264569533,1.022649264569533
-0.11015413775084527,-0.23471014071611054,-0.1601299632599263,-0.15423022446527263,-0.14150518660842212,-0.17157939965791297,-0.23282551595227574,-0.22875570536458942,-0.15263217888846223,-0.1763471922605467,-0.14638298639058972,-0.2324760074414673,1.101762687619266,-0.6418131497883105,-0.5904035559937899,-0.6467845920628796,-1.022649264569533,1.022649264569533
-0.15119746058251846,-0.1891128646573323,-0.1408541882435074,-0.15592280355359037,-0.10626406455520042,-0.14870860785615253,-0.22659943189843404,-0.22591042912640122,-0.14215309979794005,-0.17664819734614345,-0.1869204753794281,-0.26293646365374485,-0.9076364731145878,1.5580858702097802,-0.5904035559937899,-0.6467845920628796,-1.022649264569533,1.022649264569533
-0.16040358665703175,-0.2969684834145174,-0.1317534220552051,-0.25669417956502827,-0.24077616125994614,-0.29185740365337753,-0.15373950258364505,-0.08807480571397298,-0.20122076422491145,-0.17699567315479348,-0.11870815237042608,-0.03640988869180042,-0.9076364731145878,1.5580858702097802,-0.5904035559937899,-0.6467845920628796,-1.022649264569533,1.022649264569533
-0.16778123294916295,-0.2506469233173027,-0.16106348559016057,-0.2149763210120983,-0.08272555367270877,-0.17475212818729516,-0.2392288210147082,-0.20395787267596407,-0.17591273122740292,-0.16494988613320397,-0.17825510416665916,-0.21607141480087175,1.101762687619266,-0.6418131497883105,-0.5904035559937899,-0.6467845920628796,0.9778523631178014,-0.9778523631178014
4.268041974886772,5.831834289338411,1.9885160067455108,5.324762480980183,4.24584792312613,4.494128465092873,1.7302160386299354,6.455624117565676,6.581049913137757,7.225675531732785,6.399972394016753,6.619558756794023,1.101762687619266,-0.6418131497883105,-0.5904035559937899,1.546109805755517,0.9778523631178014,-0.9778523631178014
-0.1533632114745956,-0.1562906550283178,-0.1691101542977598,-0.22103397902039293,-0.07089644751824944,-0.10235934407904886,-0.2500459741454552,-0.15494612301753805,-0.1588979075219262,-0.18643396724680908,-0.2265810212293706,-0.2724393199734573,1.101762687619266,-0.6418131497883105,1.6937567361306989,-0.6467845920628796,-1.022649264569533,1.022649264569533
-0.2310680063682765,-0.07125556563016189,-0.14068063194354488,-0.10101922480567721,-0.1594409616356443,-0.1038132223970936,-0.18698425416814873,-0.1013971733507963,-0.20727662952557033,-0.15121372837623195,-0.2159602877455544,-0.15165296630289357,-0.9076364731145878,-0.6418131497883105,1.6937567361306989,-0.6467845920628796,0.9778523631178014,-0.9778523631178014
-0.13519045817715158,-0.14453347783432252,-0.13950008106941822,-0.2335626051753084,-0.18347446165166573,-0.17597496436406762,-0.2604959853917407,-0.14345330140930587,-0.11109352387005561,-0.1823591147073119,-0.28401307952952815,-0.10799422847555717,-0.9076364731145878,-0.6418131497883105,1.6937567361306989,-0.6467845920628796,0.9778523631178014,-0.9778523631178014
-0.1592324722476147,-0.12697193766356746,-0.14841053130328422,-0.1591243289245775,-0.24130572391454938,-0.17958408309792426,-0.19618756447488778,-0.13740626879673956,-0.2370716164748157,-0.1950883556457232,-0.22430628148190235,-0.13614878753585113,-0.9076364731145878,1.5580858702097802,-0.5904035559937899,-0.6467845920628796,0.9778523631178014,-0.9778523631178014
-0.22310512492802195,-0.19035333354584796,-0.12473095466823028,-0.22447541378896027,-0.27965597648771945,-0.24437793333961616,-0.16518833339995784,-0.08710477866274827,-0.20126084815547524,-0.16587997854678949,-0.03892210860643572,0.026113908645451926,-0.9076364731145878,-0.6418131497883105,-0.5904035559937899,1.546109805755517,0.9778523631178014,-0.9778523631178014
-0.13880722665202602,-0.12605295541555925,-0.16456360588656804,-0.17860666005935824,-0.06494085064659952,-0.19865949831839655,-0.24493423010395574,-0.2188266027143146,-0.15430792697033205,-0.17286117523698957,-0.17051980332570724,-0.24313243378378133,1.101762687619266,-0.6418131497883105,1.6937567361306989,-0.6467845920628796,0.9778523631178014,-0.9778523631178014
-0.10014363344135685,-0.20406664643935418,-0.16042906454071323,-0.17317284121943746,-0.08848390216577708,-0.2720174772506075,-0.22880014770661666,-0.18920149645513232,-0.15885305141574005,-0.15231874682674224,-0.08025071294820359,-0.23226182474439405,-0.9076364731145878,-0.6418131497883105,-0.5904035559937899,-0.6467845920628796,-1.022649264569533,1.022649264569533
-0.15164644340959782,-0.15092199778235027,-0.1670457533779981,-0.2028859563830968,-0.0710679392588023,-0.15365510154199136,-0.24918770848733868,-0.18184450980841801,-0.16662966869017365,-0.1670279178333398,-0.13770116431678306,-0.2231827671032934,1.101762687619266,-0.6418131497883105,-0.5904035559937899,1.546109805755517,-1.022649264569533,1.022649264569533
-0.15559522938852424,-0.24812300275467108,-0.1367072174184956,-0.1956969108739098,-0.1628985182900727,-0.18317603280826314,-0.17487850483340522,-0.09239283718266705,-0.21029291752285545,-0.14626256983322894,-0.12171224285444142,-0.05900237174496883,-0.9076364731145878,-0.6418131497883105,-0.5904035559937899,-0.6467845920628796,0.9778523631178014,-0.9778523631178014
-0.18794846561122133,-0.09034128389146985,-0.13469004482375108,-0.1819450505080835,-0.23946971199546044,-0.20716881553851577,-0.18024490954878297,-0.1322786604314759,-0.24421000922567743,-0.16451183402612593,-0.3354005673769107,-0.03895628179683648,-0.9076364731145878,-0.6418131497883105,1.6937567361306989,-0.6467845920628796,-1.022649264569533,1.022649264569533
-0.13509100458226134,-0.10551955411032382,-0.16570278118000892,-0.16003642125796433,-0.10714181903480345,-0.3214578587110592,-0.22212667302654446,-0.2903586178214368,-0.13476752296031563,-0.1688570641663546,-0.17636657127319347,-0.26456334827219835,-0.9076364731145878,-0.6418131497883105,1.6937567361306989,-0.6467845920628796,-1.022649264569533,1.022649264569533
-0.1679024894459028,-0.12403120966297008,-0.15316149128768053,-0.17812227359261606,-0.07596704182246375,-0.12206043113117163,-0.24807743434116378,-0.2148634971117899,-0.16093565978341764,-0.19785829740666855,-0.28291023878312144,-0.26403131745866654,1.101762687619266,1.5580858702097802,-0.5904035559937899,-0.6467845920628796,0.9778523631178014,-0.9778523631178014
-0.15087983423830412,-0.2154621155075551,1.9149511630471632,-0.187538421702184,-0.14638354249575952,-0.15014509204642426,-0.24614680635708336,-0.2167213060917509,-0.16722871008286613,-0.18821596789179149,-0.2419249473075559,-0.21322013715276894,-0.9076364731145878,1.5580858702097802,-0.5904035559937899,-0.6467845920628796,0.9778523631178014,-0.9778523631178014
-0.2028781867424959,-0.2072323444757163,-0.13835969870990494,-0.11867675167270678,-0.19406255256453422,-0.16795885574800426,-0.17698037538959005,-0.07446670764959527,-0.2107057506977111,-0.17800573974210895,-0.14008074293988523,-0.19680236541892665,-0.9076364731145878,-0.6418131497883105,-0.5904035559937899,1.546109805755517,0.9778523631178014,-0.9778523631178014
-0.22854965806726907,-0.21266506366279098,-0.14116202236466635,-0.15192463661644326,-0.250730353915881,-0.20741375403022297,-0.1865426405228794,-0.13241835812507594,-0.23177121723333793,-0.1638278425551051,-0.15479598224276814,-0.04394523289036765,-0.9076364731145878,-0.6418131497883105,1.6937567361306989,-0.6467845920628796,0.9778523631178014,-0.9778523631178014
-0.14566091765492675,-0.23680166075721445,-0.1402721949838458,-0.16718774513161794,-0.10009779779390461,-0.148071975977491,-0.22430290917719506,-0.22829783682007257,-0.1142691371986313,-0.18003771491931742,-0.17556074535951693,-0.2195911022198542,1.101762687619266,-0.6418131497883105,1.6937567361306989,-0.6467845920628796,0.9778523631178014,-0.9778523631178014
-0.1576598784978922,-0.19570409851342027,-0.15748656836953276,-0.12841818267568428,-0.07071854053198601,-0.2923236267461361,-0.23295670006579478,-0.21478084240700723,-0.17426597689843615,-0.180571305256475,-0.18642334531510715,-0.41199927481167004,1.101762687619266,1.5580858702097802,-0.5904035559937899,-0.6467845920628796,-1.022649264569533,1.022649264569533
-0.12680679448200988,-0.21125108885085395,-0.1609425196752078,-0.09105046859995049,-0.13642345434626915,-0.26090831876221365,-0.22031759890337702,-0.29383349220268157,-0.9802034958056449,-0.19028883020368273,-0.10576230939284019,-0.29625198229504685,1.101762687619266,-0.6418131497883105,-0.5904035559937899,-0.6467845920628796,-1.022649264569533,1.022649264569533
-0.21251852246919475,-0.1531423174935681,-0.1420100387380137,-0.164715059506646,-0.2341647312764741,-0.18292903775702932,-0.17165598438838595,-0.10935550498034485,-0.20593746729461,-0.1773807037041633,-0.15085110997899592,-0.08460446221209733,-0.9076364731145878,-0.6418131497883105,-0.5904035559937899,-0.6467845920628796,-1.022649264569533,1.022649264569533
-0.12853941126832513,-0.17910807901808906,-0.15697011846840866,-0.2195030466246831,-0.1115987109452306,-0.12034727064873604,-0.2393817395993212,-0.14667217695090123,-0.1408907871400563,-0.16653607136967946,-0.147006791469301,-0.1696537800428833,1.101762687619266,1.5580858702097802,-0.5904035559937899,-0.6467845920628796,0.9778523631178014,-0.9778523631178014
-0.5670390106063345,-0.20401870800383085,-0.13949719579483127,-0.22273666632566944,-0.2384533764186303,-0.15125039967812284,-0.17819016105547428,-0.08846326617952274,-0.19711992087745947,-0.1760562499192929,-0.1327154924876599,-0.05301708464074951,-0.9076364731145878,-0.6418131497883105,-0.5904035559937899,1.546109805755517,0.9778523631178014,-0.9778523631178014
-0.16721118180353284,-0.18203270356443046,-0.13236723800445016,-0.1973041675255126,-0.1573695251216852,-0.15288676630706222,-0.18562987438879838,-0.05574130904135053,-0.1985879543931987,-0.13535649661671192,-0.04901288340894051,-0.08703433473798008,-0.9076364731145878,-0.6418131497883105,1.6937567361306989,-0.6467845920628796,0.9778523631178014,-0.9778523631178014
-0.20287442020024646,-0.19574086874919994,-0.14644373640804176,-0.17334089360536306,-0.19127598059157697,-0.11706686919027597,-0.19369745359684437,-0.11744706099633329,-0.18498122034486744,1.3089370279610346,-0.1438788676871258,-0.12057159339095878,-0.9076364731145878,1.5580858702097802,-0.5904035559937899,-0.6467845920628796,0.9778523631178014,-0.9778523631178014
-0.136992677003687,-0.1600806768220113,-0.16240317928435632,-0.18947251211701907,-0.09791397106120658,-0.15733298487380817,-0.2472344922533014,-0.21605328059714446,-0.1655400264446079,-0.1809005865201505,-0.15586646902512782,-0.23187215117685964,1.101762687619266,-0.6418131497883105,-0.5904035559937899,1.546109805755517,-1.022649264569533,1.022649264569533
-0.1442540789451508,-0.18055249946899418,-0.17795601867501482,-0.16050227112618792,-0.16330812907125777,-0.13296977254798104,-0.2509244950839787,-0.1471452419760817,-0.17671688794939083,-0.17859084609313491,-0.168898008911286,-0.2005696891482631,1.101762687619266,-0.6418131497883105,-0.5904035559937899,1.546109805755517,0.9778523631178014,-0.9778523631178014
-0.1929329404902691,-0.21170620111593882,-0.14181432735615046,-0.13410086981929756,-0.22694297250596598,-0.1745012073901146,-0.18081335970366713,-0.10393231864968752,-0.2124215165260645,-0.18394954724419318,-0.009583469151668253,-0.13612600833636399,-0.9076364731145878,-0.6418131497883105,1.6937567361306989,-0.6467845920628796,0.9778523631178014,-0.9778523631178014
-0.13420378540531652,-0.34496358804623667,-0.15474633579503297,-0.1910562051045284,-0.04869011642084157,-0.1827293899756554,-0.23422900194916618,-0.22390791385387254,-0.15245960419339916,-0.16664926220843249,-0.19913639604121858,-0.28751756160204095,1.101762687619266,1.5580858702097802,-0.5904035559937899,-0.6467845920628796,0.9778523631178014,-0.9778523631178014
-0.22198239783940943,-0.13997368434976964,-0.14498373714057075,-0.09946449259984598,-0.22284281906542044,-0.10716133706460891,-0.18138713702244444,-0.06365385898657529,-0.17084194892278315,-0.18196476063818018,-0.0878548234970923,-0.11068674650858047,-0.9076364731145878,-0.6418131497883105,-0.5904035559937899,-0.6467845920628796,0.9778523631178014,-0.9778523631178014
-0.19145514595336985,-0.18254204074489228,-0.14440350483411254,-0.17943134157362411,-0.2429377916722398,-0.1599105122090607,-0.18698674073699126,-0.1156261518955113,-0.20777745773156509,-0.18918037753288813,-0.12268588124558195,-0.1069743975907209,-0.9076364731145878,-0.6418131497883105,1.6937567361306989,-0.6467845920628796,-1.022649264569533,1.022649264569533
-0.10672722023311636,-0.18373789944886207,10.184300332333201,-0.1863064708960654,-0.10911953360876267,-0.18608906130602457,-0.21626539896477487,-0.2222284535370958,-0.13009328325935451,-0.1833627471841922,-0.13159385516383593,-0.20895581004489178,1.101762687619266,-0.6418131497883105,-0.5904035559937899,1.546109805755517,-1.022649264569533,1.022649264569533
-0.5100171123771511,-0.12893042267756188,-0.1610077791677253,-0.16868125356270824,-0.17806580507388758,-0.1846426493497796,-0.22458559234703993,-0.20353404361061736,5.895263273613659,-0.1698074717289117,-0.13528221684741149,-0.18793043974205859,1.101762687619266,-0.6418131497883105,-0.5904035559937899,1.546109805755517,-1.022649264569533,1.022649264569533
-0.16585549241138287,-0.19167709317192674,-0.1375928061393788,-0.21264599567506484,-0.20227474938752893,-0.11353283272059511,-0.18911883386541953,-0.04161086099318465,-0.21156197870632135,-0.13369108005974906,-0.16043567711014828,-0.09038613314845832,-0.9076364731145878,1.5580858702097802,-0.5904035559937899,-0.6467845920628796,-1.022649264569533,1.022649264569533
-0.09423505425213899,-0.14420291754461043,-0.1744191969197954,-0.1577910680980119,-0.11126897252369425,-0.20618761138967248,-0.24961851023740103,-0.23070147934932733,-0.15250346108438242,-0.18138671293973238,-0.2687945822986858,-0.2970702864820322,1.101762687619266,1.5580858702097802,-0.5904035559937899,-0.6467845920628796,0.9778523631178014,-0.9778523631178014
-0.15496963311924297,-0.15419862266444723,-0.15366692059469897,-0.11052688493101177,-0.015476799442542004,-0.18561384608103196,-0.24545069455369808,-0.27954617796431175,-0.1196226470924053,-0.19178518507995815,-0.2174838651373229,-0.34325839698135235,-0.9076364731145878,-0.6418131497883105,-0.5904035559937899,-0.6467845920628796,-1.022649264569533,1.022649264569533
-0.19710062595355846,-0.1670314171734406,-0.13382518004681604,-0.14547954889839246,-0.19846978680858593,-0.1722619669315101,-0.17476421511689605,-0.02791115697202816,-0.21098319853582254,-0.15329777919995183,-0.21704571172114942,-0.11517836844248533,-0.9076364731145878,-0.6418131497883105,1.6937567361306989,-0.6467845920628796,-1.022649264569533,1.022649264569533
-0.139018074510938,-0.09680339689775692,-0.1592960322105142,-0.13953392362231085,-0.1982534945039749,-0.18456907966069655,-0.216662310826145,-0.14673142411392223,-0.2728993997166209,-0.2039700003655738,-0.10886833342521411,-0.20651700041463444,-0.9076364731145878,-0.6418131497883105,-0.5904035559937899,1.546109805755517,-1.022649264569533,1.022649264569533
-0.18760807312057992,-0.1783359493603517,-0.1553231520883416,-0.12480167609521294,-0.2221476720422608,-0.09724763250189385,-0.21282800455683598,-0.12858292242712746,-0.20538423636375466,-0.19777708094424476,-0.14955590001468247,-0.18379018184293697,-0.9076364731145878,-0.6418131497883105,1.6937567361306989,-0.6467845920628796,-1.022649264569533,1.022649264569533
-0.12133107486848284,-0.11608512047735899,-0.15724518648583527,-0.11597595131905056,-0.11238207876585903,-0.1834473402653779,-0.23293253171804498,-0.2530625463688063,-0.12740884042363387,-0.1759729367052763,-0.14988853587902184,-0.28428017479313583,1.101762687619266,1.5580858702097802,-0.5904035559937899,-0.6467845920628796,0.9778523631178014,-0.9778523631178014
-0.1707485006718837,-0.1444390000535488,-0.14063243118232047,-0.20699135335413893,-0.1352010845488885,-0.15604887204793033,-0.21431607142271095,-0.19272126324201944,-0.14645752575922508,-0.16009131930065107,-0.2485300313633036,-0.14758265966934436,1.101762687619266,1.5580858702097802,-0.5904035559937899,-0.6467845920628796,-1.022649264569533,1.022649264569533
-0.12309882672378565,-0.1410249365109028,-0.15545175872652564,-0.16569269083616306,-0.11174790658182328,-0.215426981394169,-0.22840588798578765,-0.2420551329737425,-0.15601006164682793,-0.1672158120645394,-0.17229898181462175,-0.251020402897056,1.101762687619266,1.5580858702097802,-0.5904035559937899,-0.6467845920628796,-1.022649264569533,1.022649264569533
-0.17855659135061652,-0.16895644834402768,-0.137160945568377,-0.15824986636835175,-0.1700982655709885,-0.1601028790681213,-0.18342558102288012,-0.09768740457370134,-0.20915012225518254,-0.1564452085614594,-0.1270580844045495,-0.13418104476956302,-0.9076364731145878,-0.6418131497883105,-0.5904035559937899,1.546109805755517,-1.022649264569533,1.022649264569533
-0.19305444725984397,-0.12727236021148847,-0.13767247492085855,-0.169148676747505,-0.22313396908142696,-0.17656602788127018,0.858719911921839,-0.06962884272255916,-0.17804606127299205,-0.17976194536708331,-0.1815646257576323,-0.11899762252278008,-0.9076364731145878,-0.6418131497883105,-0.5904035559937899,1.546109805755517,0.9778523631178014,-0.9778523631178014
-0.14064137103250718,-0.17900965950221906,-0.15841103904529932,-0.12399082740175071,-0.05175037522315659,-0.19885699358607312,-0.22713172343692148,-0.2681887729481023,-0.13733916176432362,-0.1659504301415598,-0.2598481638040485,-0.27129583087333553,1.101762687619266,1.5580858702097802,-0.5904035559937899,-0.6467845920628796,-1.022649264569533,1.022649264569533
-0.1896616780866922,-0.1649617566742977,-0.17131205349690476,-0.1825736698655735,-0.20303751107776974,-0.13733687893190613,-0.255996503289592,-0.1995117869926991,-0.2477596004787417,-0.17491782770240885,-0.11429979872645521,-0.23756215022568927,-0.9076364731145878,-0.6418131497883105,-0.5904035559937899,1.546109805755517,0.9778523631178014,-0.9778523631178014
-0.15366826219004964,-0.2783602897195995,-0.14415673726225905,-0.06878123720324819,-0.05365958781761375,-0.24549071228416075,-0.24203636065142956,-0.3149465720768884,-0.13006990783374225,-0.18741346273842516,-0.18745400732925283,-0.29293077270603035,1.101762687619266,-0.6418131497883105,-0.5904035559937899,1.546109805755517,0.9778523631178014,-0.9778523631178014
-0.18896364519047404,-0.26643940801828575,-0.13242630767081873,-0.22115463542329736,-0.21901951491907629,-0.22035024948052884,-0.1607881469255122,-0.0870727409085521,-0.19683683561093548,-0.16233551409065,-0.1850187971176594,-0.03897596061582061,-0.9076364731145878,-0.6418131497883105,-0.5904035559937899,1.546109805755517,-1.022649264569533,1.022649264569533
-0.22146020402789598,-0.1966722885027424,-0.14810391001266307,-0.09783164541155842,-0.22398014571538072,-0.08283346702832219,-0.19555201135521888,-0.10079502534838022,-0.18566144196607048,-0.18452203263435946,-0.26758974781481604,-0.16763100557115077,-0.9076364731145878,-0.6418131497883105,-0.5904035559937899,1.546109805755517,-1.022649264569533,1.022649264569533
-0.21482623184425603,-0.18293229269584907,-0.15092913292049862,-0.14916700115076878,-0.08853397167216388,-0.17428569156496146,-0.23951881733485755,-0.26073429642053203,-0.14297300545374148,-0.17614545086127692,-0.23757898436531527,-0.2722245238027493,1.101762687619266,-0.6418131497883105,-0.5904035559937899,1.546109805755517,-1.022649264569533,1.022649264569533
-0.14464677029684792,-0.19349622611032763,-0.16814007428179162,-0.09917451689503487,-0.04191670470862634,-0.20753659335677213,-0.24968501627597103,-0.2803700703647329,-0.14596061377480773,-0.18974335932951292,-0.2522447988898905,-0.35557233048078785,1.101762687619266,-0.6418131497883105,-0.5904035559937899,1.546109805755517,-1.022649264569533,1.022649264569533
-0.13731564990531472,-0.1824818471106027,1.9121241588585272,-0.1289353442614626,-0.0846256427737395,-0.0911508105672918,-0.23061619957808357,-0.19698242876757321,-0.14836783673306056,-0.18246696900558435,-0.1447667179050236,-0.23034220126840865,1.101762687619266,-0.6418131497883105,1.6937567361306989,-0.6467845920628796,-1.022649264569533,1.022649264569533
-0.15307184471304713,-0.2211898185499286,-0.1533192026226475,-0.15750275094216684,-0.07836610076956034,-0.1605809742354425,-0.24283198856867158,-0.22652940537335098,-0.15340613762317035,-0.20546832058221387,-0.23618907915106074,-0.28258597224647103,1.101762687619266,1.5580858702097802,-0.5904035559937899,-0.6467845920628796,-1.022649264569533,1.022649264569533
-0.17642468947406978,-0.191295738516557,-0.15707787504265452,-0.16234767315514245,-0.11947553847490071,-0.13148948488595882,-0.24009323573485852,-0.18782050478642912,-0.1922034689255405,-0.189036135023495,-0.2442956354936677,-0.15809640057113686,-0.9076364731145878,1.5580858702097802,-0.5904035559937899,-0.6467845920628796,-1.022649264569533,1.022649264569533
-0.1562348991286091,-0.09475721924627524,-0.17009064537137536,-0.2599884645882111,-0.18860188417700624,-0.11845898944828642,-0.23516965408022444,-0.12258089982270945,-0.17417037113507092,-0.13939329509646287,0.05869101442926535,-0.07124815718260422,1.101762687619266,-0.6418131497883105,1.6937567361306989,-0.6467845920628796,-1.022649264569533,1.022649264569533
-0.2126006899212075,-0.23644073684264985,-0.13592006574690907,-0.2466982291541122,-0.22990568435044895,-0.19054184873571775,-0.17272011576297264,-0.18123276451032327,-0.223260431446843,-0.18146989946208478,-0.14795529015680198,-0.060755072435153795,-0.9076364731145878,-0.6418131497883105,-0.5904035559937899,1.546109805755517,0.9778523631178014,-0.9778523631178014
-0.18477414382273075,-0.20388013411542413,-0.14081282412166274,-0.20462818227539561,-0.23811447320704027,-0.16355910668378368,-0.19093650817359106,-0.14551377002152588,-0.21895505027838946,-0.1671351421025906,-0.19929252375803924,-0.07702800949110375,-0.9076364731145878,1.5580858702097802,-0.5904035559937899,-0.6467845920628796,0.9778523631178014,-0.9778523631178014
-0.1736573999167277,-0.17178830391143102,-0.15684416131840462,-0.1736391745569775,-0.10881479467439156,-0.18481716519555075,-0.22541994274338428,-0.28743794812808066,-0.14734394390051736,1.3089370279610346,-0.11762297224066968,-0.2327557324009998,1.101762687619266,1.5580858702097802,-0.5904035559937899,-0.6467845920628796,-1.022649264569533,1.022649264569533
-0.17198346055109073,-0.10031694746249877,-0.14178777695641473,-0.25825398718257736,-0.270669595453022,-0.18269964855150103,-0.16858778628948243,-0.12588419064916895,-0.23173659450366982,-0.18641208118126082,-0.15015137741224202,-0.05864992753215125,-0.9076364731145878,-0.6418131497883105,1.6937567361306989,-0.6467845920628796,0.9778523631178014,-0.9778523631178014
-0.14929867436760397,-0.2094543949392412,-0.15754457280603107,-0.1511892391274034,-0.12827808804602345,-0.17247851482998222,-0.23114473933998356,-0.22260384420836474,-0.19325258396076692,-0.17440081157963916,-0.25754928942278527,-0.20895469962137628,1.101762687619266,-0.6418131497883105,-0.5904035559937899,1.546109805755517,0.9778523631178014,-0.9778523631178014
-0.17288400205231594,-0.22607465148164133,-0.138599457219683,-0.13914072338703548,-0.17033149501357966,-0.18443151628755436,-0.1824148208489724,-0.10628177570630733,-0.238017602573654,-0.15737460058034403,-0.19583464975364315,-0.13239343770135195,-0.9076364731145878,-0.6418131497883105,-0.5904035559937899,1.546109805755517,0.9778523631178014,-0.9778523631178014
-0.16451666447554408,-0.08002860537367772,-0.1666184863415641,-0.197295971637691,-0.11254427551110896,-0.1556581575737965,-0.2593928101793184,-0.16180276558848797,-0.16288174482819573,-0.19457083310884377,-0.18823124785610376,-0.2175530838956237,1.101762687619266,-0.6418131497883105,-0.5904035559937899,1.546109805755517,0.9778523631178014,-0.9778523631178014
-0.1274987631276767,-0.2502890514023378,-0.17296773804501114,-0.24602151952324075,-0.07951308577097388,-0.14197015567298235,-0.26425457244459777,-0.19026086945548487,-0.14444682052842062,-0.19964699005672482,-0.20921194109582794,-0.25084593579510617,1.101762687619266,-0.6418131497883105,-0.5904035559937899,-0.6467845920628796,0.9778523631178014,-0.9778523631178014
-0.21051402983790907,-0.10119092921519988,-0.13947002360364016,-0.10319755432272741,-0.22011388264807832,-0.18014498343836338,-0.17808038452332098,-0.1095417830972882,-0.25053043697356936,-0.1701335596300106,-0.1823225503477147,-0.135359644245331,-0.9076364731145878,-0.6418131497883105,-0.5904035559937899,1.546109805755517,0.9778523631178014,-0.9778523631178014
-0.19149282194549727,-0.1422100581661556,-0.12767628773760079,-0.2678198903693538,-0.267711105645495,-0.18956239359789806,-0.16101022160671782,-0.09575470232756415,-0.18776960826882544,-0.1690603167279796,-0.1803280003724299,0.05544726110094448,-0.9076364731145878,-0.6418131497883105,-0.5904035559937899,1.546109805755517,-1.022649264569533,1.022649264569533
-0.15049198777640735,-0.12128115624175108,-0.16517146357653567,-0.17973073631267142,-0.09785916284024147,-0.12323498714722955,-0.24486681107861052,-0.19620600615568975,-0.16092021494285033,-0.17963817328373313,-0.15390696368322015,-0.22879688653401486,1.101762687619266,-0.6418131497883105,-0.5904035559937899,1.546109805755517,0.9778523631178014,-0.9778523631178014
-0.15553777262306281,-0.2859197675615063,-0.16734791410141442,-0.23086591406685333,-0.1854954650905576,-0.10176845863638977,-0.24103320327076208,-0.18239201867079732,-0.16452248752517232,-0.18060175970627101,-0.16665043742724658,-0.12401150644374485,1.101762687619266,1.5580858702097802,-0.5904035559937899,-0.6467845920628796,0.9778523631178014,-0.9778523631178014
-0.19867806038474228,-0.17136538282433678,-0.13303404793514043,-0.28221358457716594,-0.29757391025187296,-0.21651748612790273,0.8796859618581652,-0.11220298216000452,-0.19065613081312602,-0.40501134519313886,-0.2048949207177319,0.050115961572238264,-0.9076364731145878,-0.6418131497883105,-0.5904035559937899,1.546109805755517,0.9778523631178014,-0.9778523631178014
-0.15983126931724895,-0.16592441215574574,-0.1473054074882068,-0.15556985865274545,-0.14614106585411105,-0.20185450865491697,-0.2069683529901748,-0.12938246551710542,-0.23089793282171248,-0.1738525742832628,-0.16023133456050215,-0.18870033748505055,-0.9076364731145878,-0.6418131497883105,1.6937567361306989,-0.6467845920628796,-1.022649264569533,1.022649264569533
-0.1304605876904617,-0.23266704164471902,-0.15666958655154015,-0.16264412737863723,-0.17517912914801836,-0.1785532491470334,-0.2292752989556764,-0.19438231530823058,-0.17638058422750538,-0.16245568817768347,-0.16529294216055798,-0.1857598251004577,1.101762687619266,-0.6418131497883105,-0.5904035559937899,1.546109805755517,-1.022649264569533,1.022649264569533
-0.15906398705487526,-0.1523278574490263,-0.15630497308489094,-0.16252695776145173,-0.12877612256042859,-0.0938526975492083,-0.2397483533881231,-0.18326232079746027,-0.1550254894583156,-0.18228320442452992,-0.1809720644597629,-0.21768796472238378,1.101762687619266,-0.6418131497883105,1.6937567361306989,-0.6467845920628796,0.9778523631178014,-0.9778523631178014
-0.19535507846726471,-0.17925069331430077,-0.1354830788550118,-0.17256082596519298,-0.14050195869856982,-0.1023754128351676,-0.1926991219151215,-0.06368478915445548,-0.1756519504689305,-0.14072168605432345,-0.1246327252734306,-0.11608101523232235,-0.9076364731145878,-0.6418131497883105,1.6937567361306989,-0.6467845920628796,-1.022649264569533,1.022649264569533
-0.11967185253114415,-0.16109887639088435,-0.16125478119560147,-0.15920033332428796,-0.0876912544372647,-0.265844908324172,-0.23781038282008107,-0.31318743030391843,-0.17154488051848646,-0.18505525333920708,-0.16592314120339716,-0.35496945302440114,1.101762687619266,-0.6418131497883105,1.6937567361306989,-0.6467845920628796,0.9778523631178014,-0.9778523631178014
-0.12575486346529352,-0.18162316157462052,-0.14341338581916696,-0.12390411995368993,-0.05059378628492467,-0.21981381576097248,-0.22926278741732925,-0.2874653167876638,-0.1626800776194816,-0.18365613398782332,-0.2940945525394343,-0.28820316087290854,1.101762687619266,-0.6418131497883105,-0.5904035559937899,-0.6467845920628796,0.9778523631178014,-0.9778523631178014
-0.16240267438989336,-0.13739979317969042,-0.14565184618949692,-0.1123348141564991,-0.20598976150241516,-0.1441101747217957,-0.20219990062701243,-0.1480580026028101,-0.26284220736378705,-0.1736779311316301,-0.21937289178531322,-0.15404199066890367,-0.9076364731145878,-0.6418131497883105,1.6937567361306989,-0.6467845920628796,-1.022649264569533,1.022649264569533
-0.14513748933726106,-0.12416720516881984,-0.16528690958304718,-0.20201135981818255,-0.1475413226688161,-0.14360388016908252,-0.2445208688042089,-0.18217210128601768,-0.14566125931511448,-0.16577132958845525,-0.09136633585581663,-0.18516875078040612,1.101762687619266,-0.6418131497883105,-0.5904035559937899,-0.6467845920628796,-1.022649264569533,1.022649264569533
-0.15544285209628664,-0.23879931818032354,-0.14071510039940097,-0.19634271634815886,-0.13094802850884923,-0.18628268456096514,-0.20991330573188327,-0.21446887181154292,-0.12383828633100596,-0.14165514153353015,-0.22800276628734922,-0.1446626891429404,1.101762687619266,1.5580858702097802,-0.5904035559937899,-0.6467845920628796,0.9778523631178014,-0.9778523631178014
-0.18328837475187318,-0.17821425180172343,-0.15937353674276142,-0.13651268159294982,-0.25858449971343034,-0.12815513535059506,-0.2216658467525746,-0.21175955320005815,-0.23782431244732027,-0.21837703694731908,-0.18665269000115417,-0.15279322522606023,-0.9076364731145878,-0.6418131497883105,1.6937567361306989,-0.6467845920628796,0.9778523631178014,-0.9778523631178014
-0.19172255678534234,-0.14610630729351293,-0.1397063718466092,-0.24019171032012088,-0.28524663708407155,-0.15350082135957227,-0.18935646830010047,-0.16625733002138723,-0.1819079941816741,-0.1872737699214458,-0.11941168272966686,-0.004228384763646448,-0.9076364731145878,-0.6418131497883105,-0.5904035559937899,-0.6467845920628796,0.9778523631178014,-0.9778523631178014
-0.1466723908861953,-0.2966731108072232,-0.13697037216284794,-0.19849359972749192,-0.18492961612476627,-0.16318492228780765,5.0631397473298225,-0.053732338448255056,-0.2438040700901345,-0.13724832207292775,-0.16303133706252684,-0.12228081794562602,-0.9076364731145878,-0.6418131497883105,-0.5904035559937899,1.546109805755517,0.9778523631178014,-0.9778523631178014
-0.1458600416622214,-0.01778032028449547,-0.17154323037251268,-0.18526712259901093,-0.10052871857881616,-0.18529176022202215,-0.2669784447813568,-0.21973427890751743,-0.17268985061064288,-0.21991154120215778,-0.025424999728442126,-0.3168213558167724,1.101762687619266,1.5580858702097802,-0.5904035559937899,-0.6467845920628796,-1.022649264569533,1.022649264569533
-0.09656034359894876,-0.2081032727397929,-0.1847883627829258,-0.18347727988187248,-0.1314157896698912,-0.15778025224769307,-0.2596413098553011,-0.16853599305026015,-0.16303883158682628,-0.16541046249431102,-0.12232291871940017,-0.2610929583597687,1.101762687619266,-0.6418131497883105,-0.5904035559937899,1.546109805755517,0.9778523631178014,-0.9778523631178014
-0.18128955309607706,-0.2268373040745658,-0.13228040458703128,-0.2069355041175576,-0.12221263309214592,-0.18378245153923997,-0.201775192391888,-0.10665498382596796,-0.2587908819059177,-0.16687898800899217,-0.19929252375803924,-0.22620883733011748,-0.9076364731145878,-0.6418131497883105,-0.5904035559937899,1.546109805755517,-1.022649264569533,1.022649264569533
-0.13613163621212343,-0.20749373950193406,-0.15452003596571318,-0.1705345927278585,-0.16469115748965651,-0.19404830159914935,-0.22511595882609636,-0.23899499870326077,-0.16200550190839388,-0.1711336710901258,-0.05566103675669809,-0.20690359134719238,1.101762687619266,1.5580858702097802,-0.5904035559937899,-0.6467845920628796,0.9778523631178014,-0.9778523631178014
-0.12175149446599284,-0.14230819952149482,-0.14864253809978167,-0.18050148889076317,-0.033047905333831694,-0.16476024568079548,-0.2386691354462293,-0.21608646484211466,-0.10008741003814291,-0.15886488962327966,-0.1626205367662154,-0.26356830245345336,1.101762687619266,-0.6418131497883105,-0.5904035559937899,1.546109805755517,-1.022649264569533,1.022649264569533
-0.17472079462027723,-0.23772907732568274,-0.14947131108548714,-0.2236729537041617,-0.1501646143158475,-0.1041462681524113,-0.22981198349683052,-0.17002113538918104,-0.17740469999972613,-0.17353550975082363,-0.037834853451653626,-0.11406562100052423,1.101762687619266,1.5580858702097802,-0.5904035559937899,-0.6467845920628796,-1.022649264569533,1.022649264569533
-0.13973408495884004,-0.20377321737734808,-0.1447804061060769,-0.10469863991367119,-0.09778936276725621,-0.20534078728585353,-0.22101647163497604,-0.284600265078942,-0.15344411299494762,-0.1781148895276842,-0.19508296088823154,-0.26207628023839397,1.101762687619266,-0.6418131497883105,-0.5904035559937899,1.546109805755517,0.9778523631178014,-0.9778523631178014
-0.19558532149062519,-0.13242293057536297,-0.14619656219328153,-0.15330766662559858,-0.2564096257297997,-0.17923951989373638,-0.17622880441591227,-0.10001366104838716,-0.4155001265294292,-0.18056737394379335,-0.10747751858232978,-0.10821141798418252,-0.9076364731145878,1.5580858702097802,-0.5904035559937899,-0.6467845920628796,0.9778523631178014,-0.9778523631178014
-0.1341870901179337,-0.15143075390576513,-0.14226254285521864,-0.17644806833277044,-0.21552070080489868,-0.2251319142697502,-0.1947505914407593,-0.1430237760900281,-0.2837907663593544,-0.1766004445107834,-0.12295808257108003,-0.11504194667798871,-0.9076364731145878,-0.6418131497883105,-0.5904035559937899,-0.6467845920628796,0.9778523631178014,-0.9778523631178014
-0.09763486038084726,-0.08544657844524024,-0.15395709625561022,-0.06930458000871749,-0.036654293592096744,-0.250289347541584,-0.2382152032538699,-0.3394746134173415,-0.1518902805312906,-0.2037866496982004,-0.23306343652995934,-0.37938204433804257,1.101762687619266,-0.6418131497883105,-0.5904035559937899,1.546109805755517,0.9778523631178014,-0.9778523631178014
-0.1527607251186853,-0.3111251526059505,-0.16076268553178352,-0.22332831255371122,-0.13791872151119716,-0.15500350294535503,-0.23654491550688944,-0.1909693232781274,-0.15260640277774604,-0.1745198261679978,-0.19348628848879917,-0.16496978196866455,1.101762687619266,1.5580858702097802,-0.5904035559937899,-0.6467845920628796,-1.022649264569533,1.022649264569533
-0.17988051553694648,-0.19571184571475195,-0.16225946051611895,-0.17248819978369928,-0.09811313004297102,-0.1425194773375849,-0.23909043370702776,-0.20889838095504343,1.0668622449195804,-0.16859489721777915,-0.13889967700626804,-0.20859010186919255,1.101762687619266,1.5580858702097802,-0.5904035559937899,-0.6467845920628796,0.9778523631178014,-0.9778523631178014
-0.14483855086966035,-0.16484099853273915,-0.14148016782019185,-0.19498252307415995,-0.21841533215762574,-0.2703141212870584,-0.17923250822377312,-0.12396317281808975,-0.24117049398124288,-0.1813472821269893,-0.14722123939766,-0.12083289694815154,-0.9076364731145878,-0.6418131497883105,-0.5904035559937899,1.546109805755517,0.9778523631178014,-0.9778523631178014
-0.15674928838197472,-0.21843744633121157,-0.14838749514874094,-0.1864361730184504,-0.08967781504081782,-0.08603130248529382,-0.24038655640690265,-0.18370710142852195,-0.17505201700813358,-0.17217799713382362,-0.17137482306218033,-0.205873791678648,-0.9076364731145878,-0.6418131497883105,-0.5904035559937899,1.546109805755517,0.9778523631178014,-0.9778523631178014
-0.17589120804828048,-0.16976660693656018,-0.14511600215483733,-0.16228234890628765,-0.2081486944369756,-0.1510462240882224,-0.1956810813052717,-0.10435293527855417,-0.21593309324504997,-0.1752056331638341,-0.14395703839130314,-0.13585475601803643,-0.9076364731145878,1.5580858702097802,-0.5904035559937899,-0.6467845920628796,-1.022649264569533,1.022649264569533
-0.11782687533613179,-0.10827822848242226,-0.16136910799311502,-0.159678036712658,-0.12476926226929272,-0.24404172734774152,-0.2246349018424232,-0.2471815265759384,-0.13633725481735795,-0.1674851792307551,-0.1021677984134086,-0.240058127325888,1.101762687619266,-0.6418131497883105,1.6937567361306989,-0.6467845920628796,0.9778523631178014,-0.9778523631178014
-0.18606528644896675,-0.20245648963055085,-0.13806514565968714,-0.22147044860715637,-0.25923922921678766,-0.2333307218875388,-0.18322549329726087,-0.20636708090147957,-0.27991376198449275,-0.17560696739747633,-0.09681023715097332,0.009044976166358881,-0.9076364731145878,1.5580858702097802,-0.5904035559937899,-0.6467845920628796,-1.022649264569533,1.022649264569533
-0.14620061387432454,-0.16165617105537772,-0.15435183166230884,-0.16175347962828812,-0.1295672462574153,-0.19744255431728175,-0.21930525594075673,-0.2556062729497144,-0.16128536201181132,-0.18269915023172473,-0.16974259200290595,-0.20920209732664774,1.101762687619266,-0.6418131497883105,-0.5904035559937899,1.546109805755517,-1.022649264569533,1.022649264569533
-0.12731630429353483,-0.1382150206541858,-0.1574017142825808,-0.15624834680934807,-0.10088561810979385,-0.1794380092987476,5.0631397473298225,-0.21441348542570676,-0.15389365951388584,0.11511788851468625,-0.12759423868584618,-0.276450254185901,1.101762687619266,-0.6418131497883105,-0.5904035559937899,1.546109805755517,-1.022649264569533,1.022649264569533
-0.20125137211438549,-0.20651942650198282,-0.14008024902659968,-0.13030411344623263,-0.1896600719004174,-0.13838901916603383,8.768744774670092,-0.09778438747956801,-0.3618770650225843,-0.1576183494081383,-0.11747506774456092,-0.12670386209532927,-0.9076364731145878,-0.6418131497883105,-0.5904035559937899,1.546109805755517,0.9778523631178014,-0.9778523631178014
-0.10091281091513069,-0.21378376188635484,-0.3534491774681419,-0.17431159917386793,-0.11526789325387692,-0.16868168340626583,-0.24434942282316677,-0.21049325388866494,-0.1887401178172698,-0.19201437600225904,-0.18617936523731668,-0.2546628959939868,1.101762687619266,1.5580858702097802,-0.5904035559937899,-0.6467845920628796,0.9778523631178014,-0.9778523631178014
-0.18204612603169926,-0.15897606446300702,-0.13441062761918343,-0.29157035954800825,-0.2920598754030907,-0.22338025025437305,-0.16700511835338974,-0.14409051490513,-0.23292000584352568,-0.18662760792047522,-0.06958281116371137,0.05610339443612754,-0.9076364731145878,1.5580858702097802,-0.5904035559937899,-0.6467845920628796,-1.022649264569533,1.022649264569533
-0.20234963398629924,-0.21913359506116745,-0.14446450034903666,-0.17933142581047828,-0.2593978992231591,-0.15970963277292202,-0.1832807118892073,-0.10729206738307223,-0.2536322150393311,1.3089370279610346,-0.15910560445290936,-0.04844461086106954,-0.9076364731145878,1.5580858702097802,-0.5904035559937899,-0.6467845920628796,-1.022649264569533,1.022649264569533
-0.14027578549827538,-0.19833932404240542,-0.14250106506579446,-0.22032623420025174,-0.1059549568122485,-0.1096351341979181,-0.23342754571181312,-0.18888856139157795,-0.15395016989908958,-0.1842168022890251,-0.181978480185122,-0.17126945195951293,1.101762687619266,-0.6418131497883105,1.6937567361306989,-0.6467845920628796,-1.022649264569533,1.022649264569533
-0.22980284706336265,-0.19537833368187765,-0.13541853428466505,-0.17806637570856934,-0.21621222682880126,-0.1562521659097776,-0.1814563768474217,-0.14634139605376884,-0.22606094629217557,-0.15956021939690043,-0.156296903938559,-0.036766228403862206,-0.9076364731145878,-0.6418131497883105,-0.5904035559937899,1.546109805755517,0.9778523631178014,-0.9778523631178014
-0.17546972117287896,-0.1690440465301337,-0.14252118789334026,-0.18684492732986469,-0.21671690171902291,-0.20158955377533758,-0.18207062703378094,-0.08451940059175067,-0.17113766128320507,-0.17817084971474964,-0.11493131141929455,-0.11514575320377375,-0.9076364731145878,1.5580858702097802,-0.5904035559937899,-0.6467845920628796,-1.022649264569533,1.022649264569533
-0.1482167028253223,-0.2086683330514542,-0.14876973451117725,-0.09764200113096153,-0.07277238454687554,-0.21454532646487415,-0.2365009664871093,-0.28133396898594143,-0.16135084529432445,-0.1898884644969651,-0.1568031586487813,-0.31461452492152037,1.101762687619266,-0.6418131497883105,-0.5904035559937899,-0.6467845920628796,-1.022649264569533,1.022649264569533
-0.5402529920758677,-0.2006080696782969,-0.12643758446152695,-0.18141765450587424,-0.2196879339917283,-0.19094320633919018,-0.1540348418512986,-0.10578404464327545,-0.18762845865131436,-0.16417657735990446,-0.14285397068544214,-0.05793777283347708,-0.9076364731145878,-0.6418131497883105,1.6937567361306989,-0.6467845920628796,-1.022649264569533,1.022649264569533
-0.14353471444630816,-0.14755113756676919,-0.15547307543098676,-0.16895480833440013,-0.09889543516061926,-0.13212967648538285,-0.23812701128109837,-0.23744017174608026,-0.1338561600303516,-0.16877815350540204,-0.168381800431813,-0.24534327639576417,1.101762687619266,-0.6418131497883105,-0.5904035559937899,1.546109805755517,0.9778523631178014,-0.9778523631178014
-0.13312908473835838,-0.1796051165846913,-0.15913810859690988,-0.2214688031530535,-0.122744440515495,-0.1347351780476475,-0.2366828849642113,-0.1556243614291955,-0.15151445833714627,-0.1532207708026127,-0.18599060990642008,-0.16377274716742388,1.101762687619266,-0.6418131497883105,-0.5904035559937899,-0.6467845920628796,0.9778523631178014,-0.9778523631178014
-0.22879557760260838,-0.1515486314432364,-0.14620377577403681,-0.12686772129653412,-0.24366859620029696,-0.16595289564829385,-0.18913164348083844,-0.1367851325304852,-0.2307375269738601,-0.19228484178791433,-0.22133423677008918,-0.10928382591766421,-0.9076364731145878,1.5580858702097802,-0.5904035559937899,-0.6467845920628796,-1.022649264569533,1.022649264569533
-0.12156742424926761,-0.16969621734111257,-0.16468801780771672,-0.06944256075405005,-0.08556300719760074,-0.3018981699735482,-0.22701719302473675,-0.32529631548015714,-0.18790418386648988,-0.1783246811265117,-0.1121970327146802,-0.20545446402271073,1.101762687619266,-0.6418131497883105,-0.5904035559937899,-0.6467845920628796,-1.022649264569533,1.022649264569533
-0.12843252816803497,-0.21122148971505794,-0.15893897359686823,-0.1660619477627233,-0.1502996056652086,-0.09185918326701241,-0.2413622412720373,-0.23271973442439742,-0.1704480782197092,-0.16642840888497815,-0.20094630989391016,-0.2174714969687846,1.101762687619266,-0.6418131497883105,1.6937567361306989,-0.6467845920628796,-1.022649264569533,1.022649264569533
-0.18107085484721164,-0.16561089462705503,-0.14215045705856738,-0.18220794161334103,-0.20429795671591702,-0.18749898227601688,0.8671126087238241,-0.0954662301125098,-0.1979991769063598,-0.17739500380146608,-0.17070967357840583,-0.12382862475527709,-0.9076364731145878,1.5580858702097802,-0.5904035559937899,-0.6467845920628796,0.9778523631178014,-0.9778523631178014
-0.14655014731890398,-0.05771457125596367,-0.15512959305929355,-0.15723495750079128,-0.08243689538913358,-0.18276525606079466,-0.23537966182105982,-0.24695330870266524,-0.14306646960530786,-0.16770792597847559,-0.15545988842331818,-0.2926156952607845,1.101762687619266,-0.6418131497883105,1.6937567361306989,-0.6467845920628796,-1.022649264569533,1.022649264569533
-0.1643424545553178,-0.1638179636996456,-0.15680513230827867,-0.21514586902198832,-0.09281655403291784,-0.13593925094245282,-0.24394290797047397,-0.19055983210978822,-0.16294844558856428,-0.18262765487772722,-0.16136914121255097,-0.204167625033399,1.101762687619266,-0.6418131497883105,-0.5904035559937899,-0.6467845920628796,0.9778523631178014,-0.9778523631178014
-0.19318886061936316,-0.23843910184438832,-0.1326858485160039,-0.29608132733180076,-0.2842417354371398,-0.21377972884785537,5.0631397473298225,-0.11304247559034027,-0.18688831551751756,-0.1867920243095937,-0.24154492131484726,0.05174262433998017,-0.9076364731145878,-0.6418131497883105,1.6937567361306989,-0.6467845920628796,0.9778523631178014,-0.9778523631178014
-0.19482599722850372,-0.19800930778204667,-0.14146459842888176,-0.16371124407514046,-0.25859805404294095,-0.16811552377642588,-0.1821072087639246,-0.13597667729049,-0.22859475106500238,-0.1831002407040147,-0.13314673785739664,-0.07672356833957794,-0.9076364731145878,-0.6418131497883105,-0.5904035559937899,-0.6467845920628796,-1.022649264569533,1.022649264569533
-0.12307973906751431,-0.18413341336009204,-0.1580430033698077,-0.15211110736903996,-0.1586825481846911,-0.16988691318596624,-0.24731101227217053,-0.2213499419581212,-0.15655018696845066,1.3089370279610346,-0.06295484457374244,-0.2619559716952776,1.101762687619266,-0.6418131497883105,-0.5904035559937899,1.546109805755517,-1.022649264569533,1.022649264569533
-0.1307125040229385,-0.1717071285325402,-0.15907968496902647,-0.12153120913756489,-0.05545258134834634,-0.21163996731508677,-0.23343233628663532,-0.301587287189167,-0.12198850274942863,-0.18563038724003686,-0.1701689238376049,-0.3157197477359703,1.101762687619266,-0.6418131497883105,-0.5904035559937899,1.546109805755517,-1.022649264569533,1.022649264569533
-0.11091666273897309,-0.17623032799708707,-0.16130662897289033,-0.14216698342004558,-0.03548957032965061,-0.21827803199446222,-0.25483802257389393,-0.2422954713582068,-0.16468943751972087,-0.17967312678767675,-0.16038969812178933,-0.338187524802444,1.101762687619266,1.5580858702097802,-0.5904035559937899,-0.6467845920628796,0.9778523631178014,-0.9778523631178014
-0.2041999883691988,-0.16425140346042355,-0.14342957308322715,-0.1699628425553365,-0.04810768446323768,-0.08596157731978506,-0.24078421953741502,-0.19523362305753728,-0.1646013507048765,-0.1800295489331704,-0.21815681080390928,-0.17971349738229117,1.101762687619266,-0.6418131497883105,1.6937567361306989,-0.6467845920628796,-1.022649264569533,1.022649264569533
-0.16415957537925918,-0.16805628519696353,-0.15518318845065418,-0.14523130522843342,-0.10983739013527186,-0.16549967404820493,-0.2314466713802606,-0.24611574172049788,-0.14591820917885714,-0.17541018174857861,-0.19324973525872255,-0.22567636637935723,1.101762687619266,-0.6418131497883105,-0.5904035559937899,1.546109805755517,-1.022649264569533,1.022649264569533
-0.17573814745626704,-0.27301086224871685,-0.1420835254153608,-0.21339716509732426,-0.27891871554385667,-0.1679398158811819,-0.18901533805922266,-0.1499528939819714,-0.21805059267338306,-0.18653831202458385,-0.2472350902605961,-0.03549753888918128,-0.9076364731145878,-0.6418131497883105,1.6937567361306989,-0.6467845920628796,-1.022649264569533,1.022649264569533
-0.1307970174230065,-0.12431208890793893,-0.15937701371105878,-0.16036756831007212,-0.070270980542794,-0.17588250788484483,-0.24736014171780615,-0.23309235635208841,-0.15666885456370472,-0.19239537053051975,-0.18555507150780404,-0.2982271847371662,1.101762687619266,-0.6418131497883105,-0.5904035559937899,1.546109805755517,-1.022649264569533,1.022649264569533
-0.11625616161018577,-0.18532767043439147,-0.14990703616171427,-0.13970251202196698,-0.09318103026720685,-0.13924729578752096,-0.23886638031216137,-0.2218037564252149,-0.13370846438603082,-0.17016642107179622,-0.09038247107372413,-0.2736459826058152,1.101762687619266,-0.6418131497883105,-0.5904035559937899,1.546109805755517,-1.022649264569533,1.022649264569533
-0.1710958268964993,-0.1662703536769361,-0.16337253964207452,-0.11423639067282179,-0.06483416105721473,-0.1799954652755128,-0.24807167345349856,-0.26173696864366236,-0.18052070395416117,-0.1747799477438514,-0.12443466452222066,-0.30799139123163227,1.101762687619266,-0.6418131497883105,1.6937567361306989,-0.6467845920628796,-1.022649264569533,1.022649264569533
-0.19765081660500242,-0.2064539802687615,-0.14132389567027845,-0.1667860898471811,-0.22183106033257602,-0.10708367956859777,-0.17263357726714426,-0.11304108466132108,-0.2166272068682036,-0.16173122849448768,-0.06382823698324219,-0.079995296528854,-0.9076364731145878,1.5580858702097802,-0.5904035559937899,-0.6467845920628796,-1.022649264569533,1.022649264569533
-0.19661879955080763,-0.1998098057283284,-0.13295537687426118,-0.2025286543146773,-0.2220201731322046,-0.17801764638553647,-0.1715665227125236,-0.10458493714356966,-0.36600759867665306,-0.15960410475035944,-0.31688227336500285,-0.07052647988205293,-0.9076364731145878,-0.6418131497883105,-0.5904035559937899,1.546109805755517,0.9778523631178014,-0.9778523631178014
-0.8435213650508997,-0.13720923370702903,-0.13376196747874491,-0.15981898631566988,-0.2546712075860898,-0.15600506665063987,5.555298090721054,-0.08754074875056136,-0.22292836313529005,-0.17305494298958551,-0.22309327165006643,-0.09709313822938216,-0.9076364731145878,-0.6418131497883105,-0.5904035559937899,-0.6467845920628796,0.9778523631178014,-0.9778523631178014
-0.14143908981152215,-0.1284620749534885,-0.15939158429847386,-0.16174781930699828,-0.10679182793805692,-0.13539825808739137,-0.23899429111106632,-0.20963533587125482,-0.15701036226522527,-0.1838412066366549,-0.17998142981593573,-0.23303850383590455,1.101762687619266,-0.6418131497883105,-0.5904035559937899,1.546109805755517,-1.022649264569533,1.022649264569533
-0.1345231794587569,-0.09052702281932092,-0.17005697904670694,-0.17066497122914132,-0.14381232871116217,-0.22383517986066814,-0.2323127640805873,-0.26451970391559076,-0.15665774924830753,-0.18826250742298764,-0.18877829617065542,-0.2594401303199467,1.101762687619266,1.5580858702097802,-0.5904035559937899,-0.6467845920628796,-1.022649264569533,1.022649264569533
-0.1857295724809329,-0.1367031348155684,-0.13814385145017521,-0.17391952209849126,-0.3154490890527647,-0.2282211559279289,-0.16521189276667572,-0.1392886554010631,-0.2216062226911232,-0.21705089441632683,-0.10088361642092832,-0.09030154579803096,-0.9076364731145878,1.5580858702097802,-0.5904035559937899,-0.6467845920628796,-1.022649264569533,1.022649264569533
-0.19358151820386466,-0.14877259623926448,-0.13868617121452761,-0.1787377788091367,-0.24682043092468828,-0.1836465471150817,-0.17428899081979005,-0.09875333762696474,-0.2253706743578954,-0.17982580636831386,-0.10588816946461815,-0.08300815020469492,-0.9076364731145878,-0.6418131497883105,-0.5904035559937899,-0.6467845920628796,-1.022649264569533,1.022649264569533
-0.13585565380171657,-0.09325267272768561,-0.14899606131052492,-0.15891918324567997,-0.03127940104227213,-0.21109565564833563,-0.22586073054320918,-0.2475359431818498,-0.15448667543011468,-0.14527663671839788,-0.15402683836083542,-0.2430793484673247,1.101762687619266,1.5580858702097802,-0.5904035559937899,-0.6467845920628796,0.9778523631178014,-0.9778523631178014
-0.1621003746097353,-0.18093267741506525,-0.15434615356856238,-0.15038321784791694,-0.01834736833445543,-0.17271597368790426,-0.24744247913458414,-0.25952301287205787,-0.15049614672773343,-0.17447118602481004,-0.06592067473037025,-0.24933949761452875,1.101762687619266,-0.6418131497883105,-0.5904035559937899,-0.6467845920628796,0.9778523631178014,-0.9778523631178014
-0.13100931260074603,-0.1372943505063798,-0.15922728982751327,-0.18536958072645057,-0.104998101571096,-0.17214501881225308,-0.24550481204058122,-0.20684395175860526,-0.16063120199109387,-0.19243542383001327,-0.18052438822510652,-0.26054813329866805,1.101762687619266,1.5580858702097802,-0.5904035559937899,-0.6467845920628796,-1.022649264569533,1.022649264569533
-0.1348504771839142,-0.11049693396917872,-0.16021746284393412,-0.1625992403897324,-0.030621511044600577,-0.19553262211420952,-0.1839369051769493,-0.2353657057589346,-0.10776244556331276,-0.17409728603803934,-0.07555270688111876,-0.14111799297371874,-0.9076364731145878,1.5580858702097802,-0.5904035559937899,-0.6467845920628796,0.9778523631178014,-0.9778523631178014
-0.20908431646275155,0.8543411271094532,0.08041554565314842,-0.16883787600879707,-0.2686596871859312,-0.1715840368916382,-0.06726683230054692,-0.5538562883880714,-0.20662406359058041,-0.19488810487406039,-0.13609900798607946,-0.08359998139613674,-0.9076364731145878,-0.6418131497883105,-0.5904035559937899,-0.6467845920628796,0.9778523631178014,-0.9778523631178014
-0.16001505963096038,-0.15476070817755122,-0.34047620458923,-0.19862774667583746,-0.11894333258745567,-0.10507304279267007,-0.24250925358435432,-0.20249453073488033,-0.1896903239855708,-0.18680715315772517,-0.12361370633388187,-0.19161518754219112,1.101762687619266,-0.6418131497883105,-0.5904035559937899,1.546109805755517,0.9778523631178014,-0.9778523631178014
-0.1080472636371741,-0.16865895257117336,-0.14855409510600157,-0.09954300999927704,-0.0651711837736759,-0.19903546877884415,-0.23464664844617292,-0.28126205847044433,-0.15852916688850488,-0.19556841624613436,-0.16394539133295133,-0.3434214897282319,1.101762687619266,-0.6418131497883105,1.6937567361306989,-0.6467845920628796,-1.022649264569533,1.022649264569533
-0.15688316739513386,-0.16448290751093733,-0.16933668822868866,-0.216819661299739,-0.16544534110981224,-0.1121212631078761,-0.24841265881014152,-0.1606036407534086,-0.18141638129764645,-0.20536483971813674,-0.15277113520364802,-0.18958628267362557,1.101762687619266,-0.6418131497883105,1.6937567361306989,-0.6467845920628796,0.9778523631178014,-0.9778523631178014
-0.23849844443022722,-0.1414105468939574,-0.13522490092771547,-0.1848804418719187,-0.20868018660567975,-0.1744615599061394,-0.16452227648702006,-0.09756145085719334,-0.177874512513977,-0.17563907586627786,-0.2348545654743762,-0.12224306605975656,-0.9076364731145878,1.5580858702097802,-0.5904035559937899,-0.6467845920628796,0.9778523631178014,-0.9778523631178014
-0.17001000364576743,-0.14691398863631122,-0.12487969748675269,-0.274112727693571,-0.20457616122884853,-0.18032533176818796,-0.19664984233599053,-0.16109965815125066,-0.2386263180477842,-0.13619235481978698,-0.19710750502794674,-0.13456173954732145,-0.9076364731145878,-0.6418131497883105,1.6937567361306989,-0.6467845920628796,-1.022649264569533,1.022649264569533
-0.19286125910954283,-0.1340857211892249,-0.15279583450237028,-0.11499786362033776,-0.23818659277724355,-0.05774914004912772,-0.21212777683077483,-0.1134142947904655,-0.19641444078728773,-0.19144153476655118,-0.1802017216717996,-0.1326746196753304,-0.9076364731145878,1.5580858702097802,-0.5904035559937899,-0.6467845920628796,-1.022649264569533,1.022649264569533
-0.14868750895711672,-0.16496451590438138,-0.1428216437331809,-0.14138082877694308,-0.1774358732076852,-0.16080628375713896,-0.1985086529414317,-0.11411987436554186,-0.22691121372141265,-0.17114213875070014,-0.22122173676998452,-0.16963875488060032,-0.9076364731145878,-0.6418131497883105,1.6937567361306989,-0.6467845920628796,0.9778523631178014,-0.9778523631178014
-0.18861390536926942,-0.0950499830575417,-0.14770285810901465,-0.14606166045414826,-0.22723919604137674,-0.15650826432498421,-0.1963034304820253,-0.1285272697538995,-0.19587376689679706,-0.19424707432396524,-0.08831071363323473,-0.149504287989034,-0.9076364731145878,-0.6418131497883105,1.6937567361306989,-0.6467845920628796,-1.022649264569533,1.022649264569533
-0.1561802034757732,-0.20028736199334196,-0.13990197097767873,-0.1766034215483087,-0.1871371797976633,-0.14921194355174278,-0.19898862956222668,-0.11225126972525748,-0.22347617069170733,-0.1779520602471213,-0.15785851821069427,-0.08774031539067832,-0.9076364731145878,-0.6418131497883105,-0.5904035559937899,1.546109805755517,-1.022649264569533,1.022649264569533
-0.1904380776031476,-0.3045245137033224,-0.1422920945185532,-0.16089077725953208,-0.23277393542050456,-0.16667097591241026,-0.19903503184578178,-0.13650991396933115,-0.16776085326101775,-0.19289455446844564,-0.14270918066832075,-0.12938299923032548,-0.9076364731145878,1.5580858702097802,-0.5904035559937899,-0.6467845920628796,0.9778523631178014,-0.9778523631178014
-0.1256891021654407,-0.23346212103238656,-0.1502591448894577,-0.19111196174534295,-0.09770527868672364,-0.13701432833105354,-0.24183446218906068,-0.17973770719492915,-0.12357963402233073,-0.17438543567443032,-0.14136380031227766,-0.20570984947866136,1.101762687619266,1.5580858702097802,-0.5904035559937899,-0.6467845920628796,0.9778523631178014,-0.9778523631178014
-0.14423505368448447,-0.17845865055449642,-0.1565680093965781,-0.1459125779531801,-0.15051481120578322,-0.1615333623247887,-0.23413050217642528,-0.21139506021609275,-0.16609134327778932,-0.17437271615420055,-0.13248087415293872,-0.20384527901060942,1.101762687619266,1.5580858702097802,-0.5904035559937899,-0.6467845920628796,-1.022649264569533,1.022649264569533
-0.18387586904634984,-0.1958242200914443,-0.15541221460883256,-0.1413831880688115,-0.22003650917784004,-0.1638879544376388,-0.19988850728598262,-0.1309091678611098,-0.22062969562731913,-0.19430232695876096,-0.19844908526610958,-0.18057538595758804,-0.9076364731145878,1.5580858702097802,-0.5904035559937899,-0.6467845920628796,0.9778523631178014,-0.9778523631178014
-0.16444154442171394,-0.15184790317895164,-0.14817814190625267,-0.170821777951533,-0.14004196630416482,-0.17546376817782966,-0.21498363859992695,-0.21763078947115255,-0.17716288261634608,-0.1471458313017285,-0.13169539600284208,-0.13542120267304666,1.101762687619266,-0.6418131497883105,-0.5904035559937899,1.546109805755517,0.9778523631178014,-0.9778523631178014
-0.18294729102014276,-0.18833655966463372,-0.13901303029420992,-0.130732488964239,-0.1604215144748999,-0.1397344975911015,-0.18799715555374064,-0.12572078032257647,-0.21338171658353064,-0.1523052635529752,-0.23999391915717072,-0.16222695337078802,-0.9076364731145878,-0.6418131497883105,-0.5904035559937899,-0.6467845920628796,-1.022649264569533,1.022649264569533
-0.18616845646727181,-0.19686093839644309,-0.13700020357073592,-0.2111827895765935,-0.2783860193870983,-0.19635100943196138,-0.17173941767028497,-0.10945721118578601,-0.21917878879272856,-0.1819542484322919,-0.11078266798955143,-0.03033830286562954,-0.9076364731145878,-0.6418131497883105,1.6937567361306989,-0.6467845920628796,-1.022649264569533,1.022649264569533
-0.15367484467214915,-0.21460931492658952,-0.14986942356962943,-0.17038549144309642,-0.10542705838335535,-0.17624512317613675,-0.23414595342994574,-0.21069508804371354,-0.1651863306373389,-0.17150008271011716,-0.14146942400043427,-0.21806097051556672,1.101762687619266,-0.6418131497883105,-0.5904035559937899,1.546109805755517,-1.022649264569533,1.022649264569533
-0.1311806927144819,-0.2229269501732431,-0.14658441361058344,-0.11559996750258389,-0.06903141968207448,-0.1708463379283232,-0.2363768616882246,-0.2683988016299621,-0.16939334672193113,-0.19063994904000942,-0.1765662631082824,-0.3020024142783427,1.101762687619266,1.5580858702097802,-0.5904035559937899,-0.6467845920628796,-1.022649264569533,1.022649264569533
-0.1632167592906651,0.014925907838202829,-0.1620264744169525,-0.17290786824592216,-0.0823378319039564,-0.17265610787998342,-0.24448476892160087,-0.20132352044720658,-0.17722788789206,-0.17970962386077866,-0.15113760280207633,-0.23384903767065868,1.101762687619266,-0.6418131497883105,-0.5904035559937899,-0.6467845920628796,0.9778523631178014,-0.9778523631178014
-0.4188653421965841,-0.15105172287807742,-0.1440093473997526,-0.19460691183134707,-0.1846426598497755,-0.28192697791592186,-0.19756205290201823,-0.10348937256907209,-0.2425350011641538,-0.17125270948933669,-0.15611428668573518,-0.12564896840262726,-0.9076364731145878,1.5580858702097802,-0.5904035559937899,-0.6467845920628796,-1.022649264569533,1.022649264569533
-0.20677297647275283,-0.13573177199577408,-0.14534635739386442,-0.16338817508694345,-0.2288987572956259,-0.11960040096110289,-0.18769581368956953,-0.06665543267862006,-0.20517085308409858,-0.17663663183996853,-0.13930490729107656,-0.10664008078146175,-0.9076364731145878,-0.6418131497883105,1.6937567361306989,-0.6467845920628796,0.9778523631178014,-0.9778523631178014
-0.12402739327252929,-0.09662363904444887,-0.16446982777575322,-0.16761683446272135,-0.15124609056526883,-0.1683288094613282,-0.231280878842257,-0.20330177836873708,-0.15649523544066155,-0.16209093930582114,-0.13643047219139695,-0.19844558692544922,1.101762687619266,-0.6418131497883105,-0.5904035559937899,1.546109805755517,-1.022649264569533,1.022649264569533
-0.1929801958672227,-0.19100600126457223,-0.1517302696885534,-0.1030973810991228,-0.03864791292957074,-0.14502184064264675,-0.24114573119406119,-0.273283359637848,-0.16788816574378823,-0.20309469843948527,-0.09658800528571003,-0.3016368857954048,1.101762687619266,-0.6418131497883105,1.6937567361306989,-0.6467845920628796,0.9778523631178014,-0.9778523631178014
-0.14474956643321804,-0.13276886995472667,-0.14562082553979977,-0.1606311513345727,-0.16966800464278858,-0.10693814243885219,-0.2130063288504792,-0.10196908102800915,-0.20138324338393196,-0.16911600164416188,-0.09122591973650164,-0.16750228419214722,-0.9076364731145878,1.5580858702097802,-0.5904035559937899,-0.6467845920628796,0.9778523631178014,-0.9778523631178014
-0.18489331863457223,-0.21010084625931372,-0.1483572393144548,-0.17651769622913374,-0.23673579654710236,-0.18457208037975198,-0.1913172473976179,-0.10555710261504081,-0.23903944131709312,-0.18558318040912097,-0.1506837023346451,-0.11811706579986511,-0.9076364731145878,-0.6418131497883105,-0.5904035559937899,1.546109805755517,-1.022649264569533,1.022649264569533
-0.14032519348550893,-0.2584865002476076,-0.15613276459764644,-0.1660210014439229,-0.09662577413764578,-0.22265684241193012,-0.23418380377540046,-0.24794155070412888,-0.17535477440586314,-0.20135840183290302,-0.05303530927438521,-0.28066765985940895,1.101762687619266,-0.6418131497883105,-0.5904035559937899,1.546109805755517,-1.022649264569533,1.022649264569533
-0.16445734385573346,-0.18358212244338065,-0.15077111156821074,-0.11523973639754027,-0.08813476929486837,-0.17058004221461368,-0.23594329967289832,-0.25418789091981814,-0.137554794629634,-0.19265466820590965,-0.17769562596711974,-0.30391535838802486,1.101762687619266,1.5580858702097802,-0.5904035559937899,-0.6467845920628796,0.9778523631178014,-0.9778523631178014
-0.11715421883651435,-0.1332273295433546,-0.15455407910127605,-0.19100887627167265,-0.07630254385274174,-0.17311252114142983,8.768744774670092,-0.22072551052911424,-0.1378737428587176,-0.1700523797063322,-0.06488585275208332,-0.22935555605698593,1.101762687619266,-0.6418131497883105,1.6937567361306989,-0.6467845920628796,0.9778523631178014,-0.9778523631178014
-0.18410054046603325,-0.19777525485406722,-0.16002788094740872,-0.053754683680979166,-0.1770537034877533,-0.0983890639135189,-0.21700363406863796,-0.10543031478763523,-0.2663238237873543,-0.17901593336755345,-0.02201056496097952,-0.2526407552036437,-0.9076364731145878,-0.6418131497883105,1.6937567361306989,-0.6467845920628796,0.9778523631178014,-0.9778523631178014
-0.12884708546448617,-0.16998017754474287,-0.1543600522160147,-0.1465876333171394,-0.13994915965314886,-0.20099831179350575,-0.2233591279838131,-0.24489840727115247,-0.14625489307142645,1.3089370279610346,-0.1745323386084717,-0.224507290010848,1.101762687619266,-0.6418131497883105,1.6937567361306989,-0.6467845920628796,-1.022649264569533,1.022649264569533
-0.21153935670929644,-0.14671019346174058,-0.133079519511594,-0.21995388031971597,-0.22717086144686013,-0.1680999817816374,-0.171721447024735,-0.11625546341085778,-0.20329766222012172,-0.1789115603230567,-0.14475171935528836,0.028165410207966084,-0.9076364731145878,-0.6418131497883105,1.6937567361306989,-0.6467845920628796,0.9778523631178014,-0.9778523631178014
-0.2156709268446535,-0.17782809411983655,-0.14141778307479302,-0.0866368379744706,-0.20689169402695168,-0.09071144107197655,-0.19774207556118198,-0.10605499723636803,-0.19842226720877373,-0.18607066477923137,-0.1378199183435156,-0.19704477300156678,-0.9076364731145878,-0.6418131497883105,1.6937567361306989,-0.6467845920628796,-1.022649264569533,1.022649264569533
-0.1419611764619613,-0.2280266973181306,-0.1604803382980611,-0.09371469708003209,-0.06435701023185607,-0.22388145627647477,-0.22883363185083938,-0.2527871607377383,-0.14133084047165292,-0.16760184408273165,-0.17854924538777758,-0.29978315725625204,1.101762687619266,-0.6418131497883105,-0.5904035559937899,1.546109805755517,-1.022649264569533,1.022649264569533
-0.12691809581054028,-0.200708116052725,-0.15322207799675416,-0.13867708722784738,-0.10172890085255418,-0.25396650943252347,-0.22302205441136103,-0.24976686499937742,-0.12993281571050957,-0.19536886433278722,-0.2112397468809841,-0.3404935711359982,1.101762687619266,-0.6418131497883105,-0.5904035559937899,1.546109805755517,-1.022649264569533,1.022649264569533
-0.19475134466347654,-0.08731884781057277,-0.14597416768893817,-0.203195804421936,-0.3123271404850486,-0.1955291051758264,-0.18233458245972867,-0.17195034394908795,-0.2107276403101048,-0.20669341440576008,-0.1892843528703642,-0.04172509620294346,-0.9076364731145878,-0.6418131497883105,1.6937567361306989,-0.6467845920628796,-1.022649264569533,1.022649264569533
-0.12910199610667653,-0.09414490711764525,-0.16081406761214395,-0.1805727192377153,-0.1009346256651877,-0.195903732019335,-0.23808101757229994,-0.21643544705727552,-0.18278641992009345,-0.17657658452067276,-0.15688925807703136,-0.22440659320308368,-0.9076364731145878,-0.6418131497883105,-0.5904035559937899,-0.6467845920628796,-1.022649264569533,1.022649264569533
-0.1878970856415891,-0.1668887602417057,-0.12965537962450385,-0.20720504960208816,-0.2668351695634009,-0.2271456313438886,-0.16784390421679762,-0.18611041714792917,-0.213651240216458,-0.17861021407554273,-0.1930099989965778,-0.013300251184062589,-0.9076364731145878,-0.6418131497883105,1.6937567361306989,-0.6467845920628796,0.9778523631178014,-0.9778523631178014
-0.2086950562942495,-0.15774062978805783,-0.14059983164242604,-0.1655279460578348,-0.21173022911915595,-0.09117279435678571,-0.17803021046965717,-0.09675209032703488,-0.18147050194103795,-0.16780055979009398,-0.014294355057358108,-0.0915369349355243,-0.9076364731145878,-0.6418131497883105,-0.5904035559937899,1.546109805755517,-1.022649264569533,1.022649264569533
-0.22376946088570382,-0.18456927984581414,-0.13795255902236786,-0.19897465224933922,-0.27252391068553844,-0.16874372872192833,-0.1836089406800301,-0.13515822291364285,-0.20555516846190702,-0.17394196417464441,-0.24338584551935757,-0.050280801370882054,-0.9076364731145878,-0.6418131497883105,-0.5904035559937899,1.546109805755517,0.9778523631178014,-0.9778523631178014
-0.07215251037421669,-0.11375386054774998,-0.15517074133490683,-0.07616803333905069,-0.2059842984002639,-0.22837161457572508,-0.21182190249884733,-0.2615002441356521,-0.15798454098913928,-0.16188907007347295,-0.1326607184234389,-0.25643631915932596,1.101762687619266,-0.6418131497883105,1.6937567361306989,-0.6467845920628796,-1.022649264569533,1.022649264569533
-0.13167751705005934,-0.11708569225636956,-0.14986722084713747,-0.1400744003787682,-0.06387663192222358,-0.20074662747147842,-0.23826643121070623,-0.24136165316085822,-0.1274969261909473,-0.16794436630965928,-0.14421092625440796,-0.29105457549217434,1.101762687619266,1.5580858702097802,-0.5904035559937899,-0.6467845920628796,-1.022649264569533,1.022649264569533
-0.15800179848167706,-0.14579357265585005,-0.16327078931986833,-0.2660483006235141,-0.22199272928486133,-0.17191455804053737,-0.20393477811700111,-0.105644458787716,-0.16379764765372545,-0.1462982721866229,-0.27721877209025647,-0.06841373436234087,1.101762687619266,-0.6418131497883105,-0.5904035559937899,1.546109805755517,-1.022649264569533,1.022649264569533
-0.2060765842797951,-0.07897700057598513,-0.13653495524986844,-0.19835490788522653,-0.2933699296714952,-0.19593934358128728,-0.1687510406558088,-0.13766874494237416,-0.19783414160795085,-0.1820166215114061,-0.22345087519330767,-0.03489810923109275,-0.9076364731145878,-0.6418131497883105,1.6937567361306989,-0.6467845920628796,0.9778523631178014,-0.9778523631178014
-0.17232784842702076,-0.22897291957140403,-0.15024800461603202,-0.16325901119452121,-0.1252856936880937,-0.12847687820701095,-0.2359502323142315,-0.19741879928438213,-0.1850360069854925,-0.1719418042444423,-0.23963730921713247,-0.19075809835712224,1.101762687619266,-0.6418131497883105,-0.5904035559937899,-0.6467845920628796,-1.022649264569533,1.022649264569533
-0.14280253932062464,-0.1850390503052839,-0.16725686080838933,-0.23600939161343357,-0.18539320543818485,-0.21766348367135083,-0.22188947385759022,-0.14399124343301664,-0.15302658326054472,-0.15136376868749057,-0.12084194132581645,-0.08829325159419962,1.101762687619266,1.5580858702097802,-0.5904035559937899,-0.6467845920628796,-1.022649264569533,1.022649264569533
-0.14079098861623202,-0.18867746092849955,-0.15564890114993965,-0.16902467074004857,-0.10697831097246967,-0.18846465013802616,-0.2421089954891084,-0.25843621313575077,-0.11973280070389482,-0.17681523408294694,-0.21183161316975413,-0.23748614562278783,1.101762687619266,-0.6418131497883105,-0.5904035559937899,1.546109805755517,0.9778523631178014,-0.9778523631178014
-0.15126602675467476,-0.17809293736441345,-0.1527118886437061,-0.1494490141472467,-0.06744997419882351,-0.16660507287981885,-0.24284834389219667,-0.23304364617155526,-0.1571932174438108,-0.1953283944780999,-0.21810312988236652,-0.2825756302440059,1.101762687619266,-0.6418131497883105,-0.5904035559937899,1.546109805755517,0.9778523631178014,-0.9778523631178014
-0.11280565605249547,-0.24353384693210908,-0.15023456584131628,-0.09965467964800917,-0.10491478841103481,-0.27109941526098136,-0.2162792733790835,-0.3055306397756583,-0.13589545762447855,-0.17918351036102806,-0.13633197251253382,-0.12355870553821885,-0.9076364731145878,-0.6418131497883105,-0.5904035559937899,1.546109805755517,0.9778523631178014,-0.9778523631178014
-0.19514570091537214,-0.05443826149776648,-0.13950083883760464,-0.1520292100180156,-0.19156038580609588,-0.2114447274656739,-0.17152600334583626,-0.08186734398857838,-0.2381944132131307,-0.17682128464597363,-0.1713547213987327,-0.12321490801113429,-0.9076364731145878,-0.6418131497883105,-0.5904035559937899,1.546109805755517,-1.022649264569533,1.022649264569533
-0.18403614975150215,-0.1635056410169028,-0.14091074474002194,-0.16212538882389863,-0.19598874431228752,-0.17553772716338534,-0.19517278319430784,-0.11056784285272912,-0.2306453839884736,-0.1805944989385909,-0.17101812132737904,-0.13689803629911107,-0.9076364731145878,-0.6418131497883105,-0.5904035559937899,-0.6467845920628796,0.9778523631178014,-0.9778523631178014
-0.15497144877021773,-0.20954226760333028,-0.15362120619724198,-0.1684905418737774,-0.09511683159820311,-0.15936110911954313,-0.2428550012133346,-0.22731472799599975,-0.1577819955905563,-0.1975465782878375,-0.26187672021671077,-0.25639439738961417,1.101762687619266,-0.6418131497883105,-0.5904035559937899,-0.6467845920628796,-1.022649264569533,1.022649264569533
-0.14277991274160948,-0.2323022487699927,-0.15691685214989126,-0.24374948945426686,-0.1616596066697077,-0.15330531390008575,-0.2363837954526506,-0.1430875914434609,-0.13779114163513603,-0.15254998406314044,-0.26960503787261286,-0.12246196578557474,-0.9076364731145878,-0.6418131497883105,1.6937567361306989,-0.6467845920628796,0.9778523631178014,-0.9778523631178014
-0.20066926987039854,-0.13276098395758998,-0.1403710602547285,-0.19144304017424826,-0.29469753618891076,-0.13178045006112196,-0.18765180543017787,-0.1701440844321108,-0.15900252528867231,-0.19829728437809413,-0.17635734617586804,-0.052081648262869526,-0.9076364731145878,1.5580858702097802,-0.5904035559937899,-0.6467845920628796,-1.022649264569533,1.022649264569533
-0.14976979793821918,-0.15151506929545688,-0.16143198093642847,-0.15804713707530163,-0.1062588235699444,-0.23099787339512157,-0.2256444528314101,-0.25726628006534347,-0.17736102627331965,-0.1605209818266612,-0.07059609517124389,-0.2344428759504417,1.101762687619266,-0.6418131497883105,-0.5904035559937899,1.546109805755517,-1.022649264569533,1.022649264569533
-0.18675206946682432,-0.20588688257363974,-0.14216154124979719,-0.13403982968686456,-0.21949017319774217,-0.12665542437073019,-0.18647501887703546,-0.08625374300024843,-0.16109468201993343,-0.1853156893941251,-0.19963688836798754,-0.16660264557623605,-0.9076364731145878,-0.6418131497883105,-0.5904035559937899,-0.6467845920628796,-1.022649264569533,1.022649264569533
-0.23521472139449473,-0.24166594525877516,-0.13934272768107067,-0.19297166962484844,-0.23685278198108917,-0.1709380402788623,-0.1635552102300558,-0.12237707474589628,-0.18876060635484893,-0.17407448960479882,-0.10120636197080368,-0.0915665359818719,-0.9076364731145878,-0.6418131497883105,1.6937567361306989,-0.6467845920628796,0.9778523631178014,-0.9778523631178014
-0.08986375290835205,-0.14836604193851996,-0.1611536251033928,-0.12832753396790783,-0.06108598437020436,-0.21981703367101188,-0.24095259883641923,-0.266561855493776,-0.11280319386606874,-0.16089202847705758,-0.2787210126852841,-0.29407529411734806,1.101762687619266,-0.6418131497883105,1.6937567361306989,-0.6467845920628796,-1.022649264569533,1.022649264569533
-0.13619866873328473,-0.22810338551073428,-0.1597546026163729,-0.13100732239363957,-0.06436735732748475,-0.24516721961394164,-0.23062053668831628,-0.27289096520500145,-0.1543806434785606,-0.17330575225199513,-0.07846479788687787,-0.2889930784213187,1.101762687619266,-0.6418131497883105,1.6937567361306989,-0.6467845920628796,-1.022649264569533,1.022649264569533
-0.20177349424021665,-0.2135538086399411,-0.13615364689425627,-0.1590085559988726,-0.21163930483402515,-0.18591816467332373,-0.17393453544793278,-0.11932364895738447,-0.20571170150308118,-0.17550255317746405,-0.17944679897408905,-0.09952051007274489,-0.9076364731145878,1.5580858702097802,-0.5904035559937899,-0.6467845920628796,-1.022649264569533,1.022649264569533
-0.17336136718220954,-0.14889439543233546,-0.14108272177616202,-0.15233597007027946,-0.13826878540461576,-0.19515108552521812,-0.18678969904737028,-0.08268444009659773,-0.23095398799023698,-0.17953265920679545,-0.1516673541725576,-0.1634519742626388,-0.9076364731145878,-0.6418131497883105,1.6937567361306989,-0.6467845920628796,-1.022649264569533,1.022649264569533
4.685698426056442,5.369659446501007,2.0857276549541894,6.72885870994055,5.257873875543319,7.546059266868821,1.4306710638748041,5.10465504535269,6.57333254924042,6.813757085864319,4.027979912777535,6.585781358292481,-0.9076364731145878,-0.6418131497883105,-0.5904035559937899,-0.6467845920628796,-1.022649264569533,1.022649264569533
-0.13757246805164458,-0.1849347423129655,-0.14443592579931114,-0.15290321911831362,-0.049576927431681676,-0.13134606659389048,-0.23644942240326342,-0.22839665418449567,-0.09131510395584419,-0.16293272582401955,-0.1390698036404937,-0.26288458516160446,1.101762687619266,-0.6418131497883105,-0.5904035559937899,1.546109805755517,-1.022649264569533,1.022649264569533
-0.16351711646185285,-0.14214774268885302,-0.16269771295604188,-0.19267663087493225,-0.029040768504118627,-0.1295310207130179,-0.2555108811456422,-0.20050476319855895,-0.14205489362941268,-0.16639916307742936,-0.18190252268986437,-0.24803726435670323,1.101762687619266,-0.6418131497883105,-0.5904035559937899,1.546109805755517,0.9778523631178014,-0.9778523631178014
-0.20185170578927358,-0.22546568576612963,-0.1383973365227498,-0.2059889590429982,-0.2670857607202629,-0.21668669467203033,-0.17164925603796213,-0.14528882284918324,-0.23214951406355883,-0.18453224635862722,-0.16126007025588449,-0.02942071816114857,-0.9076364731145878,-0.6418131497883105,1.6937567361306989,-0.6467845920628796,0.9778523631178014,-0.9778523631178014
-0.11057131143111758,-0.14505033545409496,-0.1674244564807413,-0.1341525951073427,-0.1338673489352747,-0.29551839292737203,-0.2279699074002465,-0.2757759347523836,-0.16201478095256294,-0.16823541209662152,-0.18997461881335442,-0.24572217158724485,1.101762687619266,1.5580858702097802,-0.5904035559937899,-0.6467845920628796,-1.022649264569533,1.022649264569533
-0.15572844227424018,-0.18469472207145485,-0.14864187357014677,-0.1387997173372705,-0.05872567303827682,-0.2277954205985331,-0.2240157402666964,-0.26882904495194054,-0.17257913753702825,-0.1678584008886193,-0.13201957974060302,-0.24314921415902502,1.101762687619266,1.5580858702097802,-0.5904035559937899,-0.6467845920628796,0.9778523631178014,-0.9778523631178014
-0.2117610646438373,-0.21660850099219633,-0.14521747314146308,-0.18059466201574334,-0.3044356064901695,-0.14788490575313587,-0.1799779484305928,-0.13566892237133454,-0.2045990331246858,-0.19877622737397047,-0.24349468985358258,-0.06439818817839056,-0.9076364731145878,-0.6418131497883105,-0.5904035559937899,1.546109805755517,0.9778523631178014,-0.9778523631178014
-0.1437745055087548,-0.15162977606303218,-0.14282856475729466,-0.19017096109281798,-0.30960694514151343,-0.1741935766741609,-0.19191276628786988,-0.16715600455997218,-0.1792833716314562,-0.20153738460012127,-0.13636349922998342,-0.0280184819723234,-0.9076364731145878,-0.6418131497883105,-0.5904035559937899,1.546109805755517,0.9778523631178014,-0.9778523631178014
-0.14221710528015147,-0.2798548512298392,-0.14970464976155756,-0.1780266517103843,-0.0890371497088441,-0.16088076319180925,-0.23631682744809274,-0.21458296118358441,-0.14625304762200478,-0.1662704630816443,-0.08905295290188694,-0.20916591562094344,1.101762687619266,-0.6418131497883105,1.6937567361306989,-0.6467845920628796,0.9778523631178014,-0.9778523631178014
-0.14689963633615863,-0.21103570288830487,-0.14847033053983533,-0.12507462934759292,-0.019645503912677227,-0.1829144000781005,-0.2430270775557514,-0.2773293332129043,-0.1441802647264286,-0.17700308637346962,-0.16068438685540026,-0.32696756122379095,1.101762687619266,-0.6418131497883105,1.6937567361306989,-0.6467845920628796,-1.022649264569533,1.022649264569533
-0.14627888858418794,-0.1595174564428087,-0.15547114893404562,-0.1378174820378847,-0.0934335157508926,-0.1959552666663209,-0.21853015775307794,-0.23358741717896003,-0.1367022715944281,-0.16692443957166597,-0.11926910073667268,-0.20745560285634237,1.101762687619266,-0.6418131497883105,-0.5904035559937899,1.546109805755517,0.9778523631178014,-0.9778523631178014
-0.13329160087717715,-0.2624108637846785,-0.13428072067670468,-0.2697485816671048,-0.23562519104750562,-0.2661383094065985,-0.1756834396448626,-0.1436950476371062,-0.24093796817926566,-0.17984554826590007,-0.2003451950935888,-0.01016472582144072,-0.9076364731145878,1.5580858702097802,-0.5904035559937899,-0.6467845920628796,0.9778523631178014,-0.9778523631178014
4.591788301676137,4.648319342512666,1.3385875693050377,6.907741229476954,5.462287198265724,5.864626935795182,1.1703571858295012,3.5170074738143184,3.307307831342687,5.93977430927026,5.728720346500559,4.777409356753851,1.101762687619266,-0.6418131497883105,-0.5904035559937899,-0.6467845920628796,0.9778523631178014,-0.9778523631178014
-0.15046722213998162,-0.10769767274354251,-0.1393063878268092,-0.18330027504317026,-0.20985422123900352,-0.172396313340492,-0.19064537059298822,-0.08584675331627031,-0.23087909038465262,-0.16540372340059672,-0.18104245613418193,-0.06472001978858886,-0.9076364731145878,-0.6418131497883105,-0.5904035559937899,1.546109805755517,0.9778523631178014,-0.9778523631178014
-0.1366943680351112,-0.1206837677835778,-0.14666326567804638,-0.1735366753579225,-0.19429303563084532,-0.22401046528177818,-0.1966379396226528,-0.10905430306571885,-0.2853147059934724,-0.1833466909266934,-0.217340967187956,-0.14996065290127722,-0.9076364731145878,-0.6418131497883105,1.6937567361306989,-0.6467845920628796,0.9778523631178014,-0.9778523631178014
-0.32570085691048745,-0.05278217842927943,-0.13321358554964008,-0.1759858466912156,-0.13118519975702028,-0.23362139820818428,0.9444815439228874,-0.05510168762551398,-0.056095828153752775,-0.17504781805170433,-0.1471727618559411,-0.12888260845216137,-0.9076364731145878,1.5580858702097802,-0.5904035559937899,-0.6467845920628796,0.9778523631178014,-0.9778523631178014
-0.1360202211041679,-0.1816186451500506,-0.14648120201296191,-0.1787099597315288,-0.07015938865409861,-0.1433321949728067,-0.24031847900803224,-0.22100906811631685,-0.1568518832416554,-0.18898374986845487,-0.1443459858503048,-0.242245441362243,-0.9076364731145878,1.5580858702097802,-0.5904035559937899,-0.6467845920628796,-1.022649264569533,1.022649264569533
-0.1348779860748529,-0.21244725294335715,-0.15738493610093623,-0.16917712575326174,-0.10707797794854738,-0.22329822040765482,-0.22630219121599493,-0.22154145638470332,-0.1492690319180476,-0.1655455525560442,-0.14054830070578933,-0.2204529328287393,1.101762687619266,1.5580858702097802,-0.5904035559937899,-0.6467845920628796,0.9778523631178014,-0.9778523631178014
-0.15219792856131886,-0.19358062426717618,-0.1485703312351471,-0.1218632792174943,-0.1018107043781175,-0.22915383616433257,5.0631397473298225,-0.22999155606818253,-0.18725702932628605,-0.16450198352689782,-0.14182714670019486,-0.22440462357723112,1.101762687619266,-0.6418131497883105,1.6937567361306989,-0.6467845920628796,-1.022649264569533,1.022649264569533
-0.17135948208687418,-0.19096107769094203,-0.13928575870587734,-0.20372812098467302,-0.21707183599433014,-0.1931953498717121,-0.18615191325057712,-0.12720093677413793,-0.23846797654289414,-0.17001235354118022,-0.16698445288521863,-0.0652797868434162,-0.9076364731145878,1.5580858702097802,-0.5904035559937899,-0.6467845920628796,0.9778523631178014,-0.9778523631178014
-0.23547088699872565,-0.22572106666059003,-0.1414711746894209,-0.16669823227438155,-0.27218583821502185,-0.1389853703538029,-0.17614086802814866,-0.1265356080451096,-0.21222689601014122,-0.19336937818807437,-0.131587200603694,-0.08810921091104852,-0.9076364731145878,-0.6418131497883105,-0.5904035559937899,-0.6467845920628796,-1.022649264569533,1.022649264569533
-0.09000190496257517,-0.12649116718942335,-0.1545356285158568,-0.1209408064635277,-0.08089653782752843,-0.15534454488650834,-0.24578898802348992,-0.23995114432924994,-0.12711339917721745,-0.1845328453747058,-0.18667586434264222,-0.32575228724246696,1.101762687619266,-0.6418131497883105,1.6937567361306989,-0.6467845920628796,-1.022649264569533,1.022649264569533
-0.1263458915481477,-0.030424858175474103,-0.15664112963070437,-0.17946325275549993,-0.10730991598093674,-0.17031799925587016,-0.2454534214936651,-0.1950740328957078,-0.15349367777635808,-0.1784998199874496,-0.22651675153928955,-0.2416697452192212,1.101762687619266,-0.6418131497883105,-0.5904035559937899,1.546109805755517,-1.022649264569533,1.022649264569533
-0.23625987907038817,-0.17264832357527138,-0.13554162096392422,-0.12281458366612241,-0.18617427684121202,-0.13474098671249352,-0.1841478260358579,-0.08014211879977613,-0.19532445152649774,-0.1594281650504107,-0.15128451557800465,-0.12281290363223693,-0.9076364731145878,-0.6418131497883105,-0.5904035559937899,-0.6467845920628796,-1.022649264569533,1.022649264569533
-0.13241836100601098,-0.11832169066871581,-0.1731323384135928,-0.1772116491126094,-0.09097818210917442,-0.16660052626916513,-0.25215391261608566,-0.19220432722032854,-0.13337306683973987,-0.17483892092371,-0.27552110202658586,-0.2367226318339545,1.101762687619266,-0.6418131497883105,-0.5904035559937899,1.546109805755517,0.9778523631178014,-0.9778523631178014
-0.1565259861394783,-0.05236049293850456,-0.1517400938261614,-0.23553167324145496,-0.10437918813986488,-0.05544492581749449,-0.2532908592229524,-0.13233557972594262,-0.12513347159575108,-0.14758073407177896,-0.1392693368858374,-0.15696915175770174,1.101762687619266,-0.6418131497883105,-0.5904035559937899,1.546109805755517,-1.022649264569533,1.022649264569533
-0.09085221278628271,-0.13665661735422274,-0.34239863993178576,-0.15763595952918677,-0.07606882188495324,-0.2108864916119294,-0.2405184808865635,-0.20946577837369193,-0.1377651148176398,-0.15699764602726893,-0.21513640253304525,-0.2816232609870863,1.101762687619266,-0.6418131497883105,-0.5904035559937899,-0.6467845920628796,-1.022649264569533,1.022649264569533
-0.14767031633267758,-0.19410511357930096,-0.14603209958687446,-0.17680639686839353,-0.0495007134158307,-0.14606102488624823,-0.24092004742711468,-0.22950909597584218,-0.15231740364862342,-0.18380231447687842,-0.1881845533384866,-0.24410267390595702,1.101762687619266,-0.6418131497883105,-0.5904035559937899,1.546109805755517,0.9778523631178014,-0.9778523631178014
-0.11477928481094415,-0.1895423800334391,-0.15521579391749202,-0.1226663622387154,-0.06626185331461612,-0.20457629339074151,-0.23957927939150656,-0.2737671297570011,-0.1697944500014857,-0.17544841874609204,-0.14302967868271593,-0.3143608500807291,1.101762687619266,-0.6418131497883105,1.6937567361306989,-0.6467845920628796,-1.022649264569533,1.022649264569533
-0.1316566078951068,-0.1064614935136918,-0.17167322331859186,-0.13905551943326674,-0.017372668739822187,-0.21172122266959573,-0.2579970277198406,-0.2605171565482371,-0.14537862957343772,-0.19135357937531397,-0.19238073354651739,-0.36150394793584084,1.101762687619266,-0.6418131497883105,1.6937567361306989,-0.6467845920628796,-1.022649264569533,1.022649264569533
-0.2168315660384149,-0.19302238567831195,-0.14111920068549816,-0.18768465504130133,-0.2831811782560271,-0.16786509208362504,-0.17855772621362187,-0.13658254750439933,-0.1573070255579815,-0.17961513509405985,-0.15610512371197638,0.009219878135413305,-0.9076364731145878,-0.6418131497883105,-0.5904035559937899,1.546109805755517,0.9778523631178014,-0.9778523631178014
-0.1981253290940252,-0.08647398280026326,-0.14450115667458543,-0.13971285927737434,-0.25276705843444297,-0.18055161950655177,-0.18057508405830708,-0.12760761089671602,-0.2066578218017986,-0.39823281480888156,-0.2790129563051692,-0.131782114524566,-0.9076364731145878,-0.6418131497883105,-0.5904035559937899,1.546109805755517,-1.022649264569533,1.022649264569533
-0.20831487284688066,-0.13926628406194455,-0.13246466845297744,-0.17910150405141143,-0.15581659607166304,-0.1630454745300279,-0.17257339135978964,-0.07404472434299463,-0.20448677288245862,-0.14705830875839318,-0.24454030638542215,-0.0850029593739913,-0.9076364731145878,1.5580858702097802,-0.5904035559937899,-0.6467845920628796,0.9778523631178014,-0.9778523631178014
-0.1434654482832274,-0.14876409349209804,-0.14580437266774843,-0.17219904272128184,-0.04022144433253232,-0.10558726723531409,-0.24856242916564442,-0.22525747777691732,-0.1179582603860073,-0.19666377516944228,-0.14607287892042,-0.2676304886268634,1.101762687619266,1.5580858702097802,-0.5904035559937899,-0.6467845920628796,0.9778523631178014,-0.9778523631178014
-0.22466451107915858,-0.19866211859732064,-0.13194022074611875,-0.18825840038941646,-0.20039166697012326,-0.18045454389167892,-0.1891340139709782,-0.0832421156409569,-0.2029271470008678,-0.16823225562520955,-0.2960569108553456,-0.019085906418223005,-0.9076364731145878,-0.6418131497883105,1.6937567361306989,-0.6467845920628796,0.9778523631178014,-0.9778523631178014
-0.1806687153293735,-0.2423932145708055,-0.14244401700766152,-0.14501676561798257,-0.20956382928213033,-0.17371408205687816,-0.1850198952189807,-0.13403093057985938,-0.19193278473753414,-0.18322463335696898,-0.18876557716752382,-0.14306062467275804,-0.9076364731145878,1.5580858702097802,-0.5904035559937899,-0.6467845920628796,0.9778523631178014,-0.9778523631178014
3.1730826455565193,4.300273621818162,1.7220145433925458,5.118647548349392,5.016416100452022,5.4500737049529855,2.2704716926956157,6.634473758144482,6.304659527011187,4.214500480540024,7.86825844239026,5.161556669672249,-0.9076364731145878,1.5580858702097802,-0.5904035559937899,-0.6467845920628796,0.9778523631178014,-0.9778523631178014
-0.12573741152491905,-0.16087218661834626,-0.14701572302747115,-0.11809513387037088,-0.12625328250523732,-0.18765829855448257,-0.21452151426571003,-0.24270376089026388,-0.17852508940406864,-0.182542113139875,-0.16968027910491906,-0.2115480549324222,1.101762687619266,1.5580858702097802,-0.5904035559937899,-0.6467845920628796,-1.022649264569533,1.022649264569533
-0.1869752605268303,-0.12661730774003035,-0.13562646587439417,-0.2020640432233224,-0.247224296848459,-0.25136771203818403,-0.16470321633679352,-0.13405502160833047,-0.20736829941563414,-0.19116296542715866,-0.1537796486709768,-0.07169708227724081,-0.9076364731145878,-0.6418131497883105,1.6937567361306989,-0.6467845920628796,0.9778523631178014,-0.9778523631178014
-0.12674702452461056,-0.10841872052060768,-0.15803805158297313,-0.24203251792110123,-0.12495037182392162,-0.11236688218444717,-0.23894900280323572,-0.1747009093645029,-0.1461235279167513,-0.15649517499907353,-0.14052911220163203,-0.15679380358149925,1.101762687619266,-0.6418131497883105,-0.5904035559937899,1.546109805755517,0.9778523631178014,-0.9778523631178014
-0.14654521208215326,-0.1583754487534411,-0.15282161110698217,-0.10499428203304205,-0.06505231878756623,-0.19163192144858548,-0.23919053733079793,-0.2816411691202879,-0.166699728110159,-0.19636388734138774,-0.14884644795628818,-0.3130762644703013,1.101762687619266,1.5580858702097802,-0.5904035559937899,-0.6467845920628796,0.9778523631178014,-0.9778523631178014
-0.14373741077873567,-0.10386453517253393,3.9811776550780067,-0.22469718479956263,-0.10378166590847376,-0.13852545396671354,-0.23340394272037698,-0.18415056683579425,-0.1561369602850143,-0.17865930892390128,-0.12123323054241093,-0.18571194440669744,1.101762687619266,-0.6418131497883105,-0.5904035559937899,-0.6467845920628796,0.9778523631178014,-0.9778523631178014
-0.15168337635763993,-0.2520756769901564,-0.3498737002079617,-0.18560882617455332,-0.04957088476173438,-0.15968899070199954,-0.25191836818441177,-0.2077342553070552,-0.16364557558707332,-0.1864145380620706,-0.16495146352329612,-0.26598706453762894,1.101762687619266,1.5580858702097802,-0.5904035559937899,-0.6467845920628796,-1.022649264569533,1.022649264569533
-0.13515660859493236,-0.09510441830347777,-0.14632825051385845,-0.15472153910858846,-0.10711162987675264,-0.13497450256318907,-0.2307538546113435,-0.22616585170888792,-0.13531566415937196,-0.1724222232722731,-0.20486771363649298,-0.2523462270243464,1.101762687619266,-0.6418131497883105,-0.5904035559937899,1.546109805755517,-1.022649264569533,1.022649264569533
-0.12239172384273364,-0.18322065595980333,-0.1612795948802388,-0.1930750143880004,-0.12998524465212744,-0.13906598584581345,-0.24076357095356693,-0.17705951822872554,-0.15792482747453968,-0.17761827676888736,-0.1259471842082787,-0.21135046486755252,1.101762687619266,-0.6418131497883105,-0.5904035559937899,-0.6467845920628796,-1.022649264569533,1.022649264569533
5.095050296636935,8.364033944450762,2.4525604462217134,4.5303250622017694,3.8411279544547647,3.6632780179528854,2.1072040622619546,7.367538792109505,6.094131262157586,6.659997762622539,7.012759161666534,6.956909969552368,-0.9076364731145878,1.5580858702097802,-0.5904035559937899,-0.6467845920628796,-1.022649264569533,1.022649264569533
-0.1922960246220311,-0.09980660697622576,-0.1353571804143799,-0.1900861618088218,-0.2644962103851743,-0.24724411686146888,-0.15649317171129895,-0.11051383271218539,-0.23239711720622228,-0.1657004973337649,-0.0440206163486364,-0.05153076732140177,-0.9076364731145878,-0.6418131497883105,-0.5904035559937899,-0.6467845920628796,-1.022649264569533,1.022649264569533
-0.1427043973487311,-0.24527705347817122,-0.15454524308157688,-0.1528117596474898,-0.08155865124215961,-0.12004192065042306,-0.238864648030355,-0.22489323734609767,-0.12745864463005022,-0.195962765208472,-0.14879943506441753,-0.23371475425079372,1.101762687619266,-0.6418131497883105,1.6937567361306989,-0.6467845920628796,0.9778523631178014,-0.9778523631178014
-0.18929478032067604,-0.17724143742000756,-0.15353031646050075,-0.22517172585912285,-0.0665157278192033,-0.16533333441231762,-0.24582018181691204,-0.19008260346239103,-0.17002362841997126,-0.17408248626509285,-0.1884668589701314,-0.2697205750503782,1.101762687619266,-0.6418131497883105,1.6937567361306989,-0.6467845920628796,-1.022649264569533,1.022649264569533
-0.14173194513303566,-0.2831586623491356,-0.1522981378355376,-0.16957108531856832,-0.20609189947748216,-0.16803993910216797,-0.20619792136576556,-0.11611925362855062,-0.23137969535181493,-0.17754800626835854,-0.1539670399571351,-0.14458375554066547,-0.9076364731145878,1.5580858702097802,-0.5904035559937899,-0.6467845920628796,0.9778523631178014,-0.9778523631178014
-0.13632308081952713,-0.25092363374327,-0.1569042208057123,-0.1504422286940521,-0.09022587921421515,-0.14507282076883782,-0.2521935978777506,-0.23585855399192365,-0.1304828958705764,-0.18128019795623995,-0.17145226553403642,-0.3029412049426597,1.101762687619266,-0.6418131497883105,1.6937567361306989,-0.6467845920628796,0.9778523631178014,-0.9778523631178014
-0.1803135870404551,-0.1640356199021149,-0.13749195873534842,-0.2321668691490735,-0.29856001291401674,-0.17937955744520975,-0.17688763139306093,-0.125589735898114,-0.19022991677710716,-0.18898514548268044,-0.18597963985189575,-0.015828809843816054,-0.9076364731145878,-0.6418131497883105,1.6937567361306989,-0.6467845920628796,0.9778523631178014,-0.9778523631178014
-0.15550352691980754,-0.2654469981987434,-0.15433979338784173,-0.16966271927141421,-0.06829299152855563,-0.10655206887052521,-0.24463387249315552,-0.18654500465919654,-0.1424694901404608,-0.15446129552866597,-0.10320647828927886,-0.22396590371612043,1.101762687619266,1.5580858702097802,-0.5904035559937899,-0.6467845920628796,0.9778523631178014,-0.9778523631178014
2.855496719427109,4.089560806498505,1.397983702429895,7.510835900660415,6.802114976338758,6.049142481191899,1.7118826386115304,3.5646796392079563,5.427616812352023,3.002152442550808,7.230215751482635,4.127998622195374,1.101762687619266,1.5580858702097802,-0.5904035559937899,-0.6467845920628796,-1.022649264569533,1.022649264569533
-0.18631558355888606,-0.2196392516345303,-0.132080805937867,-0.1723483179096004,-0.19706227641259896,-0.15855723759487486,-0.17466896284747682,-0.076127055625562,-0.15915751564707173,-0.15810987218803016,-0.19829506132350389,-0.08745938693055857,-0.9076364731145878,1.5580858702097802,-0.5904035559937899,-0.6467845920628796,0.9778523631178014,-0.9778523631178014
-0.17981779111456594,-0.17852937230355995,-0.14277763915832073,-0.1963199384072432,-0.08273312789099038,-0.2255262429329735,-0.2207592707939984,-0.2742621978490594,-0.18373014586933334,-0.17157938031432224,-0.22553431911034055,-0.25800477883246953,-0.9076364731145878,-0.6418131497883105,-0.5904035559937899,-0.6467845920628796,-1.022649264569533,1.022649264569533
-0.1614463347742445,-0.09086015644700325,-0.15703026714392856,-0.17984356495114848,-0.1605552725871793,-0.14337770698581853,-0.22886206455738634,-0.2090794658220252,-0.1639061882600898,-0.17853717955542941,-0.1762659022309695,-0.19667531366432883,1.101762687619266,-0.6418131497883105,1.6937567361306989,-0.6467845920628796,0.9778523631178014,-0.9778523631178014
-0.16765578694721503,-0.2022745344288596,-0.14736046474681888,-0.14011491718121669,-0.23845547499642097,-0.15676366079289428,-0.20130104664772835,-0.14262652263363526,-0.2450456545628502,-0.1913556851190763,-0.22123292570848196,-0.12924766296590198,-0.9076364731145878,-0.6418131497883105,-0.5904035559937899,1.546109805755517,-1.022649264569533,1.022649264569533
-0.23383627164504306,-0.16830771778329628,-0.12951035079056847,-0.17963039614884238,-0.3006259809619671,-0.18332630844270922,-0.14933419797983452,-0.10422242758116214,-0.19609344822535923,-0.16834403117542004,-0.269225024230943,0.004998992885379713,-0.9076364731145878,-0.6418131497883105,-0.5904035559937899,1.546109805755517,-1.022649264569533,1.022649264569533
-0.13447767894817042,-0.08844602759348823,-0.15399379607619634,-0.16142180667616857,-0.11306854255743777,-0.18878240870953072,-0.23395842356042493,-0.22567943663530216,-0.17501249197106103,-0.17811791529276785,-0.11750834454393298,-0.2167680611263931,1.101762687619266,1.5580858702097802,-0.5904035559937899,-0.6467845920628796,0.9778523631178014,-0.9778523631178014
-0.17452980926381695,-0.18512465038403858,-0.16978337516499797,-0.25265324010376083,-0.08983964062233275,-0.10225827702424084,-0.24564690567580832,-0.1430498608390926,-0.17028587950517338,-0.1790543019322425,-0.18047052324800383,-0.2933736670668007,1.101762687619266,-0.6418131497883105,1.6937567361306989,-0.6467845920628796,-1.022649264569533,1.022649264569533
-0.12600648681535434,-0.12664679330275447,-0.14897378499103703,-0.13516854440875953,-0.10763380749612161,-0.21236181758894485,-0.23785448809179627,-0.2420011172071913,-0.13021052190119867,-0.2008881781973198,-0.23082400409951115,-0.283553517343901,1.101762687619266,1.5580858702097802,-0.5904035559937899,-0.6467845920628796,-1.022649264569533,1.022649264569533
-0.12888885761219213,-0.2039917858305688,-0.15228192530981946,-0.12277430391899052,-0.10152475061874565,-0.218795270218124,-0.2243281936117642,-0.2503399735625069,-0.16018014226963553,-0.18820438825602465,-0.024115965507367148,-0.265603538121131,1.101762687619266,1.5580858702097802,-0.5904035559937899,-0.6467845920628796,0.9778523631178014,-0.9778523631178014
0.040423774737558135,0.7944356836356753,-0.266286164663172,-0.1973604912433649,0.13288895786171603,-0.025693123989516356,-0.3364061033785873,0.013255340908887364,0.21386523119520126,-0.02929896979958744,-0.5286891121978757,-0.7035028189979022,-0.9076364731145878,1.5580858702097802,-0.5904035559937899,-0.6467845920628796,-1.022649264569533,1.022649264569533
-0.2099896398073986,-0.17454008829325074,-0.14386008661177224,-0.11463708026876325,-0.2602177453289834,-0.13568105398667912,-0.18378742416804408,-0.11469710330659631,-0.2054090619194445,-0.19012392722135235,-0.0940823835609202,-0.12640168871523183,-0.9076364731145878,-0.6418131497883105,-0.5904035559937899,1.546109805755517,-1.022649264569533,1.022649264569533
-0.1568562414068281,-0.22359691297672588,-0.14409984425189226,-0.18309546589849024,-0.16088129764788028,-0.11515101629999062,-0.21589342541599152,-0.1626915198437678,-0.12602468918136808,-0.1445234763922248,-0.22018612940466947,-0.1023808462781529,1.101762687619266,-0.6418131497883105,1.6937567361306989,-0.6467845920628796,-1.022649264569533,1.022649264569533
-0.14612410579692534,-0.15905390130998795,-0.16996540241492114,-0.1972752833194235,-0.09115238842744132,-0.13535578723292357,-0.25178131872291387,-0.14735416072634155,-0.15601671850708257,-0.177480974277555,-0.19816813398985497,-0.21676469596745623,1.101762687619266,-0.6418131497883105,-0.5904035559937899,1.546109805755517,-1.022649264569533,1.022649264569533
-0.15560330384905618,-0.099216234271369,-0.15145724660357598,-0.07956373850678335,-0.1274809747216548,-0.20396039332609642,-0.21175491233237043,-0.30814122097587515,-0.1803657753809298,-0.18903821695714826,-0.1374443704211777,-0.2694872230232812,1.101762687619266,-0.6418131497883105,1.6937567361306989,-0.6467845920628796,0.9778523631178014,-0.9778523631178014
3.764445353114222,7.612298613819833,1.625065757386168,5.86109089442795,8.569803882260265,5.699797320794313,1.630441454605408,5.155515124727962,3.8877279147395973,5.148725898149265,4.70294455661998,4.303881100724992,1.101762687619266,-0.6418131497883105,1.6937567361306989,-0.6467845920628796,-1.022649264569533,1.022649264569533
-0.16770033623484373,-0.17626582043031994,-0.13907837427933395,-0.23395850713194227,-0.24600889837707351,-0.18616974972695322,-0.1848237446556857,-0.15346835541858855,-0.2074030116785404,-0.40898572884117396,-0.2701720790306626,-0.036363729282383184,-0.9076364731145878,-0.6418131497883105,-0.5904035559937899,1.546109805755517,0.9778523631178014,-0.9778523631178014
-0.19360094880309073,-0.2716692243861738,-0.1453610516893908,-0.13847741326921276,-0.2077759878415421,-0.1012730082197581,-0.2018610600633328,-0.13868548619753798,-0.21487675591432773,-0.16354759436164804,-0.12598673035438385,-0.09624391825322236,-0.9076364731145878,-0.6418131497883105,-0.5904035559937899,-0.6467845920628796,0.9778523631178014,-0.9778523631178014
-0.13971627548469112,-0.15737748469079094,-0.15930397206004882,-0.17895145564422216,-0.11051307151970872,-0.1527206939873199,-0.2402232665874321,-0.23139444302213683,-0.15176584354402656,1.3089370279610346,-0.12795296575995874,-0.22896254030773738,1.101762687619266,-0.6418131497883105,1.6937567361306989,-0.6467845920628796,-1.022649264569533,1.022649264569533
-0.11365667716236917,-0.17539662568768005,-0.1692415007477166,-0.16076384590226078,-0.07526408104754664,-0.1987633352933073,-0.2432361028549706,-0.2185482155738081,-0.11671548895356705,-0.15002258019312584,-0.12485402859976424,-0.2749115933678883,1.101762687619266,-0.6418131497883105,-0.5904035559937899,-0.6467845920628796,0.9778523631178014,-0.9778523631178014
-0.15887941156679097,-0.24173016806608308,-0.13749577263339624,-0.25770540651295204,-0.24924506136971572,-0.20832348875060844,-0.18116135947173775,-0.12044040638034849,-0.2235215653133898,-0.16913952450965108,-0.2599808677111794,-0.0082449327418794,-0.9076364731145878,1.5580858702097802,-0.5904035559937899,-0.6467845920628796,0.9778523631178014,-0.9778523631178014
-0.2563750550665395,-0.1771464931182096,-0.13753689667540397,-0.1019981044415502,-0.25402021244957596,-0.17277563471315707,-0.17393157633580902,-0.18855637535667322,-0.14550505110968295,-0.19958637190981954,-0.1990158869249137,-0.13096424129554637,-0.9076364731145878,-0.6418131497883105,-0.5904035559937899,1.546109805755517,-1.022649264569533,1.022649264569533
-0.1920362708147009,-0.16925657649991177,-0.14546796732604744,-0.15074289481603573,-0.22820930072007126,-0.12971909533743037,-0.1914492179921765,-0.06449537783910728,-0.22425874410280058,-0.17611818573399918,-0.2218601471494987,-0.15887357283486073,-0.9076364731145878,-0.6418131497883105,1.6937567361306989,-0.6467845920628796,0.9778523631178014,-0.9778523631178014
-0.15490237413583394,-0.1803047101793783,-0.15224496147109995,-0.24560879713096184,-0.13622041533475726,-0.14801840477952033,-0.2384489627033614,-0.14539297744080892,-0.14030454887075805,-0.17031025093402585,-0.21158979642511833,-0.155988879648119,1.101762687619266,-0.6418131497883105,-0.5904035559937899,1.546109805755517,0.9778523631178014,-0.9778523631178014
-0.18120411848139525,-0.15876273437748448,-0.15653691499957353,-0.15626137687339753,-0.027355160402105456,-0.13861742238258834,-0.24266287566837932,-0.23395854778215097,-0.13032730314800986,-0.1747763197368704,-0.15999561465886747,-0.2568311517313231,1.101762687619266,-0.6418131497883105,-0.5904035559937899,1.546109805755517,-1.022649264569533,1.022649264569533
-0.24121152782822378,-0.12589471280967868,-0.14990756380070763,-0.14326698628223333,-0.2704865908209667,-0.1751032183329878,-0.19110941200215223,-0.13278554425951236,-0.2394886224273165,-0.20275960867826262,-0.1985746475831845,-0.12797158909106396,-0.9076364731145878,-0.6418131497883105,-0.5904035559937899,-0.6467845920628796,-1.022649264569533,1.022649264569533
-0.8517890810442584,-0.27711371662424017,-0.1401149949279426,-0.1152740885800847,-0.11226163407946292,-0.09621603141723706,-0.23620715305389692,-0.2423454208605213,-0.11467880403642497,-0.1855480271187611,-0.2364984086325288,-0.2867168194073337,1.101762687619266,-0.6418131497883105,1.6937567361306989,-0.6467845920628796,-1.022649264569533,1.022649264569533
-0.15628163154914285,-0.27206289802235567,-0.15496245819019175,-0.163547715423914,-0.11097976493092898,-0.14734395609360085,-0.24167564125034335,-0.21669027192975643,-0.15416964123807753,-0.1825627473340168,-0.1568883362462975,-0.25271212279968325,1.101762687619266,-0.6418131497883105,-0.5904035559937899,-0.6467845920628796,-1.022649264569533,1.022649264569533
-0.1550339689539861,-0.1709397058276352,-0.1630786150575066,-0.16602825086246428,-0.09581378051841892,-0.20413112366992808,-0.2317907664686381,-0.22266567616433403,-0.16645563329894966,-0.16086454706794187,-0.14051087051536215,-0.21882789811926912,1.101762687619266,1.5580858702097802,-0.5904035559937899,-0.6467845920628796,0.9778523631178014,-0.9778523631178014
-0.13054165282674024,-0.17976962256190632,-0.1587404189095238,-0.1865258063005349,-0.09472325960086996,-0.11120545587076511,-0.24046137573961884,-0.1867593587266795,-0.12910324757416647,-0.17140665425176677,-0.323536674897943,-0.22247703617898518,1.101762687619266,-0.6418131497883105,1.6937567361306989,-0.6467845920628796,-1.022649264569533,1.022649264569533
-0.19669780726580774,-0.185024247250715,-0.14296980069729126,-0.14120408969603576,-0.22952503646049813,-0.1522768847541867,-0.1890080115838321,-0.12535433252257225,-0.21483106312630595,-0.17143483915771746,-0.26034674699311544,-0.12307143405234038,-0.9076364731145878,1.5580858702097802,-0.5904035559937899,-0.6467845920628796,-1.022649264569533,1.022649264569533
-0.1647043380648919,-0.2502004536330906,-0.1460654615941882,-0.14296773286625272,-0.20852773192877802,-0.20561661828078062,-0.1942583323358583,-0.1038872794680905,-0.24460859192918685,-0.19044600401278844,-0.21505214100793996,-0.13191096289831655,-0.9076364731145878,1.5580858702097802,-0.5904035559937899,-0.6467845920628796,0.9778523631178014,-0.9778523631178014
-0.14841372287394985,-0.19438741102892232,-0.16701600206899836,-0.16218094592100876,-0.1556781829398981,-0.11639769740008313,-0.24108102575346438,-0.17309102676041224,-0.17173379692763177,-0.17481286005226102,-0.17503433326379852,-0.20953743261742108,1.101762687619266,-0.6418131497883105,1.6937567361306989,-0.6467845920628796,0.9778523631178014,-0.9778523631178014
-0.18347794270502535,-0.20858919500226814,-0.1475142534142762,-0.08998566116174872,-0.23373534233443402,-0.1427207392269696,-0.19022444345703066,-0.1325245483537698,-0.2566397010039089,-0.18084688389277687,-0.1743797469198774,-0.1483709336797614,-0.9076364731145878,-0.6418131497883105,1.6937567361306989,-0.6467845920628796,-1.022649264569533,1.022649264569533
-0.1553827255304195,-0.2893777215676669,-0.16705331292163422,-0.1875184513646411,-0.06249342894462554,-0.08081826741258052,-0.24050188960148527,-0.22069324622809158,-0.1226592655256576,-0.17202999565181723,-0.04305411439207831,-0.24764838573906747,1.101762687619266,-0.6418131497883105,-0.5904035559937899,-0.6467845920628796,-1.022649264569533,1.022649264569533
-0.20179428311181224,-0.19490430994135466,-0.14036367132575464,-0.11307297510806902,-0.20333449721092256,-0.13484578561981614,-0.18830862359558725,-0.09187465861379591,-0.14192948786713427,-0.18738364115857528,-0.13721942275967675,-0.12986304267549617,-0.9076364731145878,-0.6418131497883105,-0.5904035559937899,1.546109805755517,0.9778523631178014,-0.9778523631178014
-0.18259892546376533,-0.2257106707409562,-0.1366361676342023,-0.19073107777268142,-0.25571520995261127,-0.22487089380423,-0.17430789371473696,-0.1670084994327781,-0.2581642548494449,-0.1752148985368332,-0.2881349160886534,-0.03248202547498002,-0.9076364731145878,1.5580858702097802,-0.5904035559937899,-0.6467845920628796,0.9778523631178014,-0.9778523631178014
-0.10641046426550332,-0.16184805294151774,-0.16774229566440976,-0.2281495288455757,-0.12699149474255175,-0.12056267664549662,-0.24836003049218544,-0.1942203484174051,-0.1603089934274072,-0.19273292718724222,-0.1529696743581209,-0.22658541048262446,1.101762687619266,-0.6418131497883105,1.6937567361306989,-0.6467845920628796,0.9778523631178014,-0.9778523631178014
-0.14650411978822347,-0.22330176601459026,-0.1505474631861801,-0.14856397731797794,0.030904670476704057,-0.1776688105648399,-0.2500480859442747,-0.24245222364931204,-0.13991997622731453,-0.18840720643321104,-0.24844821117929078,-0.37401767625494137,1.101762687619266,-0.6418131497883105,-0.5904035559937899,1.546109805755517,-1.022649264569533,1.022649264569533
-0.19789554597575526,-0.12438207444928176,-0.13519040080161934,-0.16413384561276753,-0.20110667107273378,-0.231328480941798,-0.17450414566143194,-0.17193018783588568,-0.24007441781611258,-0.17415648532712213,-0.08096615162976006,-0.0976212071329062,-0.9076364731145878,-0.6418131497883105,-0.5904035559937899,1.546109805755517,0.9778523631178014,-0.9778523631178014
-0.14336435804219963,-0.1516984923759148,-0.15658180658033866,-0.15926354323097358,-0.11294130489362256,-0.1666169069141885,-0.22771115948074772,-0.23218115486382573,-0.1331669810974867,-0.1641640398517941,-0.24521578060679278,-0.22813298609459767,1.101762687619266,1.5580858702097802,-0.5904035559937899,-0.6467845920628796,0.9778523631178014,-0.9778523631178014
-0.10962412292856737,-0.19081599908503089,-0.16222709993615433,-0.13485734808410557,-0.07539077878130217,-0.2232500284179408,-0.24403292515025587,-0.2773315077458407,-0.14384536295257164,-0.20047595996549955,-0.21575257927094516,-0.3341480147803739,1.101762687619266,-0.6418131497883105,-0.5904035559937899,1.546109805755517,0.9778523631178014,-0.9778523631178014
-0.09790115854242039,-0.11107111901021649,-0.1571086044348337,-0.10787325853467716,-0.014387778760481066,-0.20878295448450393,-0.24012864506292195,-0.2937774637384951,-0.11612978651628718,-0.1815159013781347,-0.16254037042523897,-0.37858658182298116,1.101762687619266,-0.6418131497883105,-0.5904035559937899,-0.6467845920628796,-1.022649264569533,1.022649264569533
-0.13308878521526665,-0.31598779591031234,-0.1722452632775658,-0.16506713931133143,-0.0845392935086926,-0.23245243952312208,-0.24818784572873645,-0.25998892139199864,-0.142801763168227,-0.18039248641547417,-0.26342930632285255,-0.2590603912897708,1.101762687619266,1.5580858702097802,-0.5904035559937899,-0.6467845920628796,-1.022649264569533,1.022649264569533
-0.26796951321189627,-0.1895676228558045,-0.1447170132319919,-0.10920106902334814,-0.18238580637537843,-0.15410263026866264,-0.2024830175242899,-0.12007064149454848,-0.17986877554810868,-0.19243374624822443,-0.18356697796188992,-0.1769322464904096,-0.9076364731145878,1.5580858702097802,-0.5904035559937899,-0.6467845920628796,0.9778523631178014,-0.9778523631178014
-0.14088111733038602,-0.1921382093959309,-0.15585374927528173,-0.16068071414647794,-0.10229160444440359,-0.17631639182544587,-0.24355168398918048,-0.2286676189622344,-0.19210476659268266,-0.20444451315541115,-0.27765912924451336,-0.2572405644435437,1.101762687619266,-0.6418131497883105,-0.5904035559937899,1.546109805755517,-1.022649264569533,1.022649264569533
-0.19163548616743142,-0.1916366537293601,-0.1417816462233509,-0.19562543029367682,-0.22358912377778278,-0.11028236145388405,-0.17085199639654122,-0.1165459052432346,-0.22713427810789716,-0.15843101564327255,-0.15352290297265006,-0.05684492906300927,-0.9076364731145878,-0.6418131497883105,-0.5904035559937899,1.546109805755517,-1.022649264569533,1.022649264569533
-0.09875191623018506,-0.1959055724858443,-0.1489958714445393,-0.09723330134956057,-0.14398254024383955,-0.1847110104575557,-0.22189129755891468,-0.24134194026073993,-0.12262050606740564,-0.1774830962681673,-0.2265450502207965,-0.283298060789435,1.101762687619266,-0.6418131497883105,1.6937567361306989,-0.6467845920628796,0.9778523631178014,-0.9778523631178014
-0.17568390822307062,-0.20859213359911072,-0.1409664570379948,-0.1830132991516855,-0.21495397576035233,-0.17211116850984381,-0.18177947556417903,-0.06715126065545345,-0.24002990287293974,-0.17605200415419298,-0.24696573344338837,-0.11456433846749144,-0.9076364731145878,-0.6418131497883105,1.6937567361306989,-0.6467845920628796,-1.022649264569533,1.022649264569533
-0.15320612218519383,-0.07057180565605418,-0.144519004361111,-0.16984774881292944,-0.14632677392855475,-0.17404594336475007,-0.222293736501102,-0.21905588720118616,-0.1496310497057367,-0.1766359742537519,-0.18562384414929106,-0.143093804718264,-0.9076364731145878,-0.6418131497883105,1.6937567361306989,-0.6467845920628796,-1.022649264569533,1.022649264569533
-0.11086843113891828,-0.10814477330939122,-0.1513446105277458,-0.1656005700557327,-0.0528005077440619,-0.21221945575666928,-0.24082855045607318,-0.24109719158405568,-0.15427171214618574,-0.17872891171647615,-0.1303185653126347,-0.3115961518412981,1.101762687619266,-0.6418131497883105,1.6937567361306989,-0.6467845920628796,0.9778523631178014,-0.9778523631178014
-0.13857946334306653,-0.2021140290321796,-0.1510976059219507,-0.14883348647640313,-0.20147275190415795,-0.20409162593790064,-0.19965491507103686,-0.12121165734226355,-0.2289237494431432,-0.20580104893605503,-0.2163095074374456,-0.20826150452611022,-0.9076364731145878,-0.6418131497883105,-0.5904035559937899,1.546109805755517,-1.022649264569533,1.022649264569533
-0.12046233343110806,-0.186473319770848,-0.15666785822550525,-0.15827006731801418,-0.09872288753333955,-0.17677853454174297,0.8215586548794562,-0.22839632269493182,-0.1589649396085227,-0.18696066597662184,-0.23881556004317586,-0.2636229046246841,1.101762687619266,1.5580858702097802,-0.5904035559937899,-0.6467845920628796,-1.022649264569533,1.022649264569533
-0.18574306319169442,-0.09298545485820928,-0.15586360277951095,-0.17606381682448294,-0.07778373333867106,-0.13904323639178753,-0.24192526640287293,-0.23465538557118118,-0.1602791640574525,-0.19812226749096626,-0.07888580256746401,-0.25111657333305665,1.101762687619266,-0.6418131497883105,-0.5904035559937899,-0.6467845920628796,-1.022649264569533,1.022649264569533
-0.10559576810074676,-0.17157274991964655,-0.1543652106609865,-0.16419098172754734,-0.15415525424258522,-0.1615061655674373,-0.2354773164697157,-0.1548489716404207,-0.16109795345451408,-0.18173382725908904,-0.25087441281240974,-0.24814007842506652,1.101762687619266,-0.6418131497883105,1.6937567361306989,-0.6467845920628796,-1.022649264569533,1.022649264569533
-0.2197014581442171,-0.18662239655527355,-0.1368570481258432,-0.13453897795751654,-0.24523197445546963,-0.16529561327241685,-0.17209650891389866,-0.11716538788917893,-0.19038081074064683,-0.17504934541878067,-0.11536984452281275,-0.08251257593469585,-0.9076364731145878,-0.6418131497883105,-0.5904035559937899,-0.6467845920628796,-1.022649264569533,1.022649264569533
-0.2070453274556393,-0.27394715745584547,-0.14338647585112332,-0.10464173491404521,-0.268465230307449,-0.2047651396736798,-0.20060455199746524,-0.19913293938634272,-0.2161010082408857,-0.21677844241440758,-0.3127631062099869,-0.17750329413350616,-0.9076364731145878,-0.6418131497883105,1.6937567361306989,-0.6467845920628796,0.9778523631178014,-0.9778523631178014
-0.17560356026581517,-0.21358541726816882,-0.16673744471456675,-0.24545780645121862,-0.07445584104660172,-0.06519406064027633,-0.24784863510935046,-0.16075296890291274,-0.15204855542958495,-0.17982501172104137,-0.30621389620398975,-0.19010302056917391,-0.9076364731145878,1.5580858702097802,-0.5904035559937899,-0.6467845920628796,0.9778523631178014,-0.9778523631178014
-0.1365790063870135,-0.18133002473772147,-0.14086292551253793,-0.12886406650925145,-0.09451345788441311,-0.11655052580463093,-0.2364039226899385,-0.23494133008388277,-0.17334740253355202,-0.19676639106484628,-0.1723029897504485,-0.2584085892163044,1.101762687619266,-0.6418131497883105,-0.5904035559937899,1.546109805755517,0.9778523631178014,-0.9778523631178014
-0.12975640739931876,-0.15641522227826124,-0.16304014512505244,-0.1747364548975264,-0.04658469443101257,-0.17924146285919065,8.768744774670092,-0.23630132386755515,-0.1531780209190411,-0.18234341894465758,-0.21326911279756144,-0.2737271894881471,1.101762687619266,1.5580858702097802,-0.5904035559937899,-0.6467845920628796,-1.022649264569533,1.022649264569533
-0.17076863940245451,-0.22707053417563358,-0.1462688413137427,-0.16508823827167737,-0.13227574200039746,-0.1299365695321145,-0.2265371650965451,-0.18900340771502872,-0.16766540924542894,-0.19042644944106446,-0.1417266883279487,-0.19060179135658864,-0.9076364731145878,-0.6418131497883105,1.6937567361306989,-0.6467845920628796,-1.022649264569533,1.022649264569533
-0.1466066288432355,-0.1565984574395098,-0.1681009399269535,-0.15959032411875768,-0.09735231101413805,-0.17782490105114504,-0.24847328499064872,-0.20910036740547752,-0.18167578263842135,-0.17579041644184276,-0.1736011734814136,-0.2550272193995918,1.101762687619266,-0.6418131497883105,-0.5904035559937899,1.546109805755517,0.9778523631178014,-0.9778523631178014
-0.13469358574887821,-0.21829601475462515,-0.14925676988982098,-0.12017886368736733,-0.14291322640154208,-0.24530444121486075,-0.21487368719071767,-0.2905473541753286,-0.16232916644653447,-0.1959207190249475,-0.08065676955747147,-0.2554423467395016,1.101762687619266,-0.6418131497883105,1.6937567361306989,-0.6467845920628796,0.9778523631178014,-0.9778523631178014
-0.15101107056403962,-0.19036425290556053,-0.14149896486126595,-0.16209721567391938,-0.06784475893735056,-0.14435989869436094,-0.23884010089088498,-0.2236444113540224,-0.15683301096392668,-0.1999032861037202,-0.05328823522590364,-0.2740247960072567,1.101762687619266,-0.6418131497883105,-0.5904035559937899,1.546109805755517,-1.022649264569533,1.022649264569533
-0.13686799855995768,-0.15538462091321883,-0.15190097908234532,-0.19507162290371835,-0.17229525244676025,-0.13221043662559018,-0.22579442198516644,-0.14964205688737928,-0.26437277595057135,-0.16972277429642948,-0.24944475969656354,-0.11804000272478475,-0.9076364731145878,-0.6418131497883105,1.6937567361306989,-0.6467845920628796,-1.022649264569533,1.022649264569533
-0.23002511123532013,-0.14539534270677337,-0.14675611536206926,-0.119338057846521,-0.26370380948365996,-0.1386880510634061,-0.18848066894397933,-0.16602116173200726,-0.21613866950355412,-0.1865802230229637,-0.15107134732142896,-0.10990808470672922,-0.9076364731145878,1.5580858702097802,-0.5904035559937899,-0.6467845920628796,0.9778523631178014,-0.9778523631178014
-0.2286358025326801,-0.1334401598910033,-0.13621556710371002,-0.1350371935667116,-0.17961760014850725,-0.12974995432356368,-0.17380314725786758,-0.05664237846221976,-0.1575942193690854,-0.16601668976383485,-0.19967620448576365,-0.144132667300395,-0.9076364731145878,-0.6418131497883105,-0.5904035559937899,1.546109805755517,-1.022649264569533,1.022649264569533
-0.16351578148022808,-0.06135671662207677,-0.13292666240282622,-0.21210545082213056,-0.20421392875536204,-0.210099436120786,-0.17114400325963275,-0.04221580275642762,-0.2218507373285044,-0.15478701973832357,-0.2127146405019996,-0.08067611504180713,-0.9076364731145878,-0.6418131497883105,-0.5904035559937899,-0.6467845920628796,-1.022649264569533,1.022649264569533
-0.15639188144988292,-0.1787036826621325,-0.15871201662872822,-0.226920619544488,-0.13800138672387302,-0.135801320249289,-0.23335218763489826,-0.17828006592155338,-0.16205916481898558,-0.1746373181257198,-0.20861391536868004,-0.13764438706766938,1.101762687619266,1.5580858702097802,-0.5904035559937899,-0.6467845920628796,0.9778523631178014,-0.9778523631178014
-0.20496652744261987,-0.23796179859871205,-0.1575237136507464,-0.19060476071110355,-0.12741604201911874,-0.06296503467397624,-0.2421434807733927,-0.1579781032800053,-0.18182165771505845,-0.1861149966331219,-0.1691550899342472,-0.21253093191317673,1.101762687619266,-0.6418131497883105,-0.5904035559937899,1.546109805755517,-1.022649264569533,1.022649264569533
-0.19602178849759402,-0.2414525028189522,-0.1359842990308955,-0.2517564735559331,-0.3237224719822148,-0.21335759519101044,-0.176998006573193,-0.16214293739323143,-0.17362061280694774,-0.201556066581823,-0.12384747535893233,0.009422848245976594,-0.9076364731145878,-0.6418131497883105,-0.5904035559937899,1.546109805755517,-1.022649264569533,1.022649264569533
-0.13743140268793766,-0.12399503108746392,-0.14355788100019445,-0.15904918415742658,-0.0476658219685207,-0.16199634244476196,-0.23170974840556727,-0.2201272767650864,-0.11997753035362811,-0.1876985688817353,-0.18148734916512102,-0.25753228492528285,1.101762687619266,-0.6418131497883105,1.6937567361306989,-0.6467845920628796,-1.022649264569533,1.022649264569533
-0.12981456644906939,-0.17675500837515265,-0.17292763505966163,-0.0948377160829933,-0.11332505413052527,-0.2620818332325964,-0.23106089339412972,-0.2875962409145475,-0.178101030634309,-0.1816231460009134,-0.12468905922992192,-0.25450976902572486,1.101762687619266,1.5580858702097802,-0.5904035559937899,-0.6467845920628796,-1.022649264569533,1.022649264569533
-0.17070813026934,-0.179953005545718,-0.13647922068602367,-0.18018864456503403,-0.2333177297674418,-0.2620057004018383,-0.1678274252874923,-0.139165302271022,-0.25645323305172935,-0.18180823689895428,-0.19889519415208498,-0.08229081146521877,-0.9076364731145878,-0.6418131497883105,-0.5904035559937899,-0.6467845920628796,0.9778523631178014,-0.9778523631178014
-0.20081021617719416,-0.1631133523458152,-0.14261991156989773,-0.14223188535805942,-0.19148070290700742,-0.08283504361307276,-0.19651090566373014,-0.06119915417525951,-0.1660092001102013,-0.16241431788422728,-0.20083235609138086,-0.15438734306206203,-0.9076364731145878,-0.6418131497883105,1.6937567361306989,-0.6467845920628796,0.9778523631178014,-0.9778523631178014
-0.15710741091053812,-0.1457124986232774,-0.14930071501080663,-0.12372159205108975,-0.1333139629799302,-0.1993957029501933,-0.21671883128940125,-0.2531165468903728,-0.18577651090649266,-0.17140120086480728,-0.19864534949008264,-0.20696905685751596,1.101762687619266,-0.6418131497883105,1.6937567361306989,-0.6467845920628796,-1.022649264569533,1.022649264569533
-0.16630548544679977,-0.11419707830103445,-0.1605647131423461,-0.19539605319171272,-0.11114062416483142,-0.1273572343805635,-0.24439564652852083,-0.1813345192291768,-0.18898653997089415,-0.19717590022616877,-0.2769126895493758,-0.21032974740163526,1.101762687619266,1.5580858702097802,-0.5904035559937899,-0.6467845920628796,-1.022649264569533,1.022649264569533
-0.17099765805604739,-0.09716817269581053,-0.1357232673744935,-0.16418937155382612,-0.17712505105315207,-0.22072335540236346,-0.18440888029007527,-0.12503467398653628,-0.22544613834034227,-0.17180319523967036,-0.2865216229435691,-0.12624479240396808,-0.9076364731145878,1.5580858702097802,-0.5904035559937899,-0.6467845920628796,-1.022649264569533,1.022649264569533
-0.13815271884089536,-0.14502552908731203,-0.15346907755299252,-0.14201506703429476,-0.08842181625052775,-0.21809382902243585,-0.22809820263780833,-0.26554520454447383,-0.1419585590779201,-0.1895734386795246,-0.2592687860158018,-0.24899380020139553,1.101762687619266,-0.6418131497883105,1.6937567361306989,-0.6467845920628796,-1.022649264569533,1.022649264569533
-0.14167787733568588,-0.14143274964574243,-0.1726905709714158,-0.14762655016656892,-0.05642732350766076,-0.18718484868102572,-0.25712718201784074,-0.25402999397130843,-0.17490327806980419,-0.19925156024959256,-0.20114913214693092,-0.32216694492814035,1.101762687619266,-0.6418131497883105,-0.5904035559937899,1.546109805755517,0.9778523631178014,-0.9778523631178014
-0.1100326092731487,-0.17935690917460262,-0.1622917340566128,-0.10052432311396078,-0.1635189380732339,-0.22711199614126934,-0.22748863097258828,-0.2916531011913233,-0.1662510726901821,-0.17196232525211408,-0.22507186612225047,-0.31535584542720424,-0.9076364731145878,-0.6418131497883105,1.6937567361306989,-0.6467845920628796,-1.022649264569533,1.022649264569533
-0.18352573827537416,-0.21076157581297592,-0.14713163874167287,-0.15229201233584397,-0.22434099612462194,-0.10175458197445482,-0.20317585407927735,-0.12623270082254678,-0.22405106417337578,-0.19028435720315257,-0.1792821546665813,-0.11000833694334783,-0.9076364731145878,-0.6418131497883105,-0.5904035559937899,-0.6467845920628796,0.9778523631178014,-0.9778523631178014
-0.20451791122102464,-0.20513451799560384,-0.13132751078382054,-0.14859819119857207,-0.1954955441357591,-0.1490993415821618,-0.1745629409722081,-0.11309698821949069,-0.18782353412413605,-0.15758131758456023,-0.17812464146135618,-0.14650197588602165,-0.9076364731145878,1.5580858702097802,-0.5904035559937899,-0.6467845920628796,0.9778523631178014,-0.9778523631178014
-0.16114108045347467,-0.29470321770216795,-0.14876566156093315,-0.20484534683506375,-0.06969978242502997,-0.1196715971623353,-0.23575771857231495,-0.1913630221665643,-0.1534803788411803,-0.16506824957351393,-0.3073728377772281,-0.1844912357712425,1.101762687619266,-0.6418131497883105,-0.5904035559937899,-0.6467845920628796,-1.022649264569533,1.022649264569533
-0.13221249395428103,-0.22209658182336595,-0.14044671284612528,-0.26945404655464417,-0.2389066135308477,-0.2360392090418253,-0.1887594816540565,-0.13469178227594142,-0.26547825200661856,-0.17054878155547842,-0.10338564284772492,-0.011924819909706022,-0.9076364731145878,1.5580858702097802,-0.5904035559937899,-0.6467845920628796,0.9778523631178014,-0.9778523631178014
-0.19152099274145906,-0.25616187656029543,-0.1416027022462777,-0.14253522393187984,-0.17574500840278534,-0.14244697809376847,-0.18671108056038924,-0.11604893468343404,-0.22834291940265275,-0.18240222846485293,-0.1717003828894096,-0.13018937342828263,-0.9076364731145878,1.5580858702097802,-0.5904035559937899,-0.6467845920628796,0.9778523631178014,-0.9778523631178014
-0.15146336804454097,-0.1791122612893368,-0.15327654453727738,-0.15710913245047473,-0.0751709011353754,-0.11086618901025493,-0.23907423549142412,-0.21267988168910246,-0.15746396887002448,-0.17692146931231753,-0.2665713727446914,-0.23158163244097268,1.101762687619266,-0.6418131497883105,-0.5904035559937899,1.546109805755517,-1.022649264569533,1.022649264569533
-0.19882322334136823,-0.18827836715793406,-0.14568223654540052,-0.16080152265413986,-0.13773629395989181,-0.07565283186454574,-0.2150505561751825,-0.12063487104523876,-0.21511514132536544,-0.1586899097230026,-0.12230575965317231,-0.21221569355388784,-0.9076364731145878,-0.6418131497883105,1.6937567361306989,-0.6467845920628796,-1.022649264569533,1.022649264569533
-0.1666140976864575,-0.16427391272498665,0.08620951000759976,-0.2855185165431014,-0.28837670715818137,8.363769312039597,-0.19512338562686596,-0.5175233281753543,-0.2583050767848365,-0.18648555456297147,-0.10494536710993449,-0.0774069240832145,-0.9076364731145878,-0.6418131497883105,-0.5904035559937899,1.546109805755517,-1.022649264569533,1.022649264569533
-0.19926116143967937,-0.17212613513244895,-0.1520268402885545,-0.08273221837138722,-0.1480358649692302,-0.15915452630116958,-0.20016373353898448,-0.09396434920254362,-0.28803360804542094,-0.16738978171584673,-0.3444863470560632,-0.21131151592790848,-0.9076364731145878,-0.6418131497883105,-0.5904035559937899,1.546109805755517,-1.022649264569533,1.022649264569533
-0.16015083515123998,-0.07340443047866564,-0.1494900680320286,-0.17416580817473706,-0.1747207622157723,-0.12354251836414949,-0.24675084539360642,-0.2066681964066743,-0.1336593100285967,-0.18662361179233777,-0.17755192536686482,-0.2632647375162972,-0.9076364731145878,1.5580858702097802,-0.5904035559937899,-0.6467845920628796,0.9778523631178014,-0.9778523631178014
-0.16543838236956615,-0.20584917053432408,-0.1387143493549148,-0.2050131853698128,-0.2179605477955179,-0.26977878169281716,-0.17299589480097716,-0.14426318291872997,-0.222200038081124,-0.19239641678522315,-0.16053333261748048,-0.09833514655147212,-0.9076364731145878,-0.6418131497883105,-0.5904035559937899,1.546109805755517,0.9778523631178014,-0.9778523631178014
-0.21411937574201867,-0.18914501287029728,-0.1362948472025253,-0.1250360936316734,-0.20777555815463555,-0.12336255787124803,-0.17783701293337903,-0.09311076814313851,-0.17960464960955777,-0.16052453088590485,-0.1525369286211784,-0.120028242896146,-0.9076364731145878,-0.6418131497883105,1.6937567361306989,-0.6467845920628796,0.9778523631178014,-0.9778523631178014
-0.13921472144176167,-0.15613237682292094,-0.1670773938513261,-0.14269563457916173,-0.16686192402725708,-0.1835444671387111,-0.22420363404520197,-0.20051606242061235,5.895263273613659,-0.16412852952164178,-0.05362945609216681,-0.20517340589542965,1.101762687619266,-0.6418131497883105,-0.5904035559937899,-0.6467845920628796,0.9778523631178014,-0.9778523631178014
-0.2113407351668024,-0.18979236026825538,-0.1509818071821416,-0.09360352727701123,-0.19985080449611892,-0.09766721485614638,-0.19430588344808825,-0.10363002405206204,-0.21442419689221176,-0.18291997605333943,-0.2658028584644519,-0.13730924357961652,-0.9076364731145878,-0.6418131497883105,1.6937567361306989,-0.6467845920628796,-1.022649264569533,1.022649264569533
-0.22359391452961577,-0.17341028843011091,-0.13066036120012367,-0.19116073715276782,-0.26510026547894316,-0.1974590495153098,-0.16249111763114119,-0.10989297217092646,-0.1754819774749686,-0.16759722287179085,-0.11139603481930928,-0.02008347864868911,-0.9076364731145878,-0.6418131497883105,1.6937567361306989,-0.6467845920628796,0.9778523631178014,-0.9778523631178014
-0.20992091633194807,-0.13785649542135708,-0.13903016443187263,-0.15868177505115857,-0.19904877003546184,-0.221869041082649,-0.1919321433114905,-0.12912655166770187,-0.21896737373887804,-0.18100117719924813,-0.23641517000159085,-0.11762076516484073,-0.9076364731145878,1.5580858702097802,-0.5904035559937899,-0.6467845920628796,-1.022649264569533,1.022649264569533
-0.1495419832752643,-0.09709567552574892,-0.15048559820585602,-0.16127467740836943,-0.1302244328492048,-0.16386363922143002,-0.2454609880488418,-0.19403948934543602,-0.14643583037092067,-0.19747548203208065,-0.05317733772297788,-0.24168281472993464,-0.9076364731145878,-0.6418131497883105,-0.5904035559937899,1.546109805755517,-1.022649264569533,1.022649264569533
-0.18282040308676695,-0.05528534476308946,-0.1319324286147693,-0.2514091140334054,-0.24318949685747085,-0.22041183164583214,-0.16283637618557878,-0.10476720762987625,-0.20719261016265497,-0.16115814096238104,-0.1810066179293425,-0.0012137479338080244,-0.9076364731145878,-0.6418131497883105,1.6937567361306989,-0.6467845920628796,-1.022649264569533,1.022649264569533
-0.23903947223961577,-0.18922274322949886,-0.13664928625246525,-0.18554083866381574,-0.27171974234591156,-0.20481185943759322,-0.17220427143130365,-0.1040735702890981,-0.20215896170133488,-0.1840095309087514,-0.23805821581907705,-0.035889241567470635,-0.9076364731145878,-0.6418131497883105,-0.5904035559937899,-0.6467845920628796,-1.022649264569533,1.022649264569533
-0.10666591287534456,-0.2812329417128981,-0.15788949224611046,-0.2048200861332065,-0.1972400149669726,-0.15517826127466738,-0.22888822211280688,-0.16886210647957695,-0.14813819043053092,-0.17406727589872376,-0.24156039891076866,-0.16002473845279444,1.101762687619266,-0.6418131497883105,-0.5904035559937899,-0.6467845920628796,0.9778523631178014,-0.9778523631178014
-0.18225731053835045,-0.19086390666233857,-0.14425968099403416,-0.18547514202113596,-0.21642122153545273,-0.2486598486116038,-0.18567176730911694,-0.16950264998574632,-0.22714543608558585,-0.19934292248280328,-0.1524632833333985,-0.0642530474453591,-0.9076364731145878,-0.6418131497883105,-0.5904035559937899,1.546109805755517,0.9778523631178014,-0.9778523631178014
-0.19815831972052075,-0.20047905114426043,-0.13842466267733095,-0.18292058250495336,-0.1831251765442461,-0.17638177913511824,-0.18422817127257285,-0.14180122269223283,-0.22699519437899995,-0.156824995932563,-0.1216590371812126,-0.06595088652673504,-0.9076364731145878,1.5580858702097802,-0.5904035559937899,-0.6467845920628796,-1.022649264569533,1.022649264569533
-0.19263902350964895,-0.18068234316229717,-0.1359045357408944,-0.21758936570633697,-0.22732723280541126,-0.10477770563683715,-0.18628600221151775,-0.04336364641438524,-0.19143050966336628,-0.17773633623403207,-0.18709576771311562,-0.042090303689555505,-0.9076364731145878,-0.6418131497883105,-0.5904035559937899,-0.6467845920628796,0.9778523631178014,-0.9778523631178014
-0.1431776128818615,-0.1849402786619601,-0.15473350531642,-0.16979509384605504,-0.134269237622083,-0.1788275134804942,-0.23005043706970663,-0.22214581236211137,-0.1611622154111037,-0.18212498290899726,-0.1598885417633305,-0.20539528082921074,1.101762687619266,-0.6418131497883105,1.6937567361306989,-0.6467845920628796,-1.022649264569533,1.022649264569533
-0.20314719212647875,-0.18474559763469775,-0.14221052604149984,-0.21658549037157035,-0.3116597398896093,-0.18180968949618642,-0.18205869496752636,-0.16342629721927662,-0.2219411131373333,-0.1871408591602318,-0.10644107397092815,0.008817831702883229,-0.9076364731145878,-0.6418131497883105,1.6937567361306989,-0.6467845920628796,0.9778523631178014,-0.9778523631178014
-0.18619816158598662,-0.12666363849741002,-0.1378733030804191,-0.16788102584203107,-0.21627884728326977,-0.13833024024561869,-0.17911036278355955,-0.0862567287673078,-0.20257160907197685,-0.18055283803155484,-0.10509007234066019,-0.04446779607718825,-0.9076364731145878,1.5580858702097802,-0.5904035559937899,-0.6467845920628796,-1.022649264569533,1.022649264569533
-0.23569338560312192,-0.13471645453397135,-0.14318530523665338,-0.14892901805494005,-0.20888357966336352,-0.13171309639943765,-0.18294185194890264,-0.10988411914663136,-0.20603523222636255,-0.18437645190135668,-0.18881189537422824,-0.12834301755252067,-0.9076364731145878,-0.6418131497883105,1.6937567361306989,-0.6467845920628796,0.9778523631178014,-0.9778523631178014
-0.16773905894569754,-0.2943253608503005,-0.1402134903513532,-0.25697541503571486,-0.19159615825553125,-0.19698221141849928,-0.17385097749150305,-0.10797028120620823,-0.2305401343209365,-0.1620321822750954,-0.1349170256268037,-0.002343795708690837,-0.9076364731145878,-0.6418131497883105,1.6937567361306989,-0.6467845920628796,0.9778523631178014,-0.9778523631178014
-0.11090526850511224,-0.14212074169190664,-0.1627962120348318,-0.13651865640048827,-0.15281328903053318,-0.24333623109473027,-0.22485762077957777,-0.24242260959575257,-0.18126934169507822,-0.1763412316790817,-0.25768747289137467,-0.23425466646397605,1.101762687619266,-0.6418131497883105,-0.5904035559937899,1.546109805755517,-1.022649264569533,1.022649264569533
-0.11835202294237385,-0.19385503139772678,10.184300332333201,-0.18248908525131605,-0.08988325124842826,-0.21907854356333636,-0.2449588970251415,-0.2587264926586134,-0.1651633588227112,-0.18393878541685477,-0.1133045175020783,-0.18184199215719057,-0.9076364731145878,-0.6418131497883105,1.6937567361306989,-0.6467845920628796,0.9778523631178014,-0.9778523631178014
-0.13133415285046568,-0.1910787389731554,-0.1578166593585476,-0.19020769441825464,-0.07176245592733554,-0.16458525319435044,-0.23011986974025436,-0.20371232198695233,-0.1380151013798877,-0.16448286993576558,-0.1868776986463203,-0.18669864006665424,1.101762687619266,-0.6418131497883105,-0.5904035559937899,-0.6467845920628796,-1.022649264569533,1.022649264569533
-0.14069264698036144,-0.24737645034226294,-0.14996733669284062,-0.19500741829512155,-0.1940909354442763,-0.1639817712852531,-0.21399449072629503,-0.19082798848386176,-0.1481282739146066,-0.16691225907685556,-0.0996783433657902,-0.12315156196418535,1.101762687619266,-0.6418131497883105,1.6937567361306989,-0.6467845920628796,-1.022649264569533,1.022649264569533
-0.19616019476518598,-0.1441057571580018,-0.14402295700287307,-0.14134642507833828,-0.2619591141021734,-0.16471738721116982,-0.18899398385355332,-0.12443473587183528,-0.2027929105483399,-0.18961157561218214,-0.16118924596591847,-0.10893378229943015,-0.9076364731145878,-0.6418131497883105,1.6937567361306989,-0.6467845920628796,-1.022649264569533,1.022649264569533
-0.16363234410420793,-0.2022789702398108,-0.16111950930868216,-0.2459332423126429,-0.14873588377415842,-0.1835353109585192,8.768744774670092,-0.16676108872489326,5.895263273613659,-0.15075478563662856,-0.07656329158036403,-0.12113670337419383,1.101762687619266,-0.6418131497883105,1.6937567361306989,-0.6467845920628796,-1.022649264569533,1.022649264569533
-0.15059485462037628,-0.18757286772487577,-0.1500838592508494,-0.179160172541066,-0.24477044094624803,-0.16023534690878474,-0.20432799183120262,-0.1431811319254681,-0.24481852600209253,-0.1863961815718574,-0.15127040131085065,-0.10739036505633692,-0.9076364731145878,-0.6418131497883105,1.6937567361306989,-0.6467845920628796,0.9778523631178014,-0.9778523631178014
-0.1403754218448863,-0.23947886432120222,-0.15385260608301743,-0.18563177508821105,-0.1144251118633119,-0.1775731844948413,-0.2417418491287816,-0.20647694807768735,-0.1476047841903512,-0.1693561380065832,-0.08221082329538187,-0.21631364972354286,1.101762687619266,1.5580858702097802,-0.5904035559937899,-0.6467845920628796,-1.022649264569533,1.022649264569533
-0.4383006211822754,-0.2673090067662118,-0.14228245813332557,-0.28337738218028563,-0.1749049320960624,-0.03728092344327748,-0.23776739282693785,-0.0948079516428062,-0.18470761728097654,-0.1553906067288895,-0.11958185452647392,-0.030596525917111095,1.101762687619266,-0.6418131497883105,-0.5904035559937899,-0.6467845920628796,-1.022649264569533,1.022649264569533
-0.2061566489308171,-0.1499639501503315,-0.1301288913898774,-0.23900638469512916,-0.24128506761233948,-0.19046533413939157,-0.16745102682950153,-0.11325878756861231,-0.18204386000323464,-0.40328683831131074,-0.24470240242138744,-0.0036362306361939645,-0.9076364731145878,-0.6418131497883105,-0.5904035559937899,-0.6467845920628796,-1.022649264569533,1.022649264569533
-0.12584291228489983,-0.1427745039901359,-0.1539357433975143,-0.2350325373696762,-0.13042813280918827,-0.08247557753095654,-0.23380683353827583,-0.14030771071729486,-0.11907087921765022,-0.16439136903556853,-0.007367271423447038,-0.18615365169011577,1.101762687619266,-0.6418131497883105,1.6937567361306989,-0.6467845920628796,-1.022649264569533,1.022649264569533
-0.15075179705547137,-0.14815445629274893,-0.15520733552514993,-0.14873937803237977,-0.10721522289835497,-0.18374429034854545,-0.23287151834669098,-0.23146688301023716,-0.1311282021102275,-0.17222616102668284,-0.16862981778868333,-0.24736262520684876,1.101762687619266,1.5580858702097802,-0.5904035559937899,-0.6467845920628796,-1.022649264569533,1.022649264569533
-0.18432118035331407,-0.19827899868124782,-0.15149783954251053,-0.14465948676151064,-0.2146662905473968,-0.1408180882265404,-0.21080828446718627,-0.15559049796664745,-0.24873813160282393,-0.18345740147371048,-0.1377178100059164,-0.1325738919566592,-0.9076364731145878,1.5580858702097802,-0.5904035559937899,-0.6467845920628796,0.9778523631178014,-0.9778523631178014
-0.8452496099518275,-0.17655199434701666,-0.13437822579730468,-0.15743149329284317,-0.1789251128238408,-0.1407368623316642,5.82832414115263,-0.06588155297566238,-0.17893579474529797,-0.15520811589686975,-0.24705880296581847,-0.12972060870529994,-0.9076364731145878,-0.6418131497883105,-0.5904035559937899,1.546109805755517,-1.022649264569533,1.022649264569533
-0.1764120747832486,-0.23162673539396508,-0.16525934883929014,-0.1326193775586629,-0.1099028701137086,-0.15866254085101575,-0.24230949329431886,-0.24320484812544518,-0.17571801472352322,-0.19341526956857485,-0.049932922366197424,-0.25618942951369483,1.101762687619266,-0.6418131497883105,-0.5904035559937899,-0.6467845920628796,0.9778523631178014,-0.9778523631178014
-0.1892556586515412,-0.27952425423269545,-0.1477693097895367,-0.1291994453424795,-0.23712220128030992,-0.1512188753922828,-0.1898460949162125,-0.09882401743132063,-0.2421076341118691,-0.18146563223832973,-0.1997473154932212,-0.14005845720425902,-0.9076364731145878,-0.6418131497883105,-0.5904035559937899,-0.6467845920628796,-1.022649264569533,1.022649264569533
-0.1445080688628659,-0.2669661659975022,-0.1462860884748672,-0.08513011415948335,-0.0302269440430458,-0.1957093808434614,-0.24579404899346066,-0.28587186437229867,-0.13599459560304433,-0.19664326346724798,-0.14832589993242123,-0.346804477791042,1.101762687619266,1.5580858702097802,-0.5904035559937899,-0.6467845920628796,0.9778523631178014,-0.9778523631178014
-0.14990398875209301,-0.2241600375650801,-0.15616999980225774,-0.15195906826918118,-0.10895885219601999,-0.2570589362901703,-0.22081097247485962,-0.2523600394697821,-0.17327085886085045,0.1251904580532556,-0.02387327695436108,-0.2231560875659642,1.101762687619266,1.5580858702097802,-0.5904035559937899,-0.6467845920628796,0.9778523631178014,-0.9778523631178014
-0.18600161650140376,-0.2159160621439573,-0.13386593358842216,-0.12834931175987124,-0.14461711007681155,-0.15231379971387235,-0.18270896105772613,-0.08358241519942394,-0.20642276257870432,-0.1520387278084387,-0.010191062175109922,-0.15773711481607303,-0.9076364731145878,1.5580858702097802,-0.5904035559937899,-0.6467845920628796,-1.022649264569533,1.022649264569533
-0.14237106211034395,-0.13246712502819133,-0.15676882421800503,-0.09739803418242242,-0.1435913431848493,-0.15704424625917024,-0.1889596259556285,-0.14026692979770333,-0.2791463181967068,-0.18912415157445206,-0.15810646837475092,-0.12124424793210652,-0.9076364731145878,1.5580858702097802,-0.5904035559937899,-0.6467845920628796,-1.022649264569533,1.022649264569533
-0.4815268037134762,-0.12289078039000453,-0.14753973813903462,-0.14646253884546648,-0.15288140645363046,-0.15769895556709965,-0.21592934405648614,-0.1967924638392375,-0.16128403685916798,-0.15984809749644271,-0.07127589494349945,-0.18590564089197695,1.101762687619266,1.5580858702097802,-0.5904035559937899,-0.6467845920628796,-1.022649264569533,1.022649264569533
-0.09670123932759032,0.004153744644902549,-0.16519923569747372,-0.1993240985243663,-0.09715624489494334,-0.2049746532500094,-0.2408763599479778,-0.20705582245221055,-0.1380943049298456,-0.15485153332863552,-0.09696042825297471,-0.23205762348805875,1.101762687619266,1.5580858702097802,-0.5904035559937899,-0.6467845920628796,-1.022649264569533,1.022649264569533
-0.18995022293371114,-0.07374170050547604,-0.12716136156664198,-0.20350809092455938,-0.21033294762114121,-0.2180202094357016,-0.16105922053393312,-0.10822460908323582,-0.2217321728081941,-0.14843211688443714,-0.19431196524381997,-0.03249500613439427,-0.9076364731145878,-0.6418131497883105,1.6937567361306989,-0.6467845920628796,0.9778523631178014,-0.9778523631178014
-0.1226579453920224,-0.14357328171161063,-0.15200239576695915,-0.18951496499649056,-0.13953488476667988,-0.11419584609149931,-0.23884960979817085,-0.18589977856220757,-0.16128611492340092,-0.18344916580018908,-0.05702618913760232,-0.19947416388111477,1.101762687619266,-0.6418131497883105,1.6937567361306989,-0.6467845920628796,-1.022649264569533,1.022649264569533
-0.15023890008332694,-0.1671826268870936,-0.14777009010502226,-0.20920739326344145,-0.24025380759165038,-0.20963059940189083,-0.2011754193084139,-0.17315252522115465,-0.2807717805094055,-0.1817867133547563,-0.19345731831313948,-0.057516344753064885,-0.9076364731145878,-0.6418131497883105,-0.5904035559937899,1.546109805755517,0.9778523631178014,-0.9778523631178014
-0.12857503928435715,-0.2291243743518627,-0.15864666731768934,-0.14229750439967706,-0.077178362429137,-0.18548459442209572,-0.23698304971728365,-0.23530523373398757,-0.13877807269725978,-0.1800661789167551,-0.1267715000498853,-0.2937552294345229,1.101762687619266,-0.6418131497883105,-0.5904035559937899,1.546109805755517,0.9778523631178014,-0.9778523631178014
-0.14959598980474859,-0.16841203912611757,-0.15282355342255663,-0.17916217102490198,-0.10572302521482058,-0.14192627208949868,-0.22791421939161643,-0.17684595977598813,-0.15039078565730876,-0.14766241449629974,-0.19450004189267386,-0.18245137806918046,1.101762687619266,1.5580858702097802,-0.5904035559937899,-0.6467845920628796,0.9778523631178014,-0.9778523631178014
-0.0997362820971525,-0.18667194403263712,-0.15109214666702225,-0.17994836851546042,-0.13206092832936345,-0.20606508181214567,-0.22585326590150417,-0.21829851076555248,-0.17118188729079853,-0.1768744539495175,-0.14679198732074744,-0.21469609299713652,-0.9076364731145878,-0.6418131497883105,1.6937567361306989,-0.6467845920628796,0.9778523631178014,-0.9778523631178014
-0.1345037313546592,-0.2119717392324047,-0.1607040412355431,-0.1626338150085904,-0.03390217143935709,-0.18188111352274686,-0.2536841646416039,-0.2580469048695431,-0.11362244768859885,-0.1904644693604072,-0.14688631570356914,-0.3259029522735565,-0.9076364731145878,-0.6418131497883105,1.6937567361306989,-0.6467845920628796,-1.022649264569533,1.022649264569533
-0.1966929372130382,-0.2017290363232478,-0.1347090583831358,-0.1867294940773132,-0.22854191453934056,-0.2582976482627567,-0.16975942847915662,-0.10613933382304638,-0.2233971804823049,-0.16448478088745053,-0.08719451822401689,-0.0918354175609143,-0.9076364731145878,-0.6418131497883105,-0.5904035559937899,1.546109805755517,-1.022649264569533,1.022649264569533
-0.18693327604687418,-0.19149421776528958,-0.14124879199541573,-0.16962440256254083,-0.23256387883306698,-0.12009641945864442,-0.19488920251674768,-0.13757117094409066,-0.19668540558625025,-0.17876441357644388,-0.18889701265001085,-0.10065091186528256,-0.9076364731145878,1.5580858702097802,-0.5904035559937899,-0.6467845920628796,-1.022649264569533,1.022649264569533
-0.1735899152700035,-0.24576808629407423,-0.14136255476573556,-0.17294437879142063,-0.23840561569843474,-0.239834271892404,-0.1760080501881817,-0.13912810722742866,-0.20787948860865876,-0.40228249727463317,-0.22029081813501336,-0.1050678571732693,-0.9076364731145878,1.5580858702097802,-0.5904035559937899,-0.6467845920628796,0.9778523631178014,-0.9778523631178014
-0.13754592636019639,-0.16034576612818985,-0.14698247229097033,-0.13912428122189077,-0.12997080345983908,-0.17926712730427163,-0.22570315287949705,-0.23654468823493335,-0.17357700517103788,-0.18894567164166157,-0.12498081009632951,-0.25232594532418195,1.101762687619266,-0.6418131497883105,-0.5904035559937899,1.546109805755517,0.9778523631178014,-0.9778523631178014
-0.19177033431199983,-0.17624134329422814,-0.13399957047835206,-0.20556922294696098,-0.26769690249083616,-0.21147954297048377,-0.17283531873875724,-0.10624298025272387,-0.1908875020166191,-0.18609569160506387,-0.053908409509211636,-0.05554333721069094,-0.9076364731145878,-0.6418131497883105,1.6937567361306989,-0.6467845920628796,-1.022649264569533,1.022649264569533
-0.13771596771871247,-0.20221500549609553,-0.15754618862673925,-0.15452769286070386,-0.10486695960740124,-0.10301714725500369,-0.24944085686867018,-0.23097868315980888,-0.13854172075852483,-0.18702531596099764,-0.27387484168366955,-0.25754217228857224,1.101762687619266,-0.6418131497883105,-0.5904035559937899,-0.6467845920628796,0.9778523631178014,-0.9778523631178014
-0.1331149978983441,-0.21296441395280666,-0.13719755985895218,-0.20091501202496104,-0.14603367483699253,-0.1978319922462733,-0.21064249888221678,-0.09724700828829866,-0.264866438884667,-0.138686710310804,-0.22473398731020394,-0.09532450158112213,-0.9076364731145878,1.5580858702097802,-0.5904035559937899,-0.6467845920628796,0.9778523631178014,-0.9778523631178014
-0.14858907700226195,-0.1822128695939087,-0.1459541041619009,-0.15601597665706582,-0.23362776984592704,-0.15847487732700832,-0.2015400935995347,-0.1267894916772755,-0.19427155041963565,-0.18658258484473095,-0.06431107200040692,-0.0970096285436065,-0.9076364731145878,-0.6418131497883105,-0.5904035559937899,1.546109805755517,0.9778523631178014,-0.9778523631178014
-0.1378821124253205,-0.11560341281279145,-0.15673406981720966,-0.2113799410631529,-0.032466648890734466,-0.1720679211230974,-0.25412271144732973,-0.18339822158428262,-0.12244384674762296,-0.1786365222514752,-0.18109628040669776,-0.25968014987831284,1.101762687619266,-0.6418131497883105,1.6937567361306989,-0.6467845920628796,-1.022649264569533,1.022649264569533
-0.258159446238402,-0.3048517165590473,-0.0340849048271532,0.2724186717511128,-0.4737469800722312,-1.053713132550282,0.41788632852231505,0.37881829555342506,-0.9021674084916361,0.04005451950919711,0.39701485251528457,0.09627124412905082,-0.9076364731145878,1.5580858702097802,-0.5904035559937899,-0.6467845920628796,0.9778523631178014,-0.9778523631178014
-0.2105597477265508,-0.20213424356477047,-0.13940463808514195,-0.09913264357460425,-0.26689129725289723,-0.17152703993902793,0.8318705524218362,-0.1430114587937574,-0.20686513638141907,-0.1832931136045048,-0.1842986996844768,-0.08831426572891625,-0.9076364731145878,-0.6418131497883105,-0.5904035559937899,1.546109805755517,-1.022649264569533,1.022649264569533
-0.19528431883521558,-0.1694585807388442,-0.1385280407080852,-0.1381861682222759,-0.19840869683413193,-0.1976502369251866,-0.1704934884071024,-0.0753064135416483,-0.21513488697814315,-0.1730079391151009,-0.2457085547533539,-0.14460020963826423,-0.9076364731145878,-0.6418131497883105,-0.5904035559937899,1.546109805755517,-1.022649264569533,1.022649264569533
-0.17166088658487974,-0.17645644163807042,-0.14130648367097093,-0.21069461320391145,-0.21024207823330432,-0.1699649259066662,-0.17216501868719492,-0.07554924838180219,-0.21220157017349522,-0.17988288981323922,-0.1088326896737872,-0.06751596023211051,-0.9076364731145878,1.5580858702097802,-0.5904035559937899,-0.6467845920628796,0.9778523631178014,-0.9778523631178014
-0.1420351928711442,-0.23434791582475903,-0.1505788186794973,-0.1986794829842483,-0.12850027549280887,-0.18958552210558863,-0.2315004451321854,-0.2148799462099992,-0.1318085367313135,-0.16525366976556874,-0.13441269757391194,-0.15190654318803223,1.101762687619266,-0.6418131497883105,-0.5904035559937899,-0.6467845920628796,0.9778523631178014,-0.9778523631178014
-0.152598801710462,-0.18866550346862584,-0.1694401394439312,-0.1653693535870024,-0.12078831486836249,-0.16862173474947242,-0.23483001202389656,-0.15769295970714428,-0.13801208934510495,-0.18652180764524884,-0.2566034224234982,-0.18103376739583488,1.101762687619266,-0.6418131497883105,-0.5904035559937899,1.546109805755517,0.9778523631178014,-0.9778523631178014
-0.17188125005173796,-0.03597757310816954,-0.1463899332319758,-0.15655802541169764,-0.25922266602699057,-0.204775148229938,-0.17694012230282394,-0.13953757491592778,-0.21112617996609487,-0.17748061076814492,-0.07637663626816177,-0.07829338918508237,-0.9076364731145878,-0.6418131497883105,-0.5904035559937899,1.546109805755517,-1.022649264569533,1.022649264569533
-0.15924867936010692,-0.22767040604210909,-0.1337398136761658,-0.16990563115521373,-0.1897478533427707,-0.14216203288069126,-0.17567335448651164,-0.14244118020347707,-0.24102788098326008,-0.16073782397520203,-0.061506607204910045,-0.1031158941760637,-0.9076364731145878,-0.6418131497883105,-0.5904035559937899,1.546109805755517,0.9778523631178014,-0.9778523631178014
-0.1084597703883124,-0.13674775166344766,-0.15278569585254376,-0.19659846465715713,-0.1789109598882751,-0.20253061402612998,-0.22194360253471085,-0.16924990268349546,-0.14943091868545882,-0.16441479948092474,-0.1556452235007948,-0.17750228601941123,1.101762687619266,1.5580858702097802,-0.5904035559937899,-0.6467845920628796,0.9778523631178014,-0.9778523631178014
-0.21873529296787983,-0.13017620433478047,-0.143772837141999,-0.12471108697704857,-0.19481616645222863,-0.11827157802173383,-0.19000100078980955,-0.09899060869438397,-0.20172701072561064,-0.1692927486273272,-0.03611872733453584,-0.13898884025144775,-0.9076364731145878,-0.6418131497883105,1.6937567361306989,-0.6467845920628796,0.9778523631178014,-0.9778523631178014
-0.20688603289219046,-0.17377985313160588,10.184300332333201,-0.11562719175268697,-0.2110359910354073,-0.22285980281411183,5.0631397473298225,-0.13515093576717316,-0.21442032126168672,-0.18218883770951189,-0.18337922512771676,-0.14009496852524342,-0.9076364731145878,-0.6418131497883105,-0.5904035559937899,1.546109805755517,-1.022649264569533,1.022649264569533
